308,78,1317,18.5,20.414,7.2875,88.103,0
308,78,1317,19,20.417,7.278,87.46,0.5
308,78,1317,19.5,20.442,7.278,87.138,1
308,78,1317,20,20.442,7.278,87.138,1.5
308,78,1317,20.5,20.451,7.2875,87.138,2
308,78,1317,21,20.46,7.2971,87.138,2.5
308,78,1317,21.5,20.442,7.278,86.817,3
308,78,1317,22,20.454,7.278,86.817,3.5
308,78,1317,22.5,20.488,7.2875,87.138,4
308,78,1317,23,20.488,7.2875,86.817,4.5
308,78,1317,23.5,20.479,7.278,86.817,5
308,78,1317,24,20.51,7.2971,86.817,5.5
308,78,1317,24.5,20.51,7.2971,86.817,6
308,78,1317,25,20.501,7.2875,86.817,6.5
308,78,1317,25.5,20.501,7.2875,86.817,7
308,78,1317,26,20.51,7.2971,86.817,7.5
308,78,1317,26.5,20.491,7.278,87.138,8
308,78,1317,27,20.501,7.2875,86.817,8.5
308,78,1317,27.5,20.522,7.2971,86.817,9
308,78,1317,28,20.501,7.2875,87.138,9.5
308,78,1317,28.5,20.513,7.2875,86.817,10
308,78,1317,29,20.535,7.2971,86.817,10.5
308,78,1317,29.5,20.535,7.2971,87.138,11
308,78,1317,30,20.526,7.2875,86.817,11.5
308,78,1317,30.5,20.535,7.2971,87.138,12
308,78,1317,31,20.569,7.3066,87.138,12.5
308,78,1317,31.5,20.55,7.2875,87.138,13
308,78,1317,32,20.55,7.2875,87.138,13.5
308,78,1317,32.5,20.56,7.2971,87.138,14
308,78,1317,33,20.569,7.3066,87.138,14.5
308,78,1317,33.5,20.569,7.3066,87.138,15
308,78,1317,34,20.569,7.3066,87.138,15.5
308,78,1317,34.5,20.56,7.2971,87.138,16
308,78,1317,35,20.569,7.3066,87.138,16.5
308,78,1317,35.5,20.569,7.3066,87.138,17
308,78,1317,36,20.569,7.3066,87.138,17.5
308,78,1317,36.5,20.569,7.3066,87.138,18
308,78,1317,37,20.56,7.2971,87.138,18.5
308,78,1317,37.5,20.569,7.3066,87.138,19
308,78,1317,38,20.578,7.3162,87.138,19.5
308,78,1317,38.5,20.569,7.3066,87.138,20
308,78,1317,39,20.569,7.3066,87.138,20.5
308,78,1317,39.5,20.569,7.3066,87.138,21
308,78,1317,40,20.56,7.2971,87.138,21.5
308,78,1317,40.5,20.569,7.3066,87.138,22
308,78,1317,41,20.578,7.3162,87.138,22.5
308,78,1317,41.5,20.578,7.3162,87.138,23
308,78,1317,42,20.578,7.3162,87.138,23.5
308,78,1317,42.5,20.578,7.3162,87.138,24
308,78,1317,43,20.56,7.2971,87.138,24.5
308,78,1317,43.5,20.56,7.2971,87.138,25
308,78,1317,44,20.56,7.2971,87.138,25.5
308,78,1317,44.5,20.578,7.3162,87.138,26
308,78,1317,45,20.56,7.2971,87.138,26.5
308,78,1317,45.5,20.569,7.3066,87.138,27
308,78,1317,46,20.578,7.3162,87.138,27.5
308,78,1317,46.5,20.569,7.3066,87.138,28
308,78,1317,47,20.578,7.3162,87.138,28.5
308,78,1317,47.5,20.578,7.3162,87.138,29
308,78,1317,48,20.588,7.3257,87.138,29.5
308,78,1317,48.5,20.588,7.3257,87.138,30
308,78,1317,49,20.591,7.3162,87.138,30.5
308,78,1317,49.5,20.569,7.3066,87.138,31
308,78,1317,50,20.578,7.3162,87.138,31.5
308,78,1317,50.5,20.578,7.3162,87.138,32
308,78,1317,51,20.569,7.3066,87.138,32.5
308,78,1317,51.5,20.569,7.3066,87.138,33
308,78,1317,52,20.578,7.3162,87.138,33.5
308,78,1317,52.5,20.578,7.3162,87.138,34
308,78,1317,53,20.578,7.3162,87.138,34.5
308,78,1317,53.5,20.578,7.3162,87.138,35
308,78,1317,54,20.588,7.3257,87.138,35.5
308,78,1317,54.5,20.578,7.3162,87.138,36
308,78,1317,55,20.578,7.3162,87.138,36.5
308,78,1317,55.5,20.597,7.3352,87.138,37
308,78,1317,56,20.578,7.3162,87.138,37.5
308,78,1317,56.5,20.588,7.3257,87.138,38
308,78,1317,57,20.588,7.3257,87.138,38.5
308,78,1317,57.5,20.588,7.3257,87.138,39
308,78,1317,58,20.588,7.3257,87.138,39.5
308,78,1317,58.5,20.578,7.3162,87.138,40
308,78,1317,59,20.597,7.3352,87.138,40.5
308,78,1317,59.5,20.597,7.3352,87.138,41
308,78,1318,0,20.597,7.3352,87.138,41.5
308,78,1318,0.5,20.588,7.3257,87.138,42
308,78,1318,1,20.597,7.3352,87.138,42.5
308,78,1318,1.5,20.578,7.3162,87.138,43
308,78,1318,2,20.597,7.3352,87.138,43.5
308,78,1318,2.5,20.622,7.3352,87.138,44
308,78,1318,3,20.597,7.3352,87.138,44.5
308,78,1318,3.5,20.588,7.3257,87.138,45
308,78,1318,4,20.588,7.3257,87.138,45.5
308,78,1318,4.5,20.606,7.3448,87.138,46
308,78,1318,5,20.597,7.3352,87.138,46.5
308,78,1318,5.5,20.606,7.3448,87.138,47
308,78,1318,6,20.606,7.3448,87.138,47.5
308,78,1318,6.5,20.597,7.3352,87.138,48
308,78,1318,7,20.597,7.3352,87.138,48.5
308,78,1318,7.5,20.597,7.3352,87.138,49
308,78,1318,8,20.606,7.3448,87.138,49.5
308,78,1318,8.5,20.606,7.3448,87.138,50
308,78,1318,9,20.588,7.3257,87.138,50.5
308,78,1318,9.5,20.597,7.3352,87.138,51
308,78,1318,10,20.609,7.3352,87.138,51.5
308,78,1318,10.5,20.609,7.3352,87.138,52
308,78,1318,11,20.606,7.3448,87.138,52.5
308,78,1318,11.5,20.606,7.3448,87.138,53
308,78,1318,12,20.606,7.3448,87.138,53.5
308,78,1318,12.5,20.606,7.3448,87.138,54
308,78,1318,13,20.606,7.3448,87.138,54.5
308,78,1318,13.5,20.606,7.3448,87.138,55
308,78,1318,14,20.628,7.3543,87.138,55.5
308,78,1318,14.5,20.606,7.3448,87.138,56
308,78,1318,15,20.606,7.3448,87.138,56.5
308,78,1318,15.5,20.606,7.3448,87.138,57
308,78,1318,16,20.618,7.3448,87.138,57.5
308,78,1318,16.5,20.606,7.3448,87.138,58
308,78,1318,17,20.606,7.3448,87.138,58.5
308,78,1318,17.5,20.615,7.3543,87.138,59
308,78,1318,18,20.625,7.3639,87.138,59.5
308,78,1318,18.5,20.606,7.3448,87.138,60
308,78,1318,19,20.618,7.3448,87.138,60.5
308,78,1318,19.5,20.628,7.3543,87.138,61
308,78,1318,20,20.628,7.3543,87.138,61.5
308,78,1318,20.5,20.631,7.3448,87.138,62
308,78,1318,21,20.618,7.3448,87.138,62.5
308,78,1318,21.5,20.618,7.3448,87.138,63
308,78,1318,22,20.637,7.3639,87.46,63.5
308,78,1318,22.5,20.618,7.3448,87.138,64
308,78,1318,23,20.618,7.3448,87.46,64.5
308,78,1318,23.5,20.637,7.3639,87.138,65
308,78,1318,24,20.625,7.3639,87.138,65.5
308,78,1318,24.5,20.631,7.3448,87.46,66
308,78,1318,25,20.637,7.3639,87.46,66.5
308,78,1318,25.5,20.615,7.3543,87.46,67
308,78,1318,26,20.637,7.3639,87.138,67.5
308,78,1318,26.5,20.625,7.3639,87.46,68
308,78,1318,27,20.615,7.3543,87.138,68.5
308,78,1318,27.5,20.615,7.3543,87.138,69
308,78,1318,28,20.625,7.3639,87.138,69.5
308,78,1318,28.5,20.615,7.3543,87.138,70
308,78,1318,29,20.637,7.3639,87.138,70.5
308,78,1318,29.5,20.615,7.3543,87.46,71
308,78,1318,30,20.615,7.3543,87.46,71.5
308,78,1318,30.5,20.628,7.3543,87.46,72
308,78,1318,31,20.646,7.3734,87.138,72.5
308,78,1318,31.5,20.65,7.3639,87.46,73
308,78,1318,32,20.634,7.3734,87.46,73.5
308,78,1318,32.5,20.634,7.3734,87.138,74
308,78,1318,33,20.646,7.3734,87.46,74.5
308,78,1318,33.5,20.625,7.3639,87.46,75
308,78,1318,34,20.643,7.383,87.46,75.5
308,78,1318,34.5,20.646,7.3734,87.46,76
308,78,1318,35,20.625,7.3639,87.46,76.5
308,78,1318,35.5,20.625,7.3639,87.46,77
308,78,1318,36,20.634,7.3734,87.46,77.5
308,78,1318,36.5,20.634,7.3734,87.46,78
308,78,1318,37,20.634,7.3734,87.46,78.5
308,78,1318,37.5,20.625,7.3639,87.46,79
308,78,1318,38,20.625,7.3639,87.46,79.5
308,78,1318,38.5,20.646,7.3734,87.46,80
308,78,1318,39,20.653,7.3925,87.46,80.5
308,78,1318,39.5,20.615,7.3543,87.46,81
308,78,1318,40,20.643,7.383,87.46,81.5
308,78,1318,40.5,20.634,7.3734,87.46,82
308,78,1318,41,20.625,7.3639,87.46,82.5
308,78,1318,41.5,20.634,7.3734,87.46,83
308,78,1318,42,20.634,7.3734,87.46,83.5
308,78,1318,42.5,20.643,7.383,87.46,84
308,78,1318,43,20.634,7.3734,87.46,84.5
308,78,1318,43.5,20.643,7.383,87.46,85
308,78,1318,44,20.643,7.383,87.46,85.5
308,78,1318,44.5,20.643,7.383,87.46,86
308,78,1318,45,20.643,7.383,87.46,86.5
308,78,1318,45.5,20.643,7.383,87.138,87
308,78,1318,46,20.643,7.383,87.46,87.5
308,78,1318,46.5,20.643,7.383,87.46,88
308,78,1318,47,20.643,7.383,87.46,88.5
308,78,1318,47.5,20.653,7.3925,87.46,89
308,78,1318,48,20.653,7.3925,87.46,89.5
308,78,1318,48.5,20.653,7.3925,87.46,90
308,78,1318,49,20.643,7.383,87.138,90.5
308,78,1318,49.5,20.643,7.383,87.46,91
308,78,1318,50,20.643,7.383,87.46,91.5
308,78,1318,50.5,20.653,7.3925,87.46,92
308,78,1318,51,20.653,7.3925,87.46,92.5
308,78,1318,51.5,20.653,7.3925,87.46,93
308,78,1318,52,20.653,7.3925,87.46,93.5
308,78,1318,52.5,20.643,7.383,87.46,94
308,78,1318,53,20.653,7.3925,87.46,94.5
308,78,1318,53.5,20.643,7.383,87.46,95
308,78,1318,54,20.643,7.383,87.138,95.5
308,78,1318,54.5,20.662,7.402,87.138,96
308,78,1318,55,20.653,7.3925,87.46,96.5
308,78,1318,55.5,20.662,7.402,87.46,97
308,78,1318,56,20.662,7.402,87.46,97.5
308,78,1318,56.5,20.634,7.3734,87.46,98
308,78,1318,57,20.653,7.3925,87.46,98.5
308,78,1318,57.5,20.653,7.3925,87.46,99
308,78,1318,58,20.653,7.3925,87.46,99.5
308,78,1318,58.5,20.653,7.3925,87.46,100
308,78,1318,59,20.662,7.402,87.46,100.5
308,78,1318,59.5,20.662,7.402,87.46,101
308,78,1319,0,20.662,7.402,87.46,101.5
308,78,1319,0.5,20.662,7.402,87.46,102
308,78,1319,1,20.653,7.3925,87.46,102.5
308,78,1319,1.5,20.662,7.402,87.46,103
308,78,1319,2,20.662,7.402,87.46,103.5
308,78,1319,2.5,20.662,7.402,87.46,104
308,78,1319,3,20.671,7.4116,87.46,104.5
308,78,1319,3.5,20.662,7.402,87.46,105
308,78,1319,4,20.662,7.402,87.138,105.5
308,78,1319,4.5,20.671,7.4116,87.138,106
308,78,1319,5,20.662,7.402,87.46,106.5
308,78,1319,5.5,20.671,7.4116,87.46,107
308,78,1319,6,20.671,7.4116,87.46,107.5
308,78,1319,6.5,20.662,7.402,87.46,108
308,78,1319,7,20.671,7.4116,87.46,108.5
308,78,1319,7.5,20.662,7.402,87.46,109
308,78,1319,8,20.662,7.402,87.46,109.5
308,78,1319,8.5,20.671,7.4116,87.46,110
308,78,1319,9,20.662,7.402,87.46,110.5
308,78,1319,9.5,20.671,7.4116,87.46,111
308,78,1319,10,20.68,7.4211,87.46,111.5
308,78,1319,10.5,20.671,7.4116,87.46,112
308,78,1319,11,20.662,7.402,87.46,112.5
308,78,1319,11.5,20.662,7.402,87.46,113
308,78,1319,12,20.662,7.402,87.46,113.5
308,78,1319,12.5,20.671,7.4116,87.138,114
308,78,1319,13,20.68,7.4211,87.46,114.5
308,78,1319,13.5,20.68,7.4211,87.46,115
308,78,1319,14,20.671,7.4116,87.46,115.5
308,78,1319,14.5,20.68,7.4211,87.46,116
308,78,1319,15,20.68,7.4211,87.138,116.5
308,78,1319,15.5,20.69,7.4307,87.46,117
308,78,1319,16,20.68,7.4211,87.138,117.5
308,78,1319,16.5,20.68,7.4211,87.138,118
308,78,1319,17,20.68,7.4211,87.46,118.5
308,78,1319,17.5,20.69,7.4307,87.46,119
308,78,1319,18,20.69,7.4307,87.46,119.5
308,78,1319,18.5,20.68,7.4211,87.46,120
308,78,1319,19,20.68,7.4211,87.46,120.5
308,78,1319,19.5,20.671,7.4116,87.46,121
308,78,1319,20,20.69,7.4307,87.46,121.5
308,78,1319,20.5,20.68,7.4211,87.46,122
308,78,1319,21,20.69,7.4307,87.46,122.5
308,78,1319,21.5,20.671,7.4116,87.46,123
308,78,1319,22,20.69,7.4307,87.46,123.5
308,78,1319,22.5,20.68,7.4211,87.46,124
308,78,1319,23,20.699,7.4402,87.46,124.5
308,78,1319,23.5,20.68,7.4211,87.46,125
308,78,1319,24,20.668,7.4211,87.46,125.5
308,78,1319,24.5,20.69,7.4307,87.46,126
308,78,1319,25,20.69,7.4307,87.46,126.5
308,78,1319,25.5,20.69,7.4307,87.46,127
308,78,1319,26,20.69,7.4307,87.46,127.5
308,78,1319,26.5,20.699,7.4402,87.46,128
308,78,1319,27,20.699,7.4402,87.46,128.5
308,78,1319,27.5,20.69,7.4307,87.46,129
308,78,1319,28,20.69,7.4307,87.46,129.5
308,78,1319,28.5,20.677,7.4307,87.46,130
308,78,1319,29,20.699,7.4402,87.46,130.5
308,78,1319,29.5,20.699,7.4402,87.46,131
308,78,1319,30,20.699,7.4402,87.46,131.5
308,78,1319,30.5,20.674,7.4402,87.46,132
308,78,1319,31,20.708,7.4498,87.46,132.5
308,78,1319,31.5,20.687,7.4402,87.46,133
308,78,1319,32,20.69,7.4307,87.46,133.5
308,78,1319,32.5,20.699,7.4402,87.46,134
308,78,1319,33,20.696,7.4498,87.46,134.5
308,78,1319,33.5,20.69,7.4307,87.46,135
308,78,1319,34,20.718,7.4593,87.46,135.5
308,78,1319,34.5,20.687,7.4402,87.46,136
308,78,1319,35,20.699,7.4402,87.46,136.5
308,78,1319,35.5,20.699,7.4402,87.46,137
308,78,1319,36,20.708,7.4498,87.46,137.5
308,78,1319,36.5,20.708,7.4498,87.46,138
308,78,1319,37,20.699,7.4402,87.46,138.5
308,78,1319,37.5,20.69,7.4307,87.46,139
308,78,1319,38,20.718,7.4596,87.138,139.5
308,78,1319,38.5,20.699,7.4406,87.138,140
308,78,1319,39,20.699,7.4406,87.138,140.5
308,78,1319,39.5,20.696,7.4501,87.46,141
308,78,1319,40,20.706,7.4596,87.46,141.5
308,78,1319,40.5,20.709,7.4501,87.46,142
308,78,1319,41,20.718,7.4596,87.46,142.5
308,78,1319,41.5,20.715,7.4692,87.138,143
308,78,1319,42,20.718,7.4596,87.46,143.5
308,78,1319,42.5,20.709,7.4501,87.138,144
308,78,1319,43,20.706,7.4596,87.46,144.5
308,78,1319,43.5,20.693,7.4596,87.46,145
308,78,1319,44,20.696,7.4501,87.46,145.5
308,78,1319,44.5,20.703,7.4692,87.46,146
308,78,1319,45,20.706,7.4596,87.46,146.5
308,78,1319,45.5,20.703,7.4692,87.46,147
308,78,1319,46,20.706,7.4596,87.46,147.5
308,78,1319,46.5,20.681,7.4596,87.46,148
308,78,1319,47,20.696,7.4501,87.46,148.5
308,78,1319,47.5,20.703,7.4692,87.46,149
308,78,1319,48,20.715,7.4692,87.46,149.5
308,78,1319,48.5,20.69,7.4692,87.46,150
308,78,1319,49,20.69,7.4692,87.46,150.5
308,78,1319,49.5,20.69,7.4692,87.46,151
308,78,1319,50,20.712,7.4787,87.46,151.5
308,78,1319,50.5,20.703,7.4692,87.46,152
308,78,1319,51,20.7,7.4787,87.46,152.5
308,78,1319,51.5,20.69,7.4692,87.46,153
308,78,1319,52,20.715,7.4692,87.46,153.5
308,78,1319,52.5,20.69,7.4692,87.46,154
308,78,1319,53,20.69,7.4692,87.46,154.5
308,78,1319,53.5,20.678,7.4692,87.46,155
308,78,1319,54,20.69,7.4692,87.46,155.5
308,78,1319,54.5,20.678,7.4692,87.46,156
308,78,1319,55,20.678,7.4692,87.46,156.5
308,78,1319,55.5,20.687,7.4787,87.46,157
308,78,1319,56,20.678,7.4692,87.46,157.5
308,78,1319,56.5,20.678,7.4692,87.46,158
308,78,1319,57,20.687,7.4787,87.46,158.5
308,78,1319,57.5,20.681,7.4596,87.46,159
308,78,1319,58,20.687,7.4787,87.46,159.5
308,78,1319,58.5,20.69,7.4692,87.46,160
308,78,1319,59,20.678,7.4692,87.46,160.5
308,78,1319,59.5,20.687,7.4787,87.138,161
308,78,1320,0,20.696,7.4883,87.46,161.5
308,78,1320,0.5,20.696,7.4883,87.46,162
308,78,1320,1,20.696,7.4883,87.138,162.5
308,78,1320,1.5,20.687,7.4787,87.46,163
308,78,1320,2,20.696,7.4883,87.457,163.5
308,78,1320,2.5,20.687,7.4787,87.457,164
308,78,1320,3,20.678,7.4692,87.457,164.5
308,78,1320,3.5,20.687,7.4787,87.457,165
308,78,1320,4,20.687,7.4787,87.457,165.5
308,78,1320,4.5,20.696,7.4883,87.457,166
308,78,1320,5,20.696,7.4883,87.457,166.5
308,78,1320,5.5,20.706,7.4978,87.457,167
308,78,1320,6,20.696,7.4883,87.457,167.5
308,78,1320,6.5,20.706,7.4978,87.457,168
308,78,1320,7,20.696,7.4883,87.457,168.5
308,78,1320,7.5,20.696,7.4883,87.457,169
308,78,1320,8,20.706,7.4978,87.457,169.5
308,78,1320,8.5,20.696,7.4883,87.457,170
308,78,1320,9,20.706,7.4978,87.457,170.5
308,78,1320,9.5,20.696,7.4883,87.457,171
308,78,1320,10,20.696,7.4883,87.457,171.5
308,78,1320,10.5,20.696,7.4883,87.457,172
308,78,1320,11,20.696,7.4883,87.457,172.5
308,78,1320,11.5,20.687,7.4787,87.457,173
308,78,1320,12,20.706,7.4978,87.457,173.5
308,78,1320,12.5,20.696,7.4883,87.457,174
308,78,1320,13,20.706,7.4978,87.457,174.5
308,78,1320,13.5,20.696,7.4883,87.457,175
308,78,1320,14,20.706,7.4978,87.457,175.5
308,78,1320,14.5,20.696,7.4883,87.457,176
308,78,1320,15,20.706,7.4978,87.457,176.5
308,78,1320,15.5,20.715,7.5074,87.457,177
308,78,1320,16,20.706,7.4978,87.457,177.5
308,78,1320,16.5,20.715,7.5074,87.457,178
308,78,1320,17,20.706,7.4978,87.457,178.5
308,78,1320,17.5,20.706,7.4978,87.457,179
308,78,1320,18,20.706,7.4978,87.457,179.5
308,78,1320,18.5,20.715,7.5074,87.457,180
308,78,1320,19,20.706,7.4978,87.457,180.5
308,78,1320,19.5,20.724,7.5169,87.457,181
308,78,1320,20,20.715,7.5074,87.457,181.5
308,78,1320,20.5,20.724,7.5169,87.457,182
308,78,1320,21,20.715,7.5074,87.457,182.5
308,78,1320,21.5,20.706,7.4978,87.457,183
308,78,1320,22,20.715,7.5074,87.457,183.5
308,78,1320,22.5,20.715,7.5074,87.457,184
308,78,1320,23,20.715,7.5074,87.457,184.5
308,78,1320,23.5,20.715,7.5074,87.457,185
308,78,1320,24,20.715,7.5074,87.457,185.5
308,78,1320,24.5,20.715,7.5074,87.457,186
308,78,1320,25,20.715,7.5074,87.457,186.5
308,78,1320,25.5,20.703,7.5074,87.457,187
308,78,1320,26,20.712,7.5169,87.457,187.5
308,78,1320,26.5,20.706,7.4978,87.135,188
308,78,1320,27,20.724,7.5169,87.457,188.5
308,78,1320,27.5,20.734,7.5265,87.457,189
308,78,1320,28,20.724,7.5169,87.135,189.5
308,78,1320,28.5,20.715,7.5074,87.457,190
308,78,1320,29,20.715,7.5074,87.457,190.5
308,78,1320,29.5,20.734,7.5265,87.457,191
308,78,1320,30,20.734,7.5265,87.457,191.5
308,78,1320,30.5,20.724,7.5169,87.457,192
308,78,1320,31,20.712,7.5169,87.457,192.5
308,78,1320,31.5,20.709,7.5265,87.135,193
308,78,1320,32,20.724,7.5169,87.457,193.5
308,78,1320,32.5,20.724,7.5169,87.457,194
308,78,1320,33,20.734,7.5265,87.457,194.5
308,78,1320,33.5,20.734,7.5265,87.457,195
308,78,1320,34,20.709,7.5265,87.457,195.5
308,78,1320,34.5,20.712,7.5169,87.457,196
308,78,1320,35,20.724,7.5169,87.457,196.5
308,78,1320,35.5,20.721,7.5265,87.457,197
308,78,1320,36,20.696,7.5265,87.457,197.5
308,78,1320,36.5,20.731,7.536,87.457,198
308,78,1320,37,20.721,7.5265,87.457,198.5
308,78,1320,37.5,20.709,7.5265,87.135,199
308,78,1320,38,20.706,7.536,87.135,199.5
308,78,1320,38.5,20.731,7.536,87.457,200
308,78,1320,39,20.709,7.5265,87.457,200.5
308,78,1320,39.5,20.718,7.536,87.457,201
308,78,1320,40,20.709,7.5265,87.457,201.5
308,78,1320,40.5,20.696,7.5265,87.457,202
308,78,1320,41,20.721,7.5265,87.457,202.5
308,78,1320,41.5,20.709,7.5265,87.457,203
308,78,1320,42,20.731,7.536,87.457,203.5
308,78,1320,42.5,20.696,7.5265,87.457,204
308,78,1320,43,20.718,7.536,87.457,204.5
308,78,1320,43.5,20.727,7.5456,87.457,205
308,78,1320,44,20.718,7.536,87.135,205.5
308,78,1320,44.5,20.706,7.536,87.457,206
308,78,1320,45,20.715,7.5456,87.457,206.5
308,78,1320,45.5,20.693,7.536,87.135,207
308,78,1320,46,20.703,7.5456,87.457,207.5
308,78,1320,46.5,20.703,7.5456,87.457,208
308,78,1320,47,20.693,7.536,87.457,208.5
308,78,1320,47.5,20.703,7.5456,87.457,209
308,78,1320,48,20.703,7.5456,87.457,209.5
308,78,1320,48.5,20.703,7.5456,87.457,210
308,78,1320,49,20.703,7.5456,87.457,210.5
308,78,1320,49.5,20.715,7.5456,87.457,211
308,78,1320,50,20.703,7.5456,87.457,211.5
308,78,1320,50.5,20.703,7.5456,87.457,212
308,78,1320,51,20.703,7.5456,87.457,212.5
308,78,1320,51.5,20.703,7.5456,87.457,213
308,78,1320,52,20.703,7.5456,87.135,213.5
308,78,1320,52.5,20.724,7.5552,87.135,214
308,78,1320,53,20.703,7.5456,87.135,214.5
308,78,1320,53.5,20.715,7.5456,87.135,215
308,78,1320,54,20.721,7.5647,87.135,215.5
308,78,1320,54.5,20.724,7.5552,87.135,216
308,78,1320,55,20.703,7.5456,87.135,216.5
308,78,1320,55.5,20.703,7.5456,87.135,217
308,78,1320,56,20.703,7.5456,87.457,217.5
308,78,1320,56.5,20.721,7.5647,87.135,218
308,78,1320,57,20.712,7.5552,87.135,218.5
308,78,1320,57.5,20.712,7.5552,87.135,219
308,78,1320,58,20.712,7.5552,87.135,219.5
308,78,1320,58.5,20.712,7.5552,87.135,220
308,78,1320,59,20.703,7.5456,87.135,220.5
308,78,1320,59.5,20.703,7.5456,87.457,221
308,78,1321,0,20.721,7.5647,87.457,221.5
308,78,1321,0.5,20.703,7.5456,87.457,222
308,78,1321,1,20.721,7.5647,87.457,222.5
308,78,1321,1.5,20.721,7.5647,87.457,223
308,78,1321,2,20.721,7.5647,87.457,223.5
308,78,1321,2.5,20.721,7.5647,87.135,224
308,78,1321,3,20.731,7.5743,87.135,224.5
308,78,1321,3.5,20.721,7.5647,87.457,225
308,78,1321,4,20.731,7.5743,87.457,225.5
308,78,1321,4.5,20.731,7.5743,87.457,226
308,78,1321,5,20.721,7.5647,87.457,226.5
308,78,1321,5.5,20.731,7.5743,87.457,227
308,78,1321,6,20.731,7.5743,87.457,227.5
308,78,1321,6.5,20.731,7.5743,87.457,228
308,78,1321,7,20.721,7.5647,87.457,228.5
308,78,1321,7.5,20.74,7.5838,87.457,229
308,78,1321,8,20.731,7.5743,87.457,229.5
308,78,1321,8.5,20.731,7.5743,87.135,230
308,78,1321,9,20.74,7.5838,87.457,230.5
308,78,1321,9.5,20.731,7.5743,87.457,231
308,78,1321,10,20.731,7.5743,87.457,231.5
308,78,1321,10.5,20.74,7.5838,87.457,232
308,78,1321,11,20.74,7.5838,87.457,232.5
308,78,1321,11.5,20.74,7.5838,87.457,233
308,78,1321,12,20.74,7.5838,87.457,233.5
308,78,1321,12.5,20.718,7.5743,87.457,234
308,78,1321,13,20.74,7.5838,87.457,234.5
308,78,1321,13.5,20.749,7.5934,87.457,235
308,78,1321,14,20.74,7.5838,87.457,235.5
308,78,1321,14.5,20.74,7.5838,87.457,236
308,78,1321,15,20.74,7.5838,87.457,236.5
308,78,1321,15.5,20.74,7.5838,87.457,237
308,78,1321,16,20.737,7.5934,87.457,237.5
308,78,1321,16.5,20.74,7.5838,87.457,238
308,78,1321,17,20.74,7.5838,87.457,238.5
308,78,1321,17.5,20.749,7.5934,87.457,239
308,78,1321,18,20.715,7.5838,87.457,239.5
308,78,1321,18.5,20.749,7.5934,87.457,240
308,78,1321,19,20.728,7.5838,87.457,240.5
308,78,1321,19.5,20.74,7.5838,87.457,241
308,78,1321,20,20.74,7.5838,87.457,241.5
308,78,1321,20.5,20.74,7.5838,87.457,242
308,78,1321,21,20.715,7.5838,87.457,242.5
308,78,1321,21.5,20.749,7.5934,87.457,243
308,78,1321,22,20.724,7.5934,87.457,243.5
308,78,1321,22.5,20.737,7.5934,87.457,244
308,78,1321,23,20.737,7.5934,87.457,244.5
308,78,1321,23.5,20.746,7.6029,87.457,245
308,78,1321,24,20.724,7.5934,87.457,245.5
308,78,1321,24.5,20.7,7.5934,87.457,246
308,78,1321,25,20.737,7.5934,87.457,246.5
308,78,1321,25.5,20.737,7.5934,87.457,247
308,78,1321,26,20.712,7.5934,87.457,247.5
308,78,1321,26.5,20.746,7.6029,87.457,248
308,78,1321,27,20.734,7.6029,87.457,248.5
308,78,1321,27.5,20.721,7.6029,87.457,249
308,78,1321,28,20.734,7.6029,87.457,249.5
308,78,1321,28.5,20.731,7.6125,87.457,250
308,78,1321,29,20.743,7.6125,87.457,250.5
308,78,1321,29.5,20.728,7.622,87.457,251
308,78,1321,30,20.709,7.6029,87.457,251.5
308,78,1321,30.5,20.7,7.5934,87.457,252
308,78,1321,31,20.712,7.5934,87.457,252.5
308,78,1321,31.5,20.721,7.6029,87.457,253
308,78,1321,32,20.721,7.6029,87.457,253.5
308,78,1321,32.5,20.731,7.6125,87.457,254
308,78,1321,33,20.718,7.6125,87.457,254.5
308,78,1321,33.5,20.718,7.6125,87.135,255
308,78,1321,34,20.718,7.6125,87.457,255.5
308,78,1321,34.5,20.721,7.6029,87.457,256
308,78,1321,35,20.709,7.6029,87.457,256.5
308,78,1321,35.5,20.709,7.6029,87.457,257
308,78,1321,36,20.718,7.6125,87.457,257.5
308,78,1321,36.5,20.731,7.6125,87.135,258
308,78,1321,37,20.728,7.622,87.457,258.5
308,78,1321,37.5,20.737,7.6316,87.135,259
308,78,1321,38,20.74,7.622,87.457,259.5
308,78,1321,38.5,20.718,7.6125,87.135,260
308,78,1321,39,20.74,7.622,87.457,260.5
308,78,1321,39.5,20.731,7.6125,87.457,261
308,78,1321,40,20.728,7.622,87.457,261.5
308,78,1321,40.5,20.718,7.6125,87.457,262
308,78,1321,41,20.737,7.6316,87.457,262.5
308,78,1321,41.5,20.728,7.622,87.457,263
308,78,1321,42,20.737,7.6316,87.457,263.5
308,78,1321,42.5,20.74,7.622,87.457,264
308,78,1321,43,20.728,7.622,87.457,264.5
308,78,1321,43.5,20.728,7.622,87.135,265
308,78,1321,44,20.718,7.6125,87.457,265.5
308,78,1321,44.5,20.725,7.6316,87.457,266
308,78,1321,45,20.737,7.6316,87.457,266.5
308,78,1321,45.5,20.746,7.6412,87.457,267
308,78,1321,46,20.728,7.622,87.457,267.5
308,78,1321,46.5,20.737,7.6316,87.457,268
308,78,1321,47,20.728,7.622,87.457,268.5
308,78,1321,47.5,20.737,7.6316,87.457,269
308,78,1321,48,20.725,7.6316,87.457,269.5
308,78,1321,48.5,20.737,7.6316,87.457,270
308,78,1321,49,20.715,7.622,87.457,270.5
308,78,1321,49.5,20.728,7.622,87.457,271
308,78,1321,50,20.746,7.6412,87.457,271.5
308,78,1321,50.5,20.715,7.622,87.457,272
308,78,1321,51,20.731,7.6507,87.457,272.5
308,78,1321,51.5,20.743,7.6507,87.457,273
308,78,1321,52,20.746,7.6412,87.457,273.5
308,78,1321,52.5,20.743,7.6507,87.457,274
308,78,1321,53,20.746,7.6412,87.457,274.5
308,78,1321,53.5,20.725,7.6316,87.457,275
308,78,1321,54,20.737,7.6316,87.457,275.5
308,78,1321,54.5,20.746,7.6412,87.457,276
308,78,1321,55,20.725,7.6316,87.457,276.5
308,78,1321,55.5,20.737,7.6316,87.457,277
308,78,1321,56,20.734,7.6412,87.457,277.5
308,78,1321,56.5,20.721,7.6412,87.457,278
308,78,1321,57,20.709,7.6412,87.457,278.5
308,78,1321,57.5,20.721,7.6412,87.457,279
308,78,1321,58,20.734,7.6412,87.457,279.5
308,78,1321,58.5,20.721,7.6412,87.457,280
308,78,1321,59,20.731,7.6507,87.457,280.5
308,78,1321,59.5,20.718,7.6507,87.457,281
308,78,1322,0,20.731,7.6507,87.457,281.5
308,78,1322,0.5,20.721,7.6412,87.457,282
308,78,1322,1,20.718,7.6507,87.457,282.5
308,78,1322,1.5,20.728,7.6603,87.457,283
308,78,1322,2,20.731,7.6507,87.457,283.5
308,78,1322,2.5,20.74,7.6603,87.457,284
308,78,1322,3,20.728,7.6603,87.457,284.5
308,78,1322,3.5,20.718,7.6507,87.457,285
308,78,1322,4,20.718,7.6507,87.457,285.5
308,78,1322,4.5,20.715,7.6603,87.457,286
308,78,1322,5,20.697,7.6412,87.457,286.5
308,78,1322,5.5,20.715,7.6603,87.457,287
308,78,1322,6,20.718,7.6507,87.457,287.5
308,78,1322,6.5,20.725,7.6698,87.457,288
308,78,1322,7,20.715,7.6603,87.457,288.5
308,78,1322,7.5,20.715,7.6603,87.457,289
308,78,1322,8,20.728,7.6603,87.457,289.5
308,78,1322,8.5,20.715,7.6603,87.457,290
308,78,1322,9,20.728,7.6603,87.457,290.5
308,78,1322,9.5,20.728,7.6603,87.457,291
308,78,1322,10,20.725,7.6698,87.457,291.5
308,78,1322,10.5,20.725,7.6698,87.457,292
308,78,1322,11,20.725,7.6698,87.457,292.5
308,78,1322,11.5,20.725,7.6698,87.457,293
308,78,1322,12,20.715,7.6603,87.457,293.5
308,78,1322,12.5,20.734,7.6794,87.457,294
308,78,1322,13,20.715,7.6603,87.457,294.5
308,78,1322,13.5,20.725,7.6698,87.457,295
308,78,1322,14,20.725,7.6698,87.457,295.5
308,78,1322,14.5,20.734,7.6794,87.457,296
308,78,1322,15,20.734,7.6794,87.457,296.5
308,78,1322,15.5,20.725,7.6698,87.457,297
308,78,1322,16,20.734,7.6794,87.457,297.5
308,78,1322,16.5,20.725,7.6698,87.457,298
308,78,1322,17,20.743,7.689,87.457,298.5
308,78,1322,17.5,20.734,7.6794,87.457,299
308,78,1322,18,20.734,7.6794,87.457,299.5
308,78,1322,18.5,20.725,7.6698,87.457,300
308,78,1322,19,20.725,7.6698,87.457,300.5
308,78,1322,19.5,20.743,7.689,87.457,301
308,78,1322,20,20.734,7.6794,87.457,301.5
308,78,1322,20.5,20.725,7.6698,87.457,302
308,78,1322,21,20.734,7.6794,87.457,302.5
308,78,1322,21.5,20.743,7.689,87.457,303
308,78,1322,22,20.734,7.6794,87.457,303.5
308,78,1322,22.5,20.753,7.6985,87.457,304
308,78,1322,23,20.734,7.6794,87.457,304.5
308,78,1322,23.5,20.743,7.689,87.457,305
308,78,1322,24,20.734,7.6794,87.457,305.5
308,78,1322,24.5,20.734,7.6794,87.457,306
308,78,1322,25,20.743,7.689,87.457,306.5
308,78,1322,25.5,20.743,7.689,87.457,307
308,78,1322,26,20.753,7.6985,87.457,307.5
308,78,1322,26.5,20.753,7.6985,87.457,308
308,78,1322,27,20.743,7.689,87.457,308.5
308,78,1322,27.5,20.753,7.6985,87.457,309
308,78,1322,28,20.753,7.6985,87.457,309.5
308,78,1322,28.5,20.743,7.689,87.457,310
308,78,1322,29,20.753,7.6985,87.457,310.5
308,78,1322,29.5,20.743,7.689,87.457,311
308,78,1322,30,20.753,7.6985,87.457,311.5
308,78,1322,30.5,20.753,7.6985,87.457,312
308,78,1322,31,20.753,7.6985,87.457,312.5
308,78,1322,31.5,20.753,7.6985,87.457,313
308,78,1322,32,20.753,7.6985,87.457,313.5
308,78,1322,32.5,20.753,7.6985,87.457,314
308,78,1322,33,20.753,7.6985,87.457,314.5
308,78,1322,33.5,20.753,7.6985,87.457,315
308,78,1322,34,20.753,7.6988,87.457,315.5
308,78,1322,34.5,20.753,7.6988,87.457,316
308,78,1322,35,20.753,7.6988,87.457,316.5
308,78,1322,35.5,20.75,7.7084,87.457,317
308,78,1322,36,20.772,7.7179,87.457,317.5
308,78,1322,36.5,20.762,7.7084,87.457,318
308,78,1322,37,20.738,7.7084,87.457,318.5
308,78,1322,37.5,20.762,7.7084,87.457,319
308,78,1322,38,20.772,7.7179,87.457,319.5
308,78,1322,38.5,20.762,7.7084,87.457,320
308,78,1322,39,20.762,7.7084,87.457,320.5
308,78,1322,39.5,20.75,7.7084,87.457,321
308,78,1322,40,20.738,7.7084,87.457,321.5
308,78,1322,40.5,20.747,7.7179,87.457,322
308,78,1322,41,20.772,7.7179,87.457,322.5
308,78,1322,41.5,20.772,7.7179,87.457,323
308,78,1322,42,20.759,7.7179,87.457,323.5
308,78,1322,42.5,20.769,7.7275,87.457,324
308,78,1322,43,20.759,7.7179,87.457,324.5
308,78,1322,43.5,20.756,7.7275,87.457,325
308,78,1322,44,20.759,7.7179,87.457,325.5
308,78,1322,44.5,20.744,7.7275,87.457,326
308,78,1322,45,20.744,7.7275,87.457,326.5
308,78,1322,45.5,20.738,7.7084,87.457,327
308,78,1322,46,20.744,7.7275,87.457,327.5
308,78,1322,46.5,20.744,7.7275,87.457,328
308,78,1322,47,20.765,7.7371,87.457,328.5
308,78,1322,47.5,20.722,7.7179,87.457,329
308,78,1322,48,20.744,7.7275,87.457,329.5
308,78,1322,48.5,20.744,7.7275,87.457,330
308,78,1322,49,20.744,7.7275,87.457,330.5
308,78,1322,49.5,20.753,7.7371,87.457,331
308,78,1322,50,20.731,7.7275,87.457,331.5
308,78,1322,50.5,20.722,7.7179,87.457,332
308,78,1322,51,20.741,7.7371,87.457,332.5
308,78,1322,51.5,20.731,7.7275,87.457,333
308,78,1322,52,20.741,7.7371,87.457,333.5
308,78,1322,52.5,20.744,7.7275,87.457,334
308,78,1322,53,20.741,7.7371,87.457,334.5
308,78,1322,53.5,20.731,7.7275,87.457,335
308,78,1322,54,20.731,7.7275,87.457,335.5
308,78,1322,54.5,20.741,7.7371,87.457,336
308,78,1322,55,20.741,7.7371,87.457,336.5
308,78,1322,55.5,20.741,7.7371,87.457,337
308,78,1322,56,20.741,7.7371,87.457,337.5
308,78,1322,56.5,20.741,7.7371,87.457,338
308,78,1322,57,20.741,7.7371,87.457,338.5
308,78,1322,57.5,20.741,7.7371,87.457,339
308,78,1322,58,20.741,7.7371,87.455,339.5
308,78,1322,58.5,20.741,7.7371,87.455,340
308,78,1322,59,20.75,7.7466,87.455,340.5
308,78,1322,59.5,20.75,7.7466,87.455,341
308,78,1323,0,20.75,7.7466,87.455,341.5
308,78,1323,0.5,20.75,7.7466,87.455,342
308,78,1323,1,20.75,7.7466,87.455,342.5
308,78,1323,1.5,20.75,7.7466,87.455,343
308,78,1323,2,20.75,7.7466,87.455,343.5
308,78,1323,2.5,20.759,7.7562,87.455,344
308,78,1323,3,20.75,7.7466,87.455,344.5
308,78,1323,3.5,20.75,7.7466,87.455,345
308,78,1323,4,20.75,7.7466,87.455,345.5
308,78,1323,4.5,20.75,7.7466,87.455,346
308,78,1323,5,20.759,7.7562,87.455,346.5
308,78,1323,5.5,20.759,7.7562,87.455,347
308,78,1323,6,20.759,7.7562,87.455,347.5
308,78,1323,6.5,20.75,7.7466,87.455,348
308,78,1323,7,20.75,7.7466,87.455,348.5
308,78,1323,7.5,20.759,7.7562,87.455,349
308,78,1323,8,20.759,7.7562,87.455,349.5
308,78,1323,8.5,20.769,7.7658,87.455,350
308,78,1323,9,20.759,7.7562,87.455,350.5
308,78,1323,9.5,20.759,7.7562,87.455,351
308,78,1323,10,20.769,7.7658,87.455,351.5
308,78,1323,10.5,20.778,7.7753,87.455,352
308,78,1323,11,20.75,7.7466,87.455,352.5
308,78,1323,11.5,20.747,7.7562,87.455,353
308,78,1323,12,20.756,7.7658,87.455,353.5
308,78,1323,12.5,20.769,7.7658,87.455,354
308,78,1323,13,20.778,7.7753,87.455,354.5
308,78,1323,13.5,20.769,7.7658,87.455,355
308,78,1323,14,20.756,7.7658,87.455,355.5
308,78,1323,14.5,20.769,7.7658,87.455,356
308,78,1323,15,20.766,7.7753,87.455,356.5
308,78,1323,15.5,20.756,7.7658,87.455,357
308,78,1323,16,20.744,7.7658,87.455,357.5
308,78,1323,16.5,20.735,7.7562,87.455,358
308,78,1323,17,20.778,7.7753,87.455,358.5
308,78,1323,17.5,20.747,7.7562,87.455,359
308,78,1323,18,20.744,7.7658,87.455,359.5
308,78,1323,18.5,20.744,7.7658,87.455,360
308,78,1323,19,20.728,7.7753,0,360.5
308,78,1323,19.5,20.728,7.7753,0,361
308,78,1323,20,20.725,7.7849,0,361.5
308,78,1323,20.5,20.679,7.7753,0,362
308,78,1323,21,20.688,7.7849,0,362.5
308,78,1323,21.5,20.679,7.7753,0,363
308,78,1323,22,20.679,7.7753,0,363.5
308,78,1323,22.5,20.679,7.7753,0,364
308,78,1323,23,20.698,7.7945,0,364.5
308,78,1323,23.5,20.698,7.7945,0,365
308,78,1323,24,20.685,7.7945,0,365.5
308,78,1323,24.5,20.651,7.7849,0,366
308,78,1323,25,20.642,7.7753,0,366.5
308,78,1323,25.5,20.642,7.7753,0,367
308,78,1323,26,20.648,7.7945,0,367.5
308,78,1323,26.5,20.639,7.7849,0,368
308,78,1323,27,20.657,7.804,0,368.5
308,78,1323,27.5,20.639,7.7849,0,369
308,78,1323,28,20.648,7.7945,0.32152,369.5
308,78,1323,28.5,20.648,7.7945,0.32152,370
308,78,1323,29,20.648,7.7945,0,370.5
308,78,1323,29.5,20.639,7.7849,0,371
308,78,1323,30,20.657,7.804,0.32152,371.5
308,78,1323,30.5,20.623,7.7945,0.32152,372
308,78,1323,31,20.623,7.7945,0.32152,372.5
308,78,1323,31.5,20.623,7.7945,0.32152,373
308,78,1323,32,20.632,7.804,0.32152,373.5
308,78,1323,32.5,20.623,7.7945,0,374
308,78,1323,33,20.598,7.7945,0,374.5
308,78,1323,33.5,20.589,7.7849,0.32152,375
308,78,1323,34,20.598,7.7945,0.32152,375.5
308,78,1323,34.5,20.608,7.804,0,376
308,78,1323,35,20.608,7.804,0,376.5
308,78,1323,35.5,20.608,7.804,0,377
308,78,1323,36,20.608,7.804,0,377.5
308,78,1323,36.5,20.608,7.804,0,378
308,78,1323,37,20.598,7.7945,0,378.5
308,78,1323,37.5,20.608,7.804,0,379
308,78,1323,38,20.617,7.8136,-0.32152,379.5
308,78,1323,38.5,20.595,7.804,0,380
308,78,1323,39,20.608,7.804,0.32152,380.5
308,78,1323,39.5,20.608,7.804,0,381
308,78,1323,40,20.608,7.804,-0.32152,381.5
308,78,1323,40.5,20.617,7.8136,0,382
308,78,1323,41,20.592,7.8136,0,382.5
308,78,1323,41.5,20.589,7.8232,0.32152,383
308,78,1323,42,20.592,7.8136,0,383.5
308,78,1323,42.5,20.58,7.8136,0.32152,384
308,78,1323,43,20.592,7.8136,-0.32152,384.5
308,78,1323,43.5,20.577,7.8232,0,385
308,78,1323,44,20.599,7.8327,0.32152,385.5
308,78,1323,44.5,20.567,7.8136,0.32152,386
308,78,1323,45,20.567,7.8136,0,386.5
308,78,1323,45.5,20.577,7.8232,0,387
308,78,1323,46,20.567,7.8136,0,387.5
308,78,1323,46.5,20.586,7.8327,0,388
308,78,1323,47,20.586,7.8327,0.32152,388.5
308,78,1323,47.5,20.567,7.8136,0.32152,389
308,78,1323,48,20.586,7.8327,0.32152,389.5
308,78,1323,48.5,20.577,7.8232,0.32152,390
308,78,1323,49,20.567,7.8136,0.32152,390.5
308,78,1323,49.5,20.577,7.8232,0,391
308,78,1323,50,20.577,7.8232,0,391.5
308,78,1323,50.5,20.577,7.8232,0,392
308,78,1323,51,20.586,7.8327,0,392.5
308,78,1323,51.5,20.595,7.8423,0,393
308,78,1323,52,20.595,7.8423,0,393.5
308,78,1323,52.5,20.586,7.8327,0,394
308,78,1323,53,20.574,7.8327,0.32152,394.5
308,78,1323,53.5,20.561,7.8327,0,395
308,78,1323,54,20.574,7.8327,0.32152,395.5
308,78,1323,54.5,20.549,7.8327,0,396
308,78,1323,55,20.561,7.8327,0,396.5
308,78,1323,55.5,20.549,7.8327,0,397
308,78,1323,56,20.552,7.8232,0,397.5
308,78,1323,56.5,20.583,7.8423,0,398
308,78,1323,57,20.574,7.8327,0,398.5
308,78,1323,57.5,20.558,7.8423,0,399
308,78,1323,58,20.546,7.8423,0,399.5
308,78,1323,58.5,20.558,7.8423,0,400
308,78,1323,59,20.549,7.8327,0,400.5
308,78,1323,59.5,20.555,7.8519,0.32152,401
308,78,1324,0,20.546,7.8423,0,401.5
308,78,1324,0.5,20.546,7.8423,0,402
308,78,1324,1,20.546,7.8423,0,402.5
308,78,1324,1.5,20.546,7.8423,0,403
308,78,1324,2,20.555,7.8519,0,403.5
308,78,1324,2.5,20.555,7.8519,0,404
308,78,1324,3,20.555,7.8519,0,404.5
308,78,1324,3.5,20.555,7.8519,-0.32152,405
308,78,1324,4,20.555,7.8519,0,405.5
308,78,1324,4.5,20.555,7.8519,0.32152,406
308,78,1324,5,20.555,7.8519,0.32152,406.5
308,78,1324,5.5,20.543,7.8519,0,407
308,78,1324,6,20.555,7.8519,0.32152,407.5
308,78,1324,6.5,20.555,7.8519,0,408
308,78,1324,7,20.552,7.8615,0,408.5
308,78,1324,7.5,20.555,7.8519,-0.32152,409
308,78,1324,8,20.552,7.8615,0,409.5
308,78,1324,8.5,20.574,7.871,0.32152,410
308,78,1324,9,20.549,7.871,0.32152,410.5
308,78,1324,9.5,20.53,7.8519,0.32152,411
308,78,1324,10,20.527,7.8615,0,411.5
308,78,1324,10.5,20.537,7.871,0.32152,412
308,78,1324,11,20.527,7.8615,0.32152,412.5
308,78,1324,11.5,20.518,7.8519,0.32152,413
308,78,1324,12,20.524,7.871,-0.32152,413.5
308,78,1324,12.5,20.546,7.8806,-0.32152,414
308,78,1324,13,20.524,7.871,0.32152,414.5
308,78,1324,13.5,20.524,7.871,0.32152,415
308,78,1324,14,20.524,7.871,0,415.5
308,78,1324,14.5,20.534,7.8806,0,416
308,78,1324,15,20.524,7.871,0.32152,416.5
308,78,1324,15.5,20.524,7.871,0,417
308,78,1324,16,20.524,7.871,0,417.5
308,78,1324,16.5,20.543,7.8902,0,418
308,78,1324,17,20.534,7.8806,0,418.5
308,78,1324,17.5,20.534,7.8806,0,419
308,78,1324,18,20.524,7.871,0,419.5
308,78,1324,18.5,20.524,7.871,0,420
308,78,1324,19,20.543,7.8902,0,420.5
308,78,1324,19.5,20.534,7.8806,0,421
308,78,1324,20,20.543,7.8902,0,421.5
308,78,1324,20.5,20.534,7.8806,0,422
308,78,1324,21,20.534,7.8806,0,422.5
308,78,1324,21.5,20.552,7.8997,0,423
308,78,1324,22,20.543,7.8902,0,423.5
308,78,1324,22.5,20.534,7.8806,0,424
308,78,1324,23,20.543,7.8902,0,424.5
308,78,1324,23.5,20.531,7.8902,0,425
308,78,1324,24,20.552,7.8997,0,425.5
308,78,1324,24.5,20.534,7.8806,0,426
308,78,1324,25,20.552,7.8997,0,426.5
308,78,1324,25.5,20.531,7.8902,0,427
308,78,1324,26,20.543,7.8902,0,427.5
308,78,1324,26.5,20.54,7.8997,0,428
308,78,1324,27,20.518,7.8902,0,428.5
308,78,1324,27.5,20.515,7.8997,0,429
308,78,1324,28,20.518,7.8902,0,429.5
308,78,1324,28.5,20.531,7.8902,0,430
308,78,1324,29,20.549,7.9093,0,430.5
308,78,1324,29.5,20.528,7.8997,0,431
308,78,1324,30,20.524,7.9093,0,431.5
308,78,1324,30.5,20.537,7.9093,0,432
308,78,1324,31,20.537,7.9093,0,432.5
308,78,1324,31.5,20.503,7.8997,0,433
308,78,1324,32,20.534,7.9189,0,433.5
308,78,1324,32.5,20.515,7.8997,0,434
308,78,1324,33,20.503,7.8997,0,434.5
308,78,1324,33.5,20.537,7.9093,0,435
308,78,1324,34,20.524,7.9093,0,435.5
308,78,1324,34.5,20.512,7.9093,0,436
308,78,1324,35,20.512,7.9093,0,436.5
308,78,1324,35.5,20.534,7.9189,0,437
308,78,1324,36,20.503,7.8997,0,437.5
308,78,1324,36.5,20.521,7.9189,0,438
308,78,1324,37,20.534,7.9189,0,438.5
308,78,1324,37.5,20.521,7.9189,0,439
308,78,1324,38,20.512,7.9093,0,439.5
308,78,1324,38.5,20.521,7.9189,0,440
308,78,1324,39,20.531,7.9284,0,440.5
308,78,1324,39.5,20.521,7.9189,0,441
308,78,1324,40,20.512,7.9093,0,441.5
308,78,1324,40.5,20.521,7.9189,0,442
308,78,1324,41,20.531,7.9284,0,442.5
308,78,1324,41.5,20.521,7.9189,0,443
308,78,1324,42,20.521,7.9189,0,443.5
308,78,1324,42.5,20.512,7.9093,0,444
308,78,1324,43,20.521,7.9189,0,444.5
308,78,1324,43.5,20.531,7.9284,0,445
308,78,1324,44,20.531,7.9284,0,445.5
308,78,1324,44.5,20.531,7.9284,0,446
308,78,1324,45,20.531,7.9284,0,446.5
308,78,1324,45.5,20.531,7.9284,0,447
308,78,1324,46,20.531,7.9284,0,447.5
308,78,1324,46.5,20.54,7.938,0,448
308,78,1324,47,20.531,7.9284,0,448.5
308,78,1324,47.5,20.54,7.938,0,449
308,78,1324,48,20.54,7.938,0,449.5
308,78,1324,48.5,20.54,7.938,0,450
308,78,1324,49,20.54,7.938,0,450.5
308,78,1324,49.5,20.54,7.938,0,451
308,78,1324,50,20.528,7.938,0,451.5
308,78,1324,50.5,20.518,7.9284,0,452
308,78,1324,51,20.515,7.938,0,452.5
308,78,1324,51.5,20.515,7.938,0,453
308,78,1324,52,20.515,7.938,0,453.5
308,78,1324,52.5,20.549,7.9476,0.32152,454
308,78,1324,53,20.537,7.9476,0,454.5
308,78,1324,53.5,20.525,7.9476,0,455
308,78,1324,54,20.525,7.9476,0,455.5
308,78,1324,54.5,20.525,7.9476,0,456
308,78,1324,55,20.534,7.9572,0,456.5
308,78,1324,55.5,20.528,7.938,0,457
308,78,1324,56,20.525,7.9476,0,457.5
308,78,1324,56.5,20.525,7.9476,0,458
308,78,1324,57,20.525,7.9476,0,458.5
308,78,1324,57.5,20.515,7.938,0,459
308,78,1324,58,20.525,7.9476,0,459.5
308,78,1324,58.5,20.543,7.9668,0,460
308,78,1324,59,20.525,7.9476,0,460.5
308,78,1324,59.5,20.522,7.9572,0,461
308,78,1325,0,20.525,7.9476,0,461.5
308,78,1325,0.5,20.534,7.9572,0,462
308,78,1325,1,20.519,7.9668,0,462.5
308,78,1325,1.5,20.512,7.9476,0,463
308,78,1325,2,20.522,7.9572,0,463.5
308,78,1325,2.5,20.522,7.9572,0,464
308,78,1325,3,20.5,7.9476,0,464.5
308,78,1325,3.5,20.519,7.9668,0,465
308,78,1325,4,20.528,7.9763,0,465.5
308,78,1325,4.5,20.519,7.9668,0,466
308,78,1325,5,20.509,7.9572,0,466.5
308,78,1325,5.5,20.509,7.9572,0,467
308,78,1325,6,20.531,7.9668,0,467.5
308,78,1325,6.5,20.519,7.9668,0,468
308,78,1325,7,20.528,7.9763,0,468.5
308,78,1325,7.5,20.528,7.9763,0,469
308,78,1325,8,20.519,7.9668,0,469.5
308,78,1325,8.5,20.506,7.9668,0,470
308,78,1325,9,20.519,7.9668,0,470.5
308,78,1325,9.5,20.528,7.9763,0,471
308,78,1325,10,20.528,7.9763,0,471.5
308,78,1325,10.5,20.528,7.9763,0,472
308,78,1325,11,20.528,7.9763,0,472.5
308,78,1325,11.5,20.506,7.9668,0,473
308,78,1325,12,20.503,7.9763,0,473.5
308,78,1325,12.5,20.515,7.9763,0,474
308,78,1325,13,20.503,7.9763,0,474.5
308,78,1325,13.5,20.515,7.9763,0,475
308,78,1325,14,20.506,7.9668,0,475.5
308,78,1325,14.5,20.503,7.9763,0,476
308,78,1325,15,20.512,7.9859,0,476.5
308,78,1325,15.5,20.525,7.9859,0,477
308,78,1325,16,20.512,7.9859,0,477.5
308,78,1325,16.5,20.522,7.9955,0,478
308,78,1325,17,20.5,7.9859,0,478.5
308,78,1325,17.5,20.512,7.9859,0,479
308,78,1325,18,20.488,7.9859,0,479.5
308,78,1325,18.5,20.509,7.9955,0,480
308,78,1325,19,20.509,7.9955,0,480.5
308,78,1325,19.5,20.5,7.9859,0,481
308,78,1325,20,20.522,7.9955,0,481.5
308,78,1325,20.5,20.497,7.9955,0,482
308,78,1325,21,20.497,7.9955,0,482.5
308,78,1325,21.5,20.509,7.9955,0,483
308,78,1325,22,20.488,7.9859,0,483.5
308,78,1325,22.5,20.497,7.9955,0,484
308,78,1325,23,20.506,8.0051,0,484.5
308,78,1325,23.5,20.497,7.9955,0,485
308,78,1325,24,20.506,8.0051,0,485.5
308,78,1325,24.5,20.506,8.0051,0,486
308,78,1325,25,20.516,8.0146,0,486.5
308,78,1325,25.5,20.506,8.0051,0,487
308,78,1325,26,20.506,8.0051,0,487.5
308,78,1325,26.5,20.506,8.0051,0,488
308,78,1325,27,20.497,7.9955,0,488.5
308,78,1325,27.5,20.516,8.0146,0,489
308,78,1325,28,20.506,8.0051,0,489.5
308,78,1325,28.5,20.516,8.0146,0,490
308,78,1325,29,20.516,8.0146,0,490.5
308,78,1325,29.5,20.506,8.0051,0,491
308,78,1325,30,20.516,8.0148,0,491.5
308,78,1325,30.5,20.494,8.0052,0,492
308,78,1325,31,20.525,8.0244,0,492.5
308,78,1325,31.5,20.516,8.0148,0,493
308,78,1325,32,20.503,8.0148,0,493.5
308,78,1325,32.5,20.516,8.0148,0,494
308,78,1325,33,20.503,8.0148,0,494.5
308,78,1325,33.5,20.513,8.0244,0,495
308,78,1325,34,20.503,8.0148,0,495.5
308,78,1325,34.5,20.5,8.0244,0,496
308,78,1325,35,20.516,8.0148,0,496.5
308,78,1325,35.5,20.513,8.0244,0,497
308,78,1325,36,20.525,8.0244,0,497.5
308,78,1325,36.5,20.513,8.0244,0,498
308,78,1325,37,20.513,8.0244,0,498.5
308,78,1325,37.5,20.51,8.034,0,499
308,78,1325,38,20.491,8.0148,0,499.5
308,78,1325,38.5,20.5,8.0244,0.32152,500
308,78,1325,39,20.51,8.034,0,500.5
308,78,1325,39.5,20.519,8.0435,0,501
308,78,1325,40,20.51,8.034,0,501.5
308,78,1325,40.5,20.51,8.034,0,502
308,78,1325,41,20.497,8.034,0,502.5
308,78,1325,41.5,20.51,8.034,0,503
308,78,1325,42,20.51,8.034,0,503.5
308,78,1325,42.5,20.51,8.034,0,504
308,78,1325,43,20.519,8.0435,0,504.5
308,78,1325,43.5,20.519,8.0435,0,505
308,78,1325,44,20.497,8.034,0,505.5
308,78,1325,44.5,20.485,8.034,0,506
308,78,1325,45,20.485,8.034,0,506.5
308,78,1325,45.5,20.494,8.0435,0,507
308,78,1325,46,20.494,8.0435,0,507.5
308,78,1325,46.5,20.507,8.0435,0,508
308,78,1325,47,20.516,8.0531,0,508.5
308,78,1325,47.5,20.516,8.0531,0,509
308,78,1325,48,20.504,8.0531,0,509.5
308,78,1325,48.5,20.507,8.0435,0,510
308,78,1325,49,20.504,8.0531,0,510.5
308,78,1325,49.5,20.504,8.0531,0,511
308,78,1325,50,20.513,8.0627,0,511.5
308,78,1325,50.5,20.504,8.0531,0,512
308,78,1325,51,20.504,8.0531,0,512.5
308,78,1325,51.5,20.513,8.0627,0,513
308,78,1325,52,20.504,8.0531,0,513.5
308,78,1325,52.5,20.513,8.0627,0,514
308,78,1325,53,20.504,8.0531,0,514.5
308,78,1325,53.5,20.501,8.0627,0,515
308,78,1325,54,20.504,8.0531,0,515.5
308,78,1325,54.5,20.491,8.0531,0,516
308,78,1325,55,20.504,8.0531,0,516.5
308,78,1325,55.5,20.504,8.0531,0,517
308,78,1325,56,20.491,8.0531,0,517.5
308,78,1325,56.5,20.513,8.0627,0,518
308,78,1325,57,20.504,8.0531,0,518.5
308,78,1325,57.5,20.501,8.0627,0,519
308,78,1325,58,20.491,8.0531,0,519.5
308,78,1325,58.5,20.513,8.0627,0,520
308,78,1325,59,20.519,8.0819,0,520.5
308,78,1325,59.5,20.522,8.0723,0,521
308,78,1326,0,20.51,8.0723,0,521.5
308,78,1326,0.5,20.541,8.0914,0,522
308,78,1326,1,20.507,8.0819,0,522.5
308,78,1326,1.5,20.498,8.0723,0,523
308,78,1326,2,20.498,8.0723,0,523.5
308,78,1326,2.5,20.501,8.0627,0,524
308,78,1326,3,20.498,8.0723,0,524.5
308,78,1326,3.5,20.507,8.0819,0,525
308,78,1326,4,20.507,8.0819,0,525.5
308,78,1326,4.5,20.498,8.0723,0,526
308,78,1326,5,20.494,8.0819,0,526.5
308,78,1326,5.5,20.507,8.0819,0,527
308,78,1326,6,20.507,8.0819,0,527.5
308,78,1326,6.5,20.485,8.0723,0,528
308,78,1326,7,20.494,8.0819,0,528.5
308,78,1326,7.5,20.504,8.0914,0,529
308,78,1326,8,20.485,8.0723,0,529.5
308,78,1326,8.5,20.482,8.0819,0,530
308,78,1326,9,20.482,8.0819,0,530.5
308,78,1326,9.5,20.494,8.0819,0,531
308,78,1326,10,20.482,8.0819,0,531.5
308,78,1326,10.5,20.491,8.0914,0,532
308,78,1326,11,20.482,8.0819,0,532.5
308,78,1326,11.5,20.491,8.0914,0,533
308,78,1326,12,20.491,8.0914,0,533.5
308,78,1326,12.5,20.51,8.1106,0,534
308,78,1326,13,20.491,8.0914,0,534.5
308,78,1326,13.5,20.482,8.0819,0,535
308,78,1326,14,20.501,8.101,0,535.5
308,78,1326,14.5,20.491,8.0914,0,536
308,78,1326,15,20.501,8.101,0,536.5
308,78,1326,15.5,20.491,8.0914,0,537
308,78,1326,16,20.501,8.101,0,537.5
308,78,1326,16.5,20.501,8.101,0,538
308,78,1326,17,20.491,8.0914,0,538.5
308,78,1326,17.5,20.501,8.101,0,539
308,78,1326,18,20.51,8.1106,0,539.5
308,78,1326,18.5,20.501,8.101,0,540
308,78,1326,19,20.491,8.0914,0,540.5
308,78,1326,19.5,20.51,8.1106,0,541
308,78,1326,20,20.52,8.1202,0,541.5
308,78,1326,20.5,20.51,8.1106,0,542
308,78,1326,21,20.501,8.101,0,542.5
308,78,1326,21.5,20.51,8.1106,0,543
308,78,1326,22,20.529,8.1298,0,543.5
308,78,1326,22.5,20.51,8.1106,0,544
308,78,1326,23,20.52,8.1202,0,544.5
308,78,1326,23.5,20.51,8.1106,0,545
308,78,1326,24,20.52,8.1202,0,545.5
308,78,1326,24.5,20.52,8.1202,0,546
308,78,1326,25,20.507,8.1202,0,546.5
308,78,1326,25.5,20.52,8.1202,0,547
308,78,1326,26,20.52,8.1202,0,547.5
308,78,1326,26.5,20.529,8.1298,0,548
308,78,1326,27,20.52,8.1202,0,548.5
308,78,1326,27.5,20.52,8.1202,0,549
308,78,1326,28,20.52,8.1202,0,549.5
308,78,1326,28.5,20.504,8.1298,0,550
308,78,1326,29,20.526,8.1394,0,550.5
308,78,1326,29.5,20.504,8.1298,0,551
308,78,1326,30,20.529,8.1298,0,551.5
308,78,1326,30.5,20.504,8.1298,0,552
308,78,1326,31,20.507,8.1202,0,552.5
308,78,1326,31.5,20.526,8.1394,0,553
308,78,1326,32,20.516,8.1298,0,553.5
308,78,1326,32.5,20.504,8.1298,0,554
308,78,1326,33,20.504,8.1298,0,554.5
308,78,1326,33.5,20.513,8.1394,0,555
308,78,1326,34,20.513,8.1394,0,555.5
308,78,1326,34.5,20.513,8.1394,0,556
308,78,1326,35,20.513,8.1394,0,556.5
308,78,1326,35.5,20.523,8.149,0,557
308,78,1326,36,20.51,8.149,0,557.5
308,78,1326,36.5,20.523,8.149,0,558
308,78,1326,37,20.492,8.1298,0,558.5
308,78,1326,37.5,20.523,8.149,0,559
308,78,1326,38,20.51,8.149,0,559.5
308,78,1326,38.5,20.501,8.1394,0,560
308,78,1326,39,20.501,8.1394,0,560.5
308,78,1326,39.5,20.498,8.149,0,561
308,78,1326,40,20.51,8.149,0,561.5
308,78,1326,40.5,20.51,8.149,0,562
308,78,1326,41,20.507,8.1586,0,562.5
308,78,1326,41.5,20.498,8.149,0,563
308,78,1326,42,20.52,8.1586,0,563.5
308,78,1326,42.5,20.507,8.1586,0,564
308,78,1326,43,20.507,8.1586,0,564.5
308,78,1326,43.5,20.517,8.1681,0,565
308,78,1326,44,20.507,8.1586,0,565.5
308,78,1326,44.5,20.52,8.1586,0,566
308,78,1326,45,20.507,8.1586,0,566.5
308,78,1326,45.5,20.517,8.1681,0,567
308,78,1326,46,20.507,8.1586,0,567.5
308,78,1326,46.5,20.498,8.149,0,568
308,78,1326,47,20.517,8.1681,0,568.5
308,78,1326,47.5,20.507,8.1586,0,569
308,78,1326,48,20.517,8.1681,0,569.5
308,78,1326,48.5,20.526,8.1777,0,570
308,78,1326,49,20.526,8.1777,0,570.5
308,78,1326,49.5,20.517,8.1681,0,571
308,78,1326,50,20.517,8.1681,0,571.5
308,78,1326,50.5,20.517,8.1681,0,572
308,78,1326,51,20.526,8.1777,0,572.5
308,78,1326,51.5,20.517,8.1681,0,573
308,78,1326,52,20.514,8.1777,0,573.5
308,78,1326,52.5,20.514,8.1777,0,574
308,78,1326,53,20.514,8.1777,0,574.5
308,78,1326,53.5,20.526,8.1777,0,575
308,78,1326,54,20.523,8.1873,0,575.5
308,78,1326,54.5,20.523,8.1873,0,576
308,78,1326,55,20.501,8.1777,0,576.5
308,78,1326,55.5,20.501,8.1777,0,577
308,78,1326,56,20.514,8.1777,0,577.5
308,78,1326,56.5,20.514,8.1777,0,578
308,78,1326,57,20.501,8.1777,0,578.5
308,78,1326,57.5,20.498,8.1873,0,579
308,78,1326,58,20.511,8.1873,0,579.5
308,78,1326,58.5,20.511,8.1873,0,580
308,78,1326,59,20.52,8.1969,0,580.5
308,78,1326,59.5,20.495,8.1969,0,581
308,78,1327,0,20.511,8.1873,0,581.5
308,78,1327,0.5,20.52,8.1969,0,582
308,78,1327,1,20.511,8.1873,0,582.5
308,78,1327,1.5,20.498,8.1873,0,583
308,78,1327,2,20.508,8.1969,0,583.5
308,78,1327,2.5,20.498,8.1873,0,584
308,78,1327,3,20.517,8.2065,0,584.5
308,78,1327,3.5,20.508,8.1969,0,585
308,78,1327,4,20.517,8.2065,0,585.5
308,78,1327,4.5,20.529,8.2065,0,586
308,78,1327,5,20.517,8.2065,0,586.5
308,78,1327,5.5,20.505,8.2065,0,587
308,78,1327,6,20.505,8.2065,0,587.5
308,78,1327,6.5,20.505,8.2065,0,588
308,78,1327,7,20.517,8.2065,0,588.5
308,78,1327,7.5,20.495,8.1969,0,589
308,78,1327,8,20.517,8.2065,0,589.5
308,78,1327,8.5,20.505,8.2065,0,590
308,78,1327,9,20.505,8.2065,0,590.5
308,78,1327,9.5,20.514,8.2161,0,591
308,78,1327,10,20.514,8.2161,0,591.5
308,78,1327,10.5,20.514,8.2161,0,592
308,78,1327,11,20.505,8.2065,0,592.5
308,78,1327,11.5,20.514,8.2161,0,593
308,78,1327,12,20.514,8.2161,0,593.5
308,78,1327,12.5,20.505,8.2065,0,594
308,78,1327,13,20.505,8.2065,0,594.5
308,78,1327,13.5,20.514,8.2161,0,595
308,78,1327,14,20.523,8.2257,0,595.5
308,78,1327,14.5,20.501,8.2161,0,596
308,78,1327,15,20.511,8.2257,0,596.5
308,78,1327,15.5,20.52,8.2353,0,597
308,78,1327,16,20.489,8.2161,0,597.5
308,78,1327,16.5,20.501,8.2161,0,598
308,78,1327,17,20.511,8.2257,0,598.5
308,78,1327,17.5,20.523,8.2257,0,599
308,78,1327,18,20.489,8.2161,0,599.5
308,78,1327,18.5,20.508,8.2353,0,600
308,78,1327,19,20.508,8.2353,0,600.5
308,78,1327,19.5,20.489,8.2161,0,601
308,78,1327,20,20.508,8.2353,0,601.5
308,78,1327,20.5,20.483,8.2353,0,602
308,78,1327,21,20.508,8.2353,0,602.5
308,78,1327,21.5,20.486,8.2257,0,603
308,78,1327,22,20.495,8.2353,0,603.5
308,78,1327,22.5,20.483,8.2353,0,604
308,78,1327,23,20.483,8.2353,0,604.5
308,78,1327,23.5,20.508,8.2353,0,605
308,78,1327,24,20.474,8.2257,0,605.5
308,78,1327,24.5,20.492,8.2449,0,606
308,78,1327,25,20.517,8.2449,0,606.5
308,78,1327,25.5,20.505,8.2449,0,607
308,78,1327,26,20.474,8.2257,0,607.5
308,78,1327,26.5,20.483,8.2353,0,608
308,78,1327,27,20.495,8.2353,0,608.5
308,78,1327,27.5,20.492,8.2449,0,609
308,78,1327,28,20.502,8.2544,0,609.5
308,78,1327,28.5,20.502,8.2544,0.32153,610
308,78,1327,29,20.492,8.2449,0,610.5
308,78,1327,29.5,20.492,8.2449,0.32153,611
308,78,1327,30,20.492,8.2449,0,611.5
308,78,1327,30.5,20.492,8.2449,0,612
308,78,1327,31,20.511,8.264,0,612.5
308,78,1327,31.5,20.511,8.264,0,613
308,78,1327,32,20.502,8.2544,0,613.5
308,78,1327,32.5,20.502,8.2544,0.32153,614
308,78,1327,33,20.502,8.2544,0.32153,614.5
308,78,1327,33.5,20.502,8.2544,0,615
308,78,1327,34,20.511,8.264,0.32153,615.5
308,78,1327,34.5,20.502,8.2544,0,616
308,78,1327,35,20.511,8.264,0,616.5
308,78,1327,35.5,20.502,8.2544,0,617
308,78,1327,36,20.502,8.2544,0,617.5
308,78,1327,36.5,20.502,8.2544,0.32153,618
308,78,1327,37,20.511,8.264,0.32153,618.5
308,78,1327,37.5,20.521,8.2737,0,619
308,78,1327,38,20.521,8.2737,0.32153,619.5
308,78,1327,38.5,20.511,8.264,0,620
308,78,1327,39,20.521,8.2737,-0.32153,620.5
308,78,1327,39.5,20.521,8.2737,0.32153,621
308,78,1327,40,20.521,8.2737,0.32153,621.5
308,78,1327,40.5,20.521,8.2737,0,622
308,78,1327,41,20.521,8.2737,0,622.5
308,78,1327,41.5,20.511,8.264,0,623
308,78,1327,42,20.53,8.2832,0,623.5
308,78,1327,42.5,20.521,8.2737,0,624
308,78,1327,43,20.521,8.2737,0,624.5
308,78,1327,43.5,20.521,8.2737,0,625
308,78,1327,44,20.517,8.2832,0.32153,625.5
308,78,1327,44.5,20.517,8.2832,0,626
308,78,1327,45,20.508,8.2737,0,626.5
308,78,1327,45.5,20.517,8.2832,-0.32153,627
308,78,1327,46,20.517,8.2832,0,627.5
308,78,1327,46.5,20.539,8.2928,0.32153,628
308,78,1327,47,20.517,8.2832,0.32153,628.5
308,78,1327,47.5,20.502,8.2928,0.32153,629
308,78,1327,48,20.514,8.2928,-0.32153,629.5
308,78,1327,48.5,20.514,8.2928,0.32153,630
308,78,1327,49,20.533,8.312,0,630.5
308,78,1327,49.5,20.502,8.2928,0.32153,631
308,78,1327,50,20.546,8.312,0,631.5
308,78,1327,50.5,20.511,8.3024,0.32153,632
308,78,1327,51,20.524,8.3024,0,632.5
308,78,1327,51.5,20.514,8.2928,0.32153,633
308,78,1327,52,20.49,8.2928,-0.32153,633.5
308,78,1327,52.5,20.511,8.3024,0,634
308,78,1327,53,20.502,8.2928,0.32153,634.5
308,78,1327,53.5,20.511,8.3024,0,635
308,78,1327,54,20.508,8.312,0,635.5
308,78,1327,54.5,20.521,8.312,0,636
308,78,1327,55,20.508,8.312,0.32153,636.5
308,78,1327,55.5,20.499,8.3024,0,637
308,78,1327,56,20.508,8.312,0.32153,637.5
308,78,1327,56.5,20.499,8.3024,0,638
308,78,1327,57,20.508,8.312,0,638.5
308,78,1327,57.5,20.499,8.3024,0,639
308,78,1327,58,20.518,8.3216,0,639.5
308,78,1327,58.5,20.508,8.312,0.32153,640
308,78,1327,59,20.518,8.3216,0,640.5
308,78,1327,59.5,20.508,8.312,-0.32153,641
308,78,1328,0,20.508,8.312,0,641.5
308,78,1328,0.5,20.508,8.312,0,642
308,78,1328,1,20.518,8.3216,0,642.5
308,78,1328,1.5,20.518,8.3216,0,643
308,78,1328,2,20.508,8.312,0.32153,643.5
308,78,1328,2.5,20.527,8.3312,0,644
308,78,1328,3,20.518,8.3216,0.32153,644.5
308,78,1328,3.5,20.527,8.3312,0,645
308,78,1328,4,20.527,8.3312,0,645.5
308,78,1328,4.5,20.518,8.3216,0,646
308,78,1328,5,20.527,8.3312,0,646.5
308,78,1328,5.5,20.527,8.3312,0,647
308,78,1328,6,20.527,8.3312,0,647.5
308,78,1328,6.5,20.505,8.3216,0,648
308,78,1328,7,20.527,8.3312,0,648.5
308,78,1328,7.5,20.515,8.3312,0,649
308,78,1328,8,20.505,8.3216,0,649.5
308,78,1328,8.5,20.527,8.3312,0,650
308,78,1328,9,20.527,8.3312,0,650.5
308,78,1328,9.5,20.512,8.3408,0,651
308,78,1328,10,20.536,8.3408,0,651.5
308,78,1328,10.5,20.515,8.3312,0,652
308,78,1328,11,20.502,8.3312,0,652.5
308,78,1328,11.5,20.512,8.3408,0.32153,653
308,78,1328,12,20.512,8.3408,0,653.5
308,78,1328,12.5,20.512,8.3408,0,654
308,78,1328,13,20.533,8.3504,0,654.5
308,78,1328,13.5,20.521,8.3504,0,655
308,78,1328,14,20.512,8.3408,0,655.5
308,78,1328,14.5,20.521,8.3504,0,656
308,78,1328,15,20.521,8.3504,0,656.5
308,78,1328,15.5,20.509,8.3504,0.32153,657
308,78,1328,16,20.53,8.36,0,657.5
308,78,1328,16.5,20.496,8.3504,0.32153,658
308,78,1328,17,20.509,8.3504,0,658.5
308,78,1328,17.5,20.496,8.3504,0.32153,659
308,78,1328,18,20.496,8.3504,0.32153,659.5
308,78,1328,18.5,20.521,8.3504,0.32153,660
308,78,1328,19,20.509,8.3504,0,660.5
308,78,1328,19.5,20.506,8.36,0,661
308,78,1328,20,20.515,8.3696,0,661.5
308,78,1328,20.5,20.496,8.3504,0.32153,662
308,78,1328,21,20.506,8.36,0,662.5
308,78,1328,21.5,20.515,8.3696,0,663
308,78,1328,22,20.515,8.3696,0,663.5
308,78,1328,22.5,20.515,8.3696,0,664
308,78,1328,23,20.515,8.3696,0.32153,664.5
308,78,1328,23.5,20.515,8.3696,0.32153,665
308,78,1328,24,20.496,8.3504,0,665.5
308,78,1328,24.5,20.515,8.3696,0.32153,666
308,78,1328,25,20.515,8.3696,0.32153,666.5
308,78,1328,25.5,20.515,8.3696,0,667
308,78,1328,26,20.514,8.3688,0.32153,667.5
308,78,1328,26.5,20.524,8.3784,0.32153,668
308,78,1328,27,20.524,8.3784,0.32153,668.5
308,78,1328,27.5,20.514,8.3688,0.32153,669
308,78,1328,28,20.514,8.3688,0,669.5
308,78,1328,28.5,20.502,8.3688,0.32153,670
308,78,1328,29,20.533,8.388,0,670.5
308,78,1328,29.5,20.524,8.3784,0,671
308,78,1328,30,20.521,8.388,0,671.5
308,78,1328,30.5,20.533,8.388,0,672
308,78,1328,31,20.508,8.388,0,672.5
308,78,1328,31.5,20.508,8.388,0,673
308,78,1328,32,20.533,8.388,0,673.5
308,78,1328,32.5,20.521,8.388,0,674
308,78,1328,33,20.518,8.3976,0,674.5
308,78,1328,33.5,20.521,8.388,0,675
308,78,1328,34,20.508,8.388,0,675.5
308,78,1328,34.5,20.521,8.388,0,676
308,78,1328,35,20.508,8.388,0,676.5
308,78,1328,35.5,20.508,8.388,0,677
308,78,1328,36,20.496,8.388,0,677.5
308,78,1328,36.5,20.505,8.3976,0,678
308,78,1328,37,20.483,8.388,0,678.5
308,78,1328,37.5,20.518,8.3976,0,679
308,78,1328,38,20.496,8.388,0,679.5
308,78,1328,38.5,20.505,8.3976,0,680
308,78,1328,39,20.493,8.3976,0,680.5
308,78,1328,39.5,20.505,8.3976,0,681
308,78,1328,40,20.493,8.3976,0,681.5
308,78,1328,40.5,20.515,8.4072,0,682
308,78,1328,41,20.524,8.4168,0,682.5
308,78,1328,41.5,20.493,8.3976,0,683
308,78,1328,42,20.493,8.3976,0,683.5
308,78,1328,42.5,20.502,8.4072,0,684
308,78,1328,43,20.493,8.3976,0,684.5
308,78,1328,43.5,20.502,8.4072,0,685
308,78,1328,44,20.502,8.4072,0,685.5
308,78,1328,44.5,20.502,8.4072,0,686
308,78,1328,45,20.502,8.4072,0,686.5
308,78,1328,45.5,20.502,8.4072,0,687
308,78,1328,46,20.502,8.4072,0,687.5
308,78,1328,46.5,20.502,8.4072,0,688
308,78,1328,47,20.502,8.4072,0,688.5
308,78,1328,47.5,20.502,8.4072,0,689
308,78,1328,48,20.512,8.4168,0,689.5
308,78,1328,48.5,20.512,8.4168,0,690
308,78,1328,49,20.521,8.4264,0,690.5
308,78,1328,49.5,20.521,8.4264,0,691
308,78,1328,50,20.521,8.4264,0,691.5
308,78,1328,50.5,20.521,8.4264,0,692
308,78,1328,51,20.502,8.4072,0,692.5
308,78,1328,51.5,20.521,8.4264,0,693
308,78,1328,52,20.521,8.4264,0,693.5
308,78,1328,52.5,20.509,8.4264,0,694
308,78,1328,53,20.512,8.4168,0,694.5
308,78,1328,53.5,20.509,8.4264,0,695
308,78,1328,54,20.509,8.4264,0,695.5
308,78,1328,54.5,20.512,8.4168,0,696
308,78,1328,55,20.521,8.4264,0,696.5
308,78,1328,55.5,20.509,8.4264,0,697
308,78,1328,56,20.496,8.4264,0.32152,697.5
308,78,1328,56.5,20.496,8.4264,0.32152,698
308,78,1328,57,20.527,8.4456,0,698.5
308,78,1328,57.5,20.527,8.4456,0,699
308,78,1328,58,20.496,8.4264,0,699.5
308,78,1328,58.5,20.527,8.4456,0,700
308,78,1328,59,20.515,8.4456,0,700.5
308,78,1328,59.5,20.506,8.436,0,701
308,78,1329,0,20.506,8.436,0.32152,701.5
308,78,1329,0.5,20.515,8.4456,0,702
308,78,1329,1,20.493,8.436,0,702.5
308,78,1329,1.5,20.515,8.4456,0,703
308,78,1329,2,20.503,8.4456,0,703.5
308,78,1329,2.5,20.503,8.4456,0,704
308,78,1329,3,20.503,8.4456,0,704.5
308,78,1329,3.5,20.49,8.4456,0,705
308,78,1329,4,20.503,8.4456,0,705.5
308,78,1329,4.5,20.503,8.4456,0,706
308,78,1329,5,20.503,8.4456,0,706.5
308,78,1329,5.5,20.5,8.4552,0,707
308,78,1329,6,20.49,8.4456,0,707.5
308,78,1329,6.5,20.49,8.4456,0,708
308,78,1329,7,20.49,8.4456,0,708.5
308,78,1329,7.5,20.5,8.4552,0,709
308,78,1329,8,20.5,8.4552,0,709.5
308,78,1329,8.5,20.5,8.4552,0,710
308,78,1329,9,20.5,8.4552,0,710.5
308,78,1329,9.5,20.509,8.4648,0,711
308,78,1329,10,20.5,8.4552,0,711.5
308,78,1329,10.5,20.509,8.4648,0,712
308,78,1329,11,20.509,8.4648,0,712.5
308,78,1329,11.5,20.5,8.4552,0,713
308,78,1329,12,20.509,8.4648,0,713.5
308,78,1329,12.5,20.509,8.4648,0,714
308,78,1329,13,20.509,8.4648,0,714.5
308,78,1329,13.5,20.518,8.4744,0,715
308,78,1329,14,20.518,8.4744,0,715.5
308,78,1329,14.5,20.509,8.4648,0,716
308,78,1329,15,20.5,8.4552,0,716.5
308,78,1329,15.5,20.509,8.4648,0,717
308,78,1329,16,20.518,8.4744,0,717.5
308,78,1329,16.5,20.528,8.484,0,718
308,78,1329,17,20.528,8.484,0,718.5
308,78,1329,17.5,20.528,8.484,0,719
308,78,1329,18,20.509,8.4648,0,719.5
308,78,1329,18.5,20.509,8.4648,0,720
308,78,1329,19,20.528,8.484,0,720.5
308,78,1329,19.5,20.537,8.4936,0,721
308,78,1329,20,20.525,8.4936,0.32152,721.5
308,78,1329,20.5,20.528,8.484,0.32152,722
308,78,1329,21,20.537,8.4936,0,722.5
308,78,1329,21.5,20.518,8.4744,0.32152,723
308,78,1329,22,20.515,8.484,0,723.5
308,78,1329,22.5,20.525,8.4936,0,724
308,78,1329,23,20.512,8.4936,0.32152,724.5
308,78,1329,23.5,20.525,8.4936,0.32152,725
308,78,1329,24,20.537,8.4936,0,725.5
308,78,1329,24.5,20.525,8.4936,0,726
308,78,1329,25,20.525,8.4936,0.32152,726.5
308,78,1329,25.5,20.534,8.5032,0.32152,727
308,78,1329,26,20.531,8.5128,-0.32152,727.5
308,78,1329,26.5,20.5,8.4936,0,728
308,78,1329,27,20.512,8.4936,0.32152,728.5
308,78,1329,27.5,20.534,8.5032,0.32152,729
308,78,1329,28,20.509,8.5032,0,729.5
308,78,1329,28.5,20.497,8.5032,-0.32152,730
308,78,1329,29,20.487,8.4936,0.32152,730.5
308,78,1329,29.5,20.522,8.5032,0,731
308,78,1329,30,20.522,8.5032,0.32152,731.5
308,78,1329,30.5,20.509,8.5032,0,732
308,78,1329,31,20.506,8.5128,0,732.5
308,78,1329,31.5,20.497,8.5032,0,733
308,78,1329,32,20.497,8.5032,0,733.5
308,78,1329,32.5,20.506,8.5128,0,734
308,78,1329,33,20.497,8.5032,0,734.5
308,78,1329,33.5,20.506,8.5128,0,735
308,78,1329,34,20.506,8.5128,0,735.5
308,78,1329,34.5,20.516,8.5224,0,736
308,78,1329,35,20.516,8.5224,0,736.5
308,78,1329,35.5,20.516,8.5224,0,737
308,78,1329,36,20.506,8.5128,0,737.5
308,78,1329,36.5,20.516,8.5224,0,738
308,78,1329,37,20.525,8.5321,0,738.5
308,78,1329,37.5,20.516,8.5224,0,739
308,78,1329,38,20.525,8.5321,0,739.5
308,78,1329,38.5,20.525,8.5321,0,740
308,78,1329,39,20.516,8.5224,0,740.5
308,78,1329,39.5,20.516,8.5224,0,741
308,78,1329,40,20.525,8.5321,0,741.5
308,78,1329,40.5,20.525,8.5321,0,742
308,78,1329,41,20.516,8.5224,0,742.5
308,78,1329,41.5,20.516,8.5224,0,743
308,78,1329,42,20.525,8.5321,0,743.5
308,78,1329,42.5,20.534,8.5416,0,744
308,78,1329,43,20.525,8.5321,0,744.5
308,78,1329,43.5,20.534,8.5416,0,745
308,78,1329,44,20.522,8.5416,0,745.5
308,78,1329,44.5,20.525,8.5321,0,746
308,78,1329,45,20.525,8.5321,0,746.5
308,78,1329,45.5,20.534,8.5416,0,747
308,78,1329,46,20.534,8.5416,0,747.5
308,78,1329,46.5,20.51,8.5416,0,748
308,78,1329,47,20.522,8.5416,0,748.5
308,78,1329,47.5,20.522,8.5416,0,749
308,78,1329,48,20.519,8.5513,0,749.5
308,78,1329,48.5,20.519,8.5513,0,750
308,78,1329,49,20.51,8.5416,0,750.5
308,78,1329,49.5,20.522,8.5416,0,751
308,78,1329,50,20.522,8.5416,0,751.5
308,78,1329,50.5,20.519,8.5513,0,752
308,78,1329,51,20.531,8.5513,0,752.5
308,78,1329,51.5,20.519,8.5513,0,753
308,78,1329,52,20.528,8.5609,0,753.5
308,78,1329,52.5,20.528,8.5609,0,754
308,78,1329,53,20.528,8.5609,0,754.5
308,78,1329,53.5,20.538,8.5705,0,755
308,78,1329,54,20.519,8.5513,0,755.5
308,78,1329,54.5,20.519,8.5513,0,756
308,78,1329,55,20.528,8.5609,0,756.5
308,78,1329,55.5,20.519,8.5513,0,757
308,78,1329,56,20.528,8.5609,0,757.5
308,78,1329,56.5,20.538,8.5705,0,758
308,78,1329,57,20.528,8.5609,0,758.5
308,78,1329,57.5,20.547,8.5801,0,759
308,78,1329,58,20.547,8.5801,0,759.5
308,78,1329,58.5,20.525,8.5705,0,760
308,78,1329,59,20.538,8.5705,0,760.5
308,78,1329,59.5,20.504,8.5609,0,761
308,78,1330,0,20.522,8.5801,0,761.5
308,78,1330,0.5,20.513,8.5705,0,762
308,78,1330,1,20.525,8.5705,0,762.5
308,78,1330,1.5,20.513,8.5705,0,763
308,78,1330,2,20.557,8.5897,0,763.5
308,78,1330,2.5,20.522,8.5801,0,764
308,78,1330,3,20.522,8.5801,0,764.5
308,78,1330,3.5,20.532,8.5897,0,765
308,78,1330,4,20.532,8.5897,0,765.5
308,78,1330,4.5,20.522,8.5801,0,766
308,78,1330,5,20.522,8.5801,0,766.5
308,78,1330,5.5,20.522,8.5801,0,767
308,78,1330,6,20.532,8.5897,0,767.5
308,78,1330,6.5,20.532,8.5897,0,768
308,78,1330,7,20.522,8.5801,0,768.5
308,78,1330,7.5,20.522,8.5801,0,769
308,78,1330,8,20.522,8.5801,0,769.5
308,78,1330,8.5,20.532,8.5897,0,770
308,78,1330,9,20.532,8.5897,0,770.5
308,78,1330,9.5,20.532,8.5897,0,771
308,78,1330,10,20.541,8.5993,0,771.5
308,78,1330,10.5,20.507,8.5897,0,772
308,78,1330,11,20.519,8.5897,0,772.5
308,78,1330,11.5,20.507,8.5897,0,773
308,78,1330,12,20.538,8.6089,0,773.5
308,78,1330,12.5,20.538,8.6089,0,774
308,78,1330,13,20.516,8.5993,0,774.5
308,78,1330,13.5,20.526,8.6089,0,775
308,78,1330,14,20.541,8.5993,0,775.5
308,78,1330,14.5,20.516,8.5993,0,776
308,78,1330,15,20.516,8.5993,0,776.5
308,78,1330,15.5,20.526,8.6089,0,777
308,78,1330,16,20.526,8.6089,0,777.5
308,78,1330,16.5,20.526,8.6089,0,778
308,78,1330,17,20.535,8.6186,0,778.5
308,78,1330,17.5,20.526,8.6089,0,779
308,78,1330,18,20.526,8.6089,0,779.5
308,78,1330,18.5,20.526,8.6089,0,780
308,78,1330,19,20.526,8.6089,0,780.5
308,78,1330,19.5,20.526,8.6089,0,781
308,78,1330,20,20.535,8.6186,0,781.5
308,78,1330,20.5,20.526,8.6089,0,782
308,78,1330,21,20.535,8.6186,0,782.5
308,78,1330,21.5,20.535,8.6186,0,783
308,78,1330,22,20.535,8.6186,0,783.5
308,78,1330,22.5,20.526,8.6089,0,784
308,78,1330,23,20.544,8.6282,0,784.5
308,78,1330,23.5,20.544,8.6282,0,785
308,78,1330,24,20.51,8.6186,0,785.5
308,78,1330,24.5,20.523,8.6186,0,786
308,78,1330,25,20.52,8.6282,0,786.5
308,78,1330,25.5,20.563,8.6474,0,787
308,78,1330,26,20.51,8.6186,0,787.5
308,78,1330,26.5,20.532,8.6282,0,788
308,78,1330,27,20.51,8.6186,0,788.5
308,78,1330,27.5,20.532,8.6282,0,789
308,78,1330,28,20.52,8.6282,0,789.5
308,78,1330,28.5,20.541,8.6378,0,790
308,78,1330,29,20.526,8.6474,0,790.5
308,78,1330,29.5,20.529,8.6378,0,791
308,78,1330,30,20.52,8.6282,0,791.5
308,78,1330,30.5,20.517,8.6378,0,792
308,78,1330,31,20.517,8.6378,0,792.5
308,78,1330,31.5,20.526,8.6474,0,793
308,78,1330,32,20.517,8.6378,0,793.5
308,78,1330,32.5,20.526,8.6474,0,794
308,78,1330,33,20.548,8.657,0,794.5
308,78,1330,33.5,20.526,8.6474,0,795
308,78,1330,34,20.526,8.6474,0,795.5
308,78,1330,34.5,20.526,8.6474,0,796
308,78,1330,35,20.517,8.6378,0,796.5
308,78,1330,35.5,20.523,8.657,0,797
308,78,1330,36,20.535,8.657,0,797.5
308,78,1330,36.5,20.523,8.657,0,798
308,78,1330,37,20.514,8.6474,0,798.5
308,78,1330,37.5,20.514,8.6474,0,799
308,78,1330,38,20.514,8.6474,0,799.5
308,78,1330,38.5,20.514,8.6474,0,800
308,78,1330,39,20.523,8.657,0,800.5
308,78,1330,39.5,20.523,8.657,0,801
308,78,1330,40,20.523,8.657,0,801.5
308,78,1330,40.5,20.532,8.6666,0,802
308,78,1330,41,20.52,8.6666,0,802.5
308,78,1330,41.5,20.511,8.657,0,803
308,78,1330,42,20.532,8.6666,0,803.5
308,78,1330,42.5,20.52,8.6666,0,804
308,78,1330,43,20.532,8.6666,0,804.5
308,78,1330,43.5,20.52,8.6666,0,805
308,78,1330,44,20.52,8.6666,0,805.5
308,78,1330,44.5,20.529,8.6762,0,806
308,78,1330,45,20.508,8.6666,0,806.5
308,78,1330,45.5,20.529,8.6762,0,807
308,78,1330,46,20.517,8.6762,0,807.5
308,78,1330,46.5,20.517,8.6762,0,808
308,78,1330,47,20.517,8.6762,0,808.5
308,78,1330,47.5,20.517,8.6762,0,809
308,78,1330,48,20.517,8.6762,0,809.5
308,78,1330,48.5,20.508,8.6666,0,810
308,78,1330,49,20.517,8.6762,0,810.5
308,78,1330,49.5,20.526,8.6859,0,811
308,78,1330,50,20.517,8.6762,0,811.5
308,78,1330,50.5,20.517,8.6762,0,812
308,78,1330,51,20.526,8.6859,0,812.5
308,78,1330,51.5,20.536,8.6955,0,813
308,78,1330,52,20.517,8.6762,0,813.5
308,78,1330,52.5,20.526,8.6859,0,814
308,78,1330,53,20.536,8.6955,0,814.5
308,78,1330,53.5,20.517,8.6762,0,815
308,78,1330,54,20.526,8.6859,0,815.5
308,78,1330,54.5,20.517,8.6762,0,816
308,78,1330,55,20.536,8.6955,0,816.5
308,78,1330,55.5,20.526,8.6859,0,817
308,78,1330,56,20.545,8.7051,0,817.5
308,78,1330,56.5,20.514,8.6859,0,818
308,78,1330,57,20.536,8.6955,0,818.5
308,78,1330,57.5,20.536,8.6955,0,819
308,78,1330,58,20.523,8.6955,0,819.5
308,78,1330,58.5,20.545,8.7051,0,820
308,78,1330,59,20.533,8.7051,0,820.5
308,78,1330,59.5,20.511,8.6955,0,821
308,78,1331,0,20.53,8.7147,0,821.5
308,78,1331,0.5,20.511,8.6955,0,822
308,78,1331,1,20.52,8.7051,0,822.5
308,78,1331,1.5,20.542,8.7147,0,823
308,78,1331,2,20.533,8.7051,0,823.5
308,78,1331,2.5,20.508,8.7051,0.32152,824
308,78,1331,3,20.52,8.7051,0,824.5
308,78,1331,3.5,20.517,8.7147,0,825
308,78,1331,4,20.508,8.7051,0,825.5
308,78,1331,4.5,20.517,8.7147,0,826
308,78,1331,5,20.539,8.7243,0,826.5
308,78,1331,5.5,20.517,8.7147,0,827
308,78,1331,6,20.52,8.7051,0,827.5
308,78,1331,6.5,20.539,8.7243,0,828
308,78,1331,7,20.517,8.7147,0,828.5
308,78,1331,7.5,20.549,8.734,0,829
308,78,1331,8,20.517,8.7147,0,829.5
308,78,1331,8.5,20.527,8.7243,0,830
308,78,1331,9,20.524,8.734,0,830.5
308,78,1331,9.5,20.514,8.7243,0,831
308,78,1331,10,20.524,8.734,0,831.5
308,78,1331,10.5,20.524,8.734,0,832
308,78,1331,11,20.505,8.7147,0,832.5
308,78,1331,11.5,20.524,8.734,0,833
308,78,1331,12,20.524,8.734,0,833.5
308,78,1331,12.5,20.514,8.7243,0,834
308,78,1331,13,20.524,8.734,0,834.5
308,78,1331,13.5,20.524,8.734,0,835
308,78,1331,14,20.524,8.734,0,835.5
308,78,1331,14.5,20.524,8.734,0,836
308,78,1331,15,20.533,8.7436,0,836.5
308,78,1331,15.5,20.524,8.734,0,837
308,78,1331,16,20.524,8.734,0,837.5
308,78,1331,16.5,20.524,8.734,0,838
308,78,1331,17,20.524,8.734,0,838.5
308,78,1331,17.5,20.533,8.7436,0,839
308,78,1331,18,20.543,8.7532,0,839.5
308,78,1331,18.5,20.533,8.7436,0,840
308,78,1331,19,20.524,8.734,0,840.5
308,78,1331,19.5,20.533,8.7436,0,841
308,78,1331,20,20.533,8.7436,0,841.5
308,78,1331,20.5,20.543,8.7532,0,842
308,78,1331,21,20.533,8.7436,0,842.5
308,78,1331,21.5,20.543,8.7532,0,843
308,78,1331,22,20.543,8.7537,0,843.5
308,78,1331,22.5,20.543,8.7537,0,844
308,78,1331,23,20.543,8.7537,0,844.5
308,78,1331,23.5,20.543,8.7537,0,845
308,78,1331,24,20.543,8.7537,0,845.5
308,78,1331,24.5,20.553,8.7633,0,846
308,78,1331,25,20.54,8.7633,0,846.5
308,78,1331,25.5,20.553,8.7633,0,847
308,78,1331,26,20.55,8.7729,0,847.5
308,78,1331,26.5,20.528,8.7633,0,848
308,78,1331,27,20.528,8.7633,0,848.5
308,78,1331,27.5,20.54,8.7633,0,849
308,78,1331,28,20.518,8.7537,0,849.5
308,78,1331,28.5,20.553,8.7633,0,850
308,78,1331,29,20.528,8.7633,0,850.5
308,78,1331,29.5,20.537,8.7729,0,851
308,78,1331,30,20.528,8.7633,0,851.5
308,78,1331,30.5,20.537,8.7729,0,852
308,78,1331,31,20.528,8.7633,0,852.5
308,78,1331,31.5,20.537,8.7729,0,853
308,78,1331,32,20.537,8.7729,0,853.5
308,78,1331,32.5,20.528,8.7633,0,854
308,78,1331,33,20.537,8.7729,0,854.5
308,78,1331,33.5,20.547,8.7826,0,855
308,78,1331,34,20.547,8.7826,0,855.5
308,78,1331,34.5,20.556,8.7922,0,856
308,78,1331,35,20.528,8.7633,0,856.5
308,78,1331,35.5,20.547,8.7826,0,857
308,78,1331,36,20.537,8.7729,0,857.5
308,78,1331,36.5,20.547,8.7826,0,858
308,78,1331,37,20.547,8.7826,0,858.5
308,78,1331,37.5,20.522,8.7826,0,859
308,78,1331,38,20.553,8.8018,0,859.5
308,78,1331,38.5,20.512,8.7729,0,860
308,78,1331,39,20.531,8.7922,0,860.5
308,78,1331,39.5,20.544,8.7922,0,861
308,78,1331,40,20.556,8.7922,0,861.5
308,78,1331,40.5,20.556,8.7922,0,862
308,78,1331,41,20.531,8.7922,0,862.5
308,78,1331,41.5,20.541,8.8018,0,863
308,78,1331,42,20.531,8.7922,0,863.5
308,78,1331,42.5,20.55,8.8114,0,864
308,78,1331,43,20.562,8.8114,0,864.5
308,78,1331,43.5,20.541,8.8018,0,865
308,78,1331,44,20.541,8.8018,0,865.5
308,78,1331,44.5,20.531,8.7922,0,866
308,78,1331,45,20.541,8.8018,0,866.5
308,78,1331,45.5,20.55,8.8114,0,867
308,78,1331,46,20.55,8.8114,0,867.5
308,78,1331,46.5,20.541,8.8018,0,868
308,78,1331,47,20.547,8.821,0,868.5
308,78,1331,47.5,20.528,8.8018,0,869
308,78,1331,48,20.541,8.8018,0,869.5
308,78,1331,48.5,20.525,8.8114,0,870
308,78,1331,49,20.538,8.8114,0,870.5
308,78,1331,49.5,20.538,8.8114,0,871
308,78,1331,50,20.556,8.8307,0,871.5
308,78,1331,50.5,20.559,8.821,0,872
308,78,1331,51,20.525,8.8114,0,872.5
308,78,1331,51.5,20.525,8.8114,0,873
308,78,1331,52,20.525,8.8114,0,873.5
308,78,1331,52.5,20.535,8.821,0,874
308,78,1331,53,20.525,8.8114,0,874.5
308,78,1331,53.5,20.535,8.821,0,875
308,78,1331,54,20.535,8.821,0,875.5
308,78,1331,54.5,20.522,8.821,0,876
308,78,1331,55,20.532,8.8307,0,876.5
308,78,1331,55.5,20.535,8.821,0,877
308,78,1331,56,20.535,8.821,0,877.5
308,78,1331,56.5,20.532,8.8307,0,878
308,78,1331,57,20.522,8.821,0,878.5
308,78,1331,57.5,20.519,8.8307,0,879
308,78,1331,58,20.519,8.8307,0,879.5
308,78,1331,58.5,20.519,8.8307,0,880
308,78,1331,59,20.544,8.8307,0,880.5
308,78,1331,59.5,20.544,8.8307,0,881
308,78,1332,0,20.529,8.8403,0,881.5
308,78,1332,0.5,20.529,8.8403,0,882
308,78,1332,1,20.541,8.8403,0,882.5
308,78,1332,1.5,20.538,8.8499,0,883
308,78,1332,2,20.538,8.8499,0,883.5
308,78,1332,2.5,20.538,8.8499,0,884
308,78,1332,3,20.538,8.8499,0,884.5
308,78,1332,3.5,20.538,8.8499,0,885
308,78,1332,4,20.529,8.8403,0,885.5
308,78,1332,4.5,20.529,8.8403,0,886
308,78,1332,5,20.529,8.8403,0,886.5
308,78,1332,5.5,20.547,8.8596,0,887
308,78,1332,6,20.547,8.8596,0,887.5
308,78,1332,6.5,20.538,8.8499,0,888
308,78,1332,7,20.538,8.8499,0,888.5
308,78,1332,7.5,20.538,8.8499,0,889
308,78,1332,8,20.538,8.8499,0,889.5
308,78,1332,8.5,20.538,8.8499,0,890
308,78,1332,9,20.547,8.8596,0,890.5
308,78,1332,9.5,20.544,8.8692,0,891
308,78,1332,10,20.538,8.8499,0,891.5
308,78,1332,10.5,20.529,8.8403,0,892
308,78,1332,11,20.544,8.8692,0,892.5
308,78,1332,11.5,20.557,8.8692,0,893
308,78,1332,12,20.523,8.8596,0,893.5
308,78,1332,12.5,20.532,8.8692,0,894
308,78,1332,13,20.544,8.8692,0,894.5
308,78,1332,13.5,20.523,8.8596,0,895
308,78,1332,14,20.532,8.8692,0,895.5
308,78,1332,14.5,20.523,8.8596,0,896
308,78,1332,15,20.532,8.8692,0,896.5
308,78,1332,15.5,20.532,8.8692,0,897
308,78,1332,16,20.532,8.8692,0,897.5
308,78,1332,16.5,20.542,8.8788,0,898
308,78,1332,17,20.542,8.8788,0,898.5
308,78,1332,17.5,20.532,8.8692,0,899
308,78,1332,18,20.532,8.8692,0,899.5
308,78,1332,18.5,20.551,8.8885,0,900
