308,78,1933,19.625,21.705,21.532,188.39,0
308,78,1933,20,21.781,21.509,187.74,0.5
308,78,1933,20.5,21.854,21.532,187.74,1
308,78,1933,21,21.868,21.509,187.74,1.5
308,78,1933,21.5,21.88,21.509,188.07,2
308,78,1933,22,21.952,21.532,187.74,2.5
308,78,1933,22.5,21.941,21.521,187.74,3
308,78,1933,23,21.929,21.509,187.74,3.5
308,78,1933,23.5,21.99,21.521,187.74,4
308,78,1933,24,21.99,21.521,187.74,4.5
308,78,1933,24.5,22.003,21.521,187.74,5
308,78,1933,25,22.04,21.521,187.74,5.5
308,78,1933,25.5,22.04,21.521,187.74,6
308,78,1933,26,22.04,21.521,187.74,6.5
308,78,1933,26.5,22.088,21.532,187.74,7
308,78,1933,27,22.065,21.509,187.74,7.5
308,78,1933,27.5,22.101,21.532,187.74,8
308,78,1933,28,22.101,21.532,188.07,8.5
308,78,1933,28.5,22.101,21.532,188.07,9
308,78,1933,29,22.113,21.532,188.07,9.5
308,78,1933,29.5,22.102,21.509,188.07,10
308,78,1933,30,22.138,21.532,188.07,10.5
308,78,1933,30.5,22.126,21.521,187.74,11
308,78,1933,31,22.127,21.509,188.07,11.5
308,78,1933,31.5,22.138,21.521,188.07,12
308,78,1933,32,22.138,21.521,188.07,12.5
308,78,1933,32.5,22.175,21.532,188.07,13
308,78,1933,33,22.15,21.532,188.07,13.5
308,78,1933,33.5,22.176,21.521,188.07,14
308,78,1933,34,22.188,21.521,188.07,14.5
308,78,1933,34.5,22.188,21.521,188.07,15
308,78,1933,35,22.188,21.521,188.07,15.5
308,78,1933,35.5,22.199,21.532,188.07,16
308,78,1933,36,22.188,21.521,187.74,16.5
308,78,1933,36.5,22.199,21.532,187.74,17
308,78,1933,37,22.199,21.532,187.74,17.5
308,78,1933,37.5,22.199,21.532,187.74,18
308,78,1933,38,22.213,21.521,187.74,18.5
308,78,1933,38.5,22.213,21.521,187.74,19
308,78,1933,39,22.237,21.521,187.74,19.5
308,78,1933,39.5,22.237,21.521,187.74,20
308,78,1933,40,22.26,21.544,187.74,20.5
308,78,1933,40.5,22.249,21.532,187.74,21
308,78,1933,41,22.249,21.532,187.74,21.5
308,78,1933,41.5,22.249,21.532,187.74,22
308,78,1933,42,22.237,21.521,187.74,22.5
308,78,1933,42.5,22.237,21.521,187.74,23
308,78,1933,43,22.237,21.521,187.74,23.5
308,78,1933,43.5,22.249,21.532,187.74,24
308,78,1933,44,22.237,21.521,187.74,24.5
308,78,1933,44.5,22.237,21.521,187.74,25
308,78,1933,45,22.25,21.521,187.74,25.5
308,78,1933,45.5,22.286,21.532,187.74,26
308,78,1933,46,22.262,21.521,187.74,26.5
308,78,1933,46.5,22.273,21.532,187.74,27
308,78,1933,47,22.25,21.509,187.74,27.5
308,78,1933,47.5,22.262,21.521,187.74,28
308,78,1933,48,22.31,21.544,187.74,28.5
308,78,1933,48.5,22.298,21.532,187.74,29
308,78,1933,49,22.287,21.521,187.74,29.5
308,78,1933,49.5,22.298,21.532,187.74,30
308,78,1933,50,22.31,21.544,188.07,30.5
308,78,1933,50.5,22.298,21.532,187.74,31
308,78,1933,51,22.287,21.521,187.74,31.5
308,78,1933,51.5,22.275,21.509,187.74,32
308,78,1933,52,22.298,21.532,188.07,32.5
308,78,1933,52.5,22.298,21.532,188.07,33
308,78,1933,53,22.311,21.521,188.07,33.5
308,78,1933,53.5,22.311,21.521,188.07,34
308,78,1933,54,22.298,21.532,188.07,34.5
308,78,1933,54.5,22.299,21.521,188.07,35
308,78,1933,55,22.299,21.521,188.07,35.5
308,78,1933,55.5,22.31,21.532,187.74,36
308,78,1933,56,22.311,21.521,187.74,36.5
308,78,1933,56.5,22.298,21.532,187.74,37
308,78,1933,57,22.323,21.532,187.74,37.5
308,78,1933,57.5,22.299,21.521,187.74,38
308,78,1933,58,22.323,21.532,188.07,38.5
308,78,1933,58.5,22.323,21.532,187.74,39
308,78,1933,59,22.323,21.532,188.07,39.5
308,78,1933,59.5,22.323,21.532,188.07,40
308,78,1934,0,22.311,21.521,188.07,40.5
308,78,1934,0.5,22.323,21.532,187.74,41
308,78,1934,1,22.335,21.532,188.07,41.5
308,78,1934,1.5,22.323,21.532,187.74,42
308,78,1934,2,22.324,21.521,187.74,42.5
308,78,1934,2.5,22.311,21.521,187.74,43
308,78,1934,3,22.324,21.509,187.74,43.5
308,78,1934,3.5,22.336,21.521,187.74,44
308,78,1934,4,22.348,21.532,187.74,44.5
308,78,1934,4.5,22.348,21.532,187.74,45
308,78,1934,5,22.336,21.521,187.74,45.5
308,78,1934,5.5,22.348,21.532,187.74,46
308,78,1934,6,22.348,21.532,187.74,46.5
308,78,1934,6.5,22.348,21.532,187.74,47
308,78,1934,7,22.359,21.544,187.74,47.5
308,78,1934,7.5,22.359,21.544,187.74,48
308,78,1934,8,22.348,21.532,187.74,48.5
308,78,1934,8.5,22.348,21.532,187.74,49
308,78,1934,9,22.348,21.532,187.74,49.5
308,78,1934,9.5,22.336,21.521,187.74,50
308,78,1934,10,22.336,21.521,187.74,50.5
308,78,1934,10.5,22.348,21.532,187.74,51
308,78,1934,11,22.359,21.544,187.74,51.5
308,78,1934,11.5,22.336,21.521,187.74,52
308,78,1934,12,22.348,21.532,187.74,52.5
308,78,1934,12.5,22.336,21.521,187.74,53
308,78,1934,13,22.348,21.532,187.74,53.5
308,78,1934,13.5,22.336,21.521,187.74,54
308,78,1934,14,22.36,21.532,187.74,54.5
308,78,1934,14.5,22.336,21.521,187.74,55
308,78,1934,15,22.348,21.532,188.07,55.5
308,78,1934,15.5,22.359,21.544,187.74,56
308,78,1934,16,22.348,21.532,187.74,56.5
308,78,1934,16.5,22.36,21.532,188.07,57
308,78,1934,17,22.336,21.521,188.07,57.5
308,78,1934,17.5,22.336,21.521,188.07,58
308,78,1934,18,22.348,21.521,187.74,58.5
308,78,1934,18.5,22.359,21.544,187.74,59
308,78,1934,19,22.348,21.521,187.74,59.5
308,78,1934,19.5,22.372,21.532,187.74,60
308,78,1934,20,22.385,21.521,187.74,60.5
308,78,1934,20.5,22.384,21.544,187.74,61
308,78,1934,21,22.371,21.544,187.74,61.5
308,78,1934,21.5,22.396,21.544,187.74,62
308,78,1934,22,22.372,21.532,187.74,62.5
308,78,1934,22.5,22.385,21.532,188.07,63
308,78,1934,23,22.373,21.521,187.74,63.5
308,78,1934,23.5,22.385,21.532,187.74,64
308,78,1934,24,22.396,21.544,187.74,64.5
308,78,1934,24.5,22.408,21.544,187.74,65
308,78,1934,25,22.397,21.532,187.74,65.5
308,78,1934,25.5,22.397,21.532,187.74,66
308,78,1934,26,22.397,21.532,187.74,66.5
308,78,1934,26.5,22.373,21.521,187.74,67
308,78,1934,27,22.385,21.521,187.74,67.5
308,78,1934,27.5,22.397,21.532,187.74,68
308,78,1934,28,22.408,21.544,187.74,68.5
308,78,1934,28.5,22.385,21.521,188.07,69
308,78,1934,29,22.397,21.532,187.74,69.5
308,78,1934,29.5,22.397,21.532,188.07,70
308,78,1934,30,22.397,21.532,188.07,70.5
308,78,1934,30.5,22.397,21.532,188.07,71
308,78,1934,31,22.397,21.532,188.07,71.5
308,78,1934,31.5,22.408,21.544,188.07,72
308,78,1934,32,22.397,21.532,187.74,72.5
308,78,1934,32.5,22.385,21.521,187.74,73
308,78,1934,33,22.397,21.532,187.74,73.5
308,78,1934,33.5,22.385,21.521,187.74,74
308,78,1934,34,22.408,21.544,187.74,74.5
308,78,1934,34.5,22.385,21.521,187.74,75
308,78,1934,35,22.385,21.521,187.74,75.5
308,78,1934,35.5,22.397,21.532,187.74,76
308,78,1934,36,22.397,21.532,187.74,76.5
308,78,1934,36.5,22.397,21.532,187.74,77
308,78,1934,37,22.397,21.532,187.74,77.5
308,78,1934,37.5,22.397,21.532,187.74,78
308,78,1934,38,22.385,21.521,187.74,78.5
308,78,1934,38.5,22.397,21.532,187.74,79
308,78,1934,39,22.408,21.544,187.74,79.5
308,78,1934,39.5,22.408,21.544,187.74,80
308,78,1934,40,22.385,21.521,187.74,80.5
308,78,1934,40.5,22.408,21.544,187.74,81
308,78,1934,41,22.385,21.521,187.74,81.5
308,78,1934,41.5,22.408,21.544,187.74,82
308,78,1934,42,22.397,21.532,187.74,82.5
308,78,1934,42.5,22.397,21.532,187.74,83
308,78,1934,43,22.397,21.532,187.74,83.5
308,78,1934,43.5,22.421,21.544,187.74,84
308,78,1934,44,22.397,21.532,187.74,84.5
308,78,1934,44.5,22.409,21.532,187.74,85
308,78,1934,45,22.397,21.532,187.74,85.5
308,78,1934,45.5,22.422,21.532,187.74,86
308,78,1934,46,22.422,21.532,187.74,86.5
308,78,1934,46.5,22.422,21.532,187.74,87
308,78,1934,47,22.409,21.532,187.74,87.5
308,78,1934,47.5,22.398,21.521,187.74,88
308,78,1934,48,22.422,21.532,187.74,88.5
308,78,1934,48.5,22.397,21.532,187.74,89
308,78,1934,49,22.433,21.544,187.74,89.5
308,78,1934,49.5,22.421,21.544,187.74,90
308,78,1934,50,22.422,21.532,187.74,90.5
308,78,1934,50.5,22.422,21.532,187.74,91
308,78,1934,51,22.434,21.532,187.74,91.5
308,78,1934,51.5,22.433,21.544,187.74,92
308,78,1934,52,22.422,21.521,187.74,92.5
308,78,1934,52.5,22.445,21.544,187.74,93
308,78,1934,53,22.446,21.532,187.74,93.5
308,78,1934,53.5,22.422,21.532,187.74,94
308,78,1934,54,22.458,21.544,187.74,94.5
308,78,1934,54.5,22.434,21.532,187.74,95
308,78,1934,55,22.434,21.532,187.74,95.5
308,78,1934,55.5,22.445,21.544,188.07,96
308,78,1934,56,22.434,21.532,188.07,96.5
308,78,1934,56.5,22.445,21.544,188.07,97
308,78,1934,57,22.446,21.532,188.07,97.5
308,78,1934,57.5,22.458,21.544,188.07,98
308,78,1934,58,22.446,21.532,187.74,98.5
308,78,1934,58.5,22.469,21.556,188.07,99
308,78,1934,59,22.434,21.532,188.07,99.5
308,78,1934,59.5,22.434,21.532,187.74,100
308,78,1935,0,22.445,21.544,187.74,100.5
308,78,1935,0.5,22.435,21.521,187.74,101
308,78,1935,1,22.458,21.544,187.74,101.5
308,78,1935,1.5,22.446,21.532,187.74,102
308,78,1935,2,22.446,21.532,187.74,102.5
308,78,1935,2.5,22.458,21.544,188.07,103
308,78,1935,3,22.446,21.532,187.74,103.5
308,78,1935,3.5,22.435,21.521,187.74,104
308,78,1935,4,22.446,21.532,187.74,104.5
308,78,1935,4.5,22.446,21.532,187.74,105
308,78,1935,5,22.458,21.544,187.74,105.5
308,78,1935,5.5,22.446,21.532,187.74,106
308,78,1935,6,22.446,21.532,187.74,106.5
308,78,1935,6.5,22.458,21.544,187.74,107
308,78,1935,7,22.458,21.544,187.74,107.5
308,78,1935,7.5,22.458,21.544,187.74,108
308,78,1935,8,22.446,21.532,187.74,108.5
308,78,1935,8.5,22.446,21.532,187.74,109
308,78,1935,9,22.446,21.532,187.74,109.5
308,78,1935,9.5,22.446,21.532,187.74,110
308,78,1935,10,22.435,21.521,188.07,110.5
308,78,1935,10.5,22.446,21.532,187.74,111
308,78,1935,11,22.446,21.532,187.74,111.5
308,78,1935,11.5,22.446,21.532,187.74,112
308,78,1935,12,22.458,21.544,187.74,112.5
308,78,1935,12.5,22.446,21.532,187.74,113
308,78,1935,13,22.469,21.556,187.74,113.5
308,78,1935,13.5,22.446,21.532,187.74,114
308,78,1935,14,22.458,21.544,187.74,114.5
308,78,1935,14.5,22.458,21.544,187.74,115
308,78,1935,15,22.446,21.532,187.74,115.5
308,78,1935,15.5,22.446,21.532,187.74,116
308,78,1935,16,22.458,21.544,187.74,116.5
308,78,1935,16.5,22.458,21.544,187.74,117
308,78,1935,17,22.458,21.544,187.74,117.5
308,78,1935,17.5,22.458,21.544,187.74,118
308,78,1935,18,22.458,21.544,187.74,118.5
308,78,1935,18.5,22.446,21.532,187.74,119
308,78,1935,19,22.435,21.521,187.74,119.5
308,78,1935,19.5,22.435,21.521,187.74,120
308,78,1935,20,22.446,21.532,187.74,120.5
308,78,1935,20.5,22.458,21.544,187.74,121
308,78,1935,21,22.469,21.556,187.74,121.5
308,78,1935,21.5,22.458,21.544,187.74,122
308,78,1935,22,22.47,21.544,187.74,122.5
308,78,1935,22.5,22.458,21.544,187.74,123
308,78,1935,23,22.458,21.544,187.74,123.5
308,78,1935,23.5,22.469,21.556,187.74,124
308,78,1935,24,22.47,21.544,187.74,124.5
308,78,1935,24.5,22.459,21.532,187.74,125
308,78,1935,25,22.446,21.532,187.74,125.5
308,78,1935,25.5,22.459,21.532,187.74,126
308,78,1935,26,22.446,21.532,187.74,126.5
308,78,1935,26.5,22.47,21.544,187.74,127
308,78,1935,27,22.458,21.544,187.74,127.5
308,78,1935,27.5,22.47,21.544,187.74,128
308,78,1935,28,22.459,21.532,188.07,128.5
308,78,1935,28.5,22.47,21.544,187.74,129
308,78,1935,29,22.459,21.532,187.74,129.5
308,78,1935,29.5,22.47,21.544,187.74,130
308,78,1935,30,22.47,21.544,187.74,130.5
308,78,1935,30.5,22.482,21.544,187.74,131
308,78,1935,31,22.459,21.521,187.74,131.5
308,78,1935,31.5,22.482,21.556,187.74,132
308,78,1935,32,22.47,21.544,187.74,132.5
308,78,1935,32.5,22.495,21.544,187.74,133
308,78,1935,33,22.519,21.556,187.74,133.5
308,78,1935,33.5,22.47,21.544,187.74,134
308,78,1935,34,22.47,21.544,187.74,134.5
308,78,1935,34.5,22.495,21.544,187.74,135
308,78,1935,35,22.519,21.556,187.74,135.5
308,78,1935,35.5,22.483,21.532,187.74,136
308,78,1935,36,22.471,21.532,187.74,136.5
308,78,1935,36.5,22.507,21.544,187.74,137
308,78,1935,37,22.495,21.532,187.74,137.5
308,78,1935,37.5,22.482,21.544,187.74,138
308,78,1935,38,22.482,21.544,187.74,138.5
308,78,1935,38.5,22.495,21.532,187.74,139
308,78,1935,39,22.482,21.544,187.74,139.5
308,78,1935,39.5,22.506,21.556,188.07,140
308,78,1935,40,22.507,21.544,188.07,140.5
308,78,1935,40.5,22.495,21.544,188.07,141
308,78,1935,41,22.507,21.544,187.74,141.5
308,78,1935,41.5,22.495,21.544,187.74,142
308,78,1935,42,22.507,21.544,187.74,142.5
308,78,1935,42.5,22.507,21.544,187.74,143
308,78,1935,43,22.507,21.544,187.74,143.5
308,78,1935,43.5,22.507,21.544,187.74,144
308,78,1935,44,22.483,21.532,187.74,144.5
308,78,1935,44.5,22.495,21.544,187.74,145
308,78,1935,45,22.495,21.532,187.74,145.5
308,78,1935,45.5,22.495,21.532,187.74,146
308,78,1935,46,22.507,21.544,187.74,146.5
308,78,1935,46.5,22.495,21.532,187.74,147
308,78,1935,47,22.507,21.544,187.74,147.5
308,78,1935,47.5,22.507,21.544,187.74,148
308,78,1935,48,22.495,21.532,187.74,148.5
308,78,1935,48.5,22.484,21.521,188.07,149
308,78,1935,49,22.495,21.532,187.74,149.5
308,78,1935,49.5,22.507,21.544,187.74,150
308,78,1935,50,22.507,21.544,187.74,150.5
308,78,1935,50.5,22.519,21.556,187.74,151
308,78,1935,51,22.507,21.544,187.74,151.5
308,78,1935,51.5,22.507,21.544,187.74,152
308,78,1935,52,22.519,21.556,187.74,152.5
308,78,1935,52.5,22.507,21.544,187.74,153
308,78,1935,53,22.495,21.544,187.74,153.5
308,78,1935,53.5,22.495,21.532,187.74,154
308,78,1935,54,22.495,21.532,187.74,154.5
308,78,1935,54.5,22.507,21.544,187.74,155
308,78,1935,55,22.507,21.544,187.74,155.5
308,78,1935,55.5,22.507,21.544,187.74,156
308,78,1935,56,22.495,21.532,187.74,156.5
308,78,1935,56.5,22.507,21.544,187.74,157
308,78,1935,57,22.507,21.544,187.74,157.5
308,78,1935,57.5,22.519,21.556,187.74,158
308,78,1935,58,22.495,21.532,187.74,158.5
308,78,1935,58.5,22.507,21.544,187.74,159
308,78,1935,59,22.495,21.532,187.74,159.5
308,78,1935,59.5,22.507,21.544,187.74,160
308,78,1936,0,22.507,21.544,187.74,160.5
308,78,1936,0.5,22.495,21.532,187.74,161
308,78,1936,1,22.507,21.544,187.75,161.5
308,78,1936,1.5,22.495,21.544,187.75,162
308,78,1936,2,22.495,21.532,187.75,162.5
308,78,1936,2.5,22.519,21.556,187.75,163
308,78,1936,3,22.507,21.544,187.75,163.5
308,78,1936,3.5,22.519,21.556,187.75,164
308,78,1936,4,22.507,21.544,187.75,164.5
308,78,1936,4.5,22.507,21.544,187.75,165
308,78,1936,5,22.519,21.556,187.75,165.5
308,78,1936,5.5,22.495,21.532,187.75,166
308,78,1936,6,22.507,21.544,187.75,166.5
308,78,1936,6.5,22.507,21.544,187.75,167
308,78,1936,7,22.507,21.544,187.75,167.5
308,78,1936,7.5,22.507,21.544,187.75,168
308,78,1936,8,22.495,21.532,187.75,168.5
308,78,1936,8.5,22.519,21.556,187.75,169
308,78,1936,9,22.495,21.532,187.75,169.5
308,78,1936,9.5,22.507,21.544,187.75,170
308,78,1936,10,22.519,21.556,187.75,170.5
308,78,1936,10.5,22.507,21.544,187.75,171
308,78,1936,11,22.507,21.544,187.75,171.5
308,78,1936,11.5,22.519,21.556,187.75,172
308,78,1936,12,22.507,21.544,187.75,172.5
308,78,1936,12.5,22.507,21.544,187.75,173
308,78,1936,13,22.519,21.556,187.75,173.5
308,78,1936,13.5,22.507,21.544,187.75,174
308,78,1936,14,22.507,21.544,187.75,174.5
308,78,1936,14.5,22.507,21.544,187.75,175
308,78,1936,15,22.519,21.556,187.75,175.5
308,78,1936,15.5,22.519,21.556,187.75,176
308,78,1936,16,22.507,21.544,187.75,176.5
308,78,1936,16.5,22.507,21.544,187.75,177
308,78,1936,17,22.507,21.544,187.75,177.5
308,78,1936,17.5,22.507,21.544,187.75,178
308,78,1936,18,22.495,21.532,187.75,178.5
308,78,1936,18.5,22.495,21.532,187.75,179
308,78,1936,19,22.507,21.544,187.75,179.5
308,78,1936,19.5,22.507,21.544,187.75,180
308,78,1936,20,22.519,21.556,187.75,180.5
308,78,1936,20.5,22.495,21.532,187.75,181
308,78,1936,21,22.507,21.544,187.75,181.5
308,78,1936,21.5,22.507,21.544,187.75,182
308,78,1936,22,22.507,21.544,187.75,182.5
308,78,1936,22.5,22.495,21.532,187.75,183
308,78,1936,23,22.507,21.544,187.75,183.5
308,78,1936,23.5,22.507,21.544,187.75,184
308,78,1936,24,22.519,21.556,187.75,184.5
308,78,1936,24.5,22.519,21.556,187.75,185
308,78,1936,25,22.519,21.544,187.75,185.5
308,78,1936,25.5,22.519,21.556,187.75,186
308,78,1936,26,22.507,21.544,187.75,186.5
308,78,1936,26.5,22.507,21.544,187.75,187
308,78,1936,27,22.519,21.544,187.75,187.5
308,78,1936,27.5,22.519,21.544,187.75,188
308,78,1936,28,22.507,21.544,187.75,188.5
308,78,1936,28.5,22.507,21.544,187.75,189
308,78,1936,29,22.507,21.544,187.75,189.5
308,78,1936,29.5,22.531,21.556,187.75,190
308,78,1936,30,22.507,21.544,187.75,190.5
308,78,1936,30.5,22.507,21.544,187.75,191
308,78,1936,31,22.507,21.544,187.75,191.5
308,78,1936,31.5,22.531,21.556,187.75,192
308,78,1936,32,22.507,21.544,187.75,192.5
308,78,1936,32.5,22.507,21.544,187.75,193
308,78,1936,33,22.519,21.556,187.75,193.5
308,78,1936,33.5,22.519,21.544,187.75,194
308,78,1936,34,22.508,21.532,187.75,194.5
308,78,1936,34.5,22.495,21.532,187.75,195
308,78,1936,35,22.519,21.544,187.75,195.5
308,78,1936,35.5,22.531,21.556,187.75,196
308,78,1936,36,22.543,21.556,187.75,196.5
308,78,1936,36.5,22.532,21.544,187.75,197
308,78,1936,37,22.508,21.532,187.75,197.5
308,78,1936,37.5,22.519,21.544,187.75,198
308,78,1936,38,22.542,21.567,187.75,198.5
308,78,1936,38.5,22.532,21.544,187.75,199
308,78,1936,39,22.531,21.556,187.75,199.5
308,78,1936,39.5,22.52,21.532,187.75,200
308,78,1936,40,22.532,21.544,187.75,200.5
308,78,1936,40.5,22.507,21.544,187.75,201
308,78,1936,41,22.519,21.544,187.75,201.5
308,78,1936,41.5,22.532,21.544,187.75,202
308,78,1936,42,22.52,21.532,187.75,202.5
308,78,1936,42.5,22.532,21.544,187.75,203
308,78,1936,43,22.531,21.556,187.75,203.5
308,78,1936,43.5,22.508,21.532,187.75,204
308,78,1936,44,22.532,21.544,187.75,204.5
308,78,1936,44.5,22.531,21.556,187.75,205
308,78,1936,45,22.532,21.544,187.75,205.5
308,78,1936,45.5,22.519,21.544,187.75,206
308,78,1936,46,22.543,21.556,187.75,206.5
308,78,1936,46.5,22.543,21.556,187.75,207
308,78,1936,47,22.52,21.532,187.75,207.5
308,78,1936,47.5,22.531,21.556,187.75,208
308,78,1936,48,22.532,21.544,187.75,208.5
308,78,1936,48.5,22.532,21.544,187.75,209
308,78,1936,49,22.544,21.544,187.75,209.5
308,78,1936,49.5,22.556,21.544,187.75,210
308,78,1936,50,22.532,21.532,187.75,210.5
308,78,1936,50.5,22.532,21.544,187.75,211
308,78,1936,51,22.556,21.556,187.75,211.5
308,78,1936,51.5,22.52,21.532,187.75,212
308,78,1936,52,22.543,21.556,187.75,212.5
308,78,1936,52.5,22.543,21.556,187.75,213
308,78,1936,53,22.532,21.544,187.75,213.5
308,78,1936,53.5,22.532,21.544,187.75,214
308,78,1936,54,22.532,21.544,187.75,214.5
308,78,1936,54.5,22.543,21.556,187.75,215
308,78,1936,55,22.519,21.544,187.75,215.5
308,78,1936,55.5,22.532,21.544,187.75,216
308,78,1936,56,22.556,21.544,187.75,216.5
308,78,1936,56.5,22.556,21.556,187.75,217
308,78,1936,57,22.556,21.556,187.75,217.5
308,78,1936,57.5,22.568,21.556,187.75,218
308,78,1936,58,22.556,21.544,187.75,218.5
308,78,1936,58.5,22.532,21.544,187.75,219
308,78,1936,59,22.532,21.544,187.75,219.5
308,78,1936,59.5,22.532,21.544,187.75,220
308,78,1937,0,22.556,21.556,187.75,220.5
308,78,1937,0.5,22.532,21.544,187.75,221
308,78,1937,1,22.544,21.544,187.75,221.5
308,78,1937,1.5,22.568,21.556,187.75,222
308,78,1937,2,22.568,21.556,187.75,222.5
308,78,1937,2.5,22.544,21.544,187.75,223
308,78,1937,3,22.568,21.556,187.75,223.5
308,78,1937,3.5,22.544,21.544,187.75,224
308,78,1937,4,22.556,21.544,187.75,224.5
308,78,1937,4.5,22.568,21.556,187.75,225
308,78,1937,5,22.556,21.544,187.75,225.5
308,78,1937,5.5,22.544,21.544,187.75,226
308,78,1937,6,22.568,21.556,187.75,226.5
308,78,1937,6.5,22.556,21.556,187.75,227
308,78,1937,7,22.556,21.556,187.75,227.5
308,78,1937,7.5,22.568,21.556,187.75,228
308,78,1937,8,22.556,21.556,187.75,228.5
308,78,1937,8.5,22.556,21.556,187.75,229
308,78,1937,9,22.568,21.556,187.75,229.5
308,78,1937,9.5,22.568,21.556,187.75,230
308,78,1937,10,22.568,21.556,187.75,230.5
308,78,1937,10.5,22.568,21.556,187.75,231
308,78,1937,11,22.556,21.556,187.75,231.5
308,78,1937,11.5,22.556,21.544,187.75,232
308,78,1937,12,22.532,21.532,187.75,232.5
308,78,1937,12.5,22.568,21.556,187.75,233
308,78,1937,13,22.556,21.544,187.75,233.5
308,78,1937,13.5,22.579,21.567,187.75,234
308,78,1937,14,22.568,21.556,187.75,234.5
308,78,1937,14.5,22.568,21.556,187.75,235
308,78,1937,15,22.556,21.544,187.42,235.5
308,78,1937,15.5,22.556,21.556,187.75,236
308,78,1937,16,22.556,21.544,187.42,236.5
308,78,1937,16.5,22.568,21.556,187.75,237
308,78,1937,17,22.556,21.544,187.75,237.5
308,78,1937,17.5,22.545,21.532,187.75,238
308,78,1937,18,22.544,21.544,187.75,238.5
308,78,1937,18.5,22.568,21.556,187.75,239
308,78,1937,19,22.545,21.532,187.75,239.5
308,78,1937,19.5,22.568,21.556,187.75,240
308,78,1937,20,22.556,21.544,187.75,240.5
308,78,1937,20.5,22.556,21.556,187.75,241
308,78,1937,21,22.556,21.544,187.75,241.5
308,78,1937,21.5,22.556,21.544,187.75,242
308,78,1937,22,22.556,21.544,187.75,242.5
308,78,1937,22.5,22.568,21.556,187.75,243
308,78,1937,23,22.544,21.544,187.75,243.5
308,78,1937,23.5,22.579,21.567,187.75,244
308,78,1937,24,22.568,21.556,187.75,244.5
308,78,1937,24.5,22.568,21.556,187.75,245
308,78,1937,25,22.556,21.544,187.75,245.5
308,78,1937,25.5,22.568,21.556,187.75,246
308,78,1937,26,22.579,21.567,187.75,246.5
308,78,1937,26.5,22.579,21.567,187.75,247
308,78,1937,27,22.568,21.556,187.75,247.5
308,78,1937,27.5,22.568,21.556,187.75,248
308,78,1937,28,22.556,21.544,187.75,248.5
308,78,1937,28.5,22.568,21.556,187.75,249
308,78,1937,29,22.556,21.544,187.75,249.5
308,78,1937,29.5,22.568,21.556,187.75,250
308,78,1937,30,22.568,21.556,187.75,250.5
308,78,1937,30.5,22.568,21.556,187.75,251
308,78,1937,31,22.556,21.544,187.75,251.5
308,78,1937,31.5,22.568,21.556,187.75,252
308,78,1937,32,22.568,21.556,187.75,252.5
308,78,1937,32.5,22.556,21.544,187.75,253
308,78,1937,33,22.556,21.544,187.75,253.5
308,78,1937,33.5,22.568,21.556,187.75,254
308,78,1937,34,22.568,21.556,187.75,254.5
308,78,1937,34.5,22.568,21.556,187.75,255
308,78,1937,35,22.568,21.556,187.75,255.5
308,78,1937,35.5,22.568,21.556,187.75,256
308,78,1937,36,22.568,21.556,187.75,256.5
308,78,1937,36.5,22.568,21.556,187.75,257
308,78,1937,37,22.568,21.556,187.75,257.5
308,78,1937,37.5,22.568,21.556,187.75,258
308,78,1937,38,22.556,21.544,187.75,258.5
308,78,1937,38.5,22.568,21.556,187.75,259
308,78,1937,39,22.556,21.544,187.75,259.5
308,78,1937,39.5,22.568,21.556,187.75,260
308,78,1937,40,22.568,21.556,187.75,260.5
308,78,1937,40.5,22.556,21.544,187.75,261
308,78,1937,41,22.556,21.544,187.75,261.5
308,78,1937,41.5,22.568,21.556,187.75,262
308,78,1937,42,22.568,21.556,187.75,262.5
308,78,1937,42.5,22.556,21.544,187.75,263
308,78,1937,43,22.568,21.556,187.75,263.5
308,78,1937,43.5,22.556,21.544,187.75,264
308,78,1937,44,22.568,21.556,187.75,264.5
308,78,1937,44.5,22.568,21.556,187.75,265
308,78,1937,45,22.568,21.556,187.75,265.5
308,78,1937,45.5,22.568,21.556,187.75,266
308,78,1937,46,22.568,21.556,187.75,266.5
308,78,1937,46.5,22.568,21.556,187.75,267
308,78,1937,47,22.556,21.544,187.75,267.5
308,78,1937,47.5,22.568,21.556,187.75,268
308,78,1937,48,22.568,21.556,187.75,268.5
308,78,1937,48.5,22.568,21.556,187.75,269
308,78,1937,49,22.579,21.567,187.75,269.5
308,78,1937,49.5,22.556,21.544,187.75,270
308,78,1937,50,22.556,21.544,187.75,270.5
308,78,1937,50.5,22.556,21.544,187.75,271
308,78,1937,51,22.556,21.544,187.75,271.5
308,78,1937,51.5,22.568,21.556,187.75,272
308,78,1937,52,22.568,21.556,187.75,272.5
308,78,1937,52.5,22.568,21.556,187.75,273
308,78,1937,53,22.568,21.556,187.75,273.5
308,78,1937,53.5,22.568,21.556,187.75,274
308,78,1937,54,22.545,21.532,187.75,274.5
308,78,1937,54.5,22.568,21.556,187.75,275
308,78,1937,55,22.568,21.556,187.75,275.5
308,78,1937,55.5,22.568,21.556,187.75,276
308,78,1937,56,22.568,21.556,187.75,276.5
308,78,1937,56.5,22.568,21.556,187.75,277
308,78,1937,57,22.556,21.544,187.75,277.5
308,78,1937,57.5,22.568,21.556,187.75,278
308,78,1937,58,22.568,21.556,187.75,278.5
308,78,1937,58.5,22.556,21.544,187.75,279
308,78,1937,59,22.568,21.556,187.75,279.5
308,78,1937,59.5,22.579,21.567,187.75,280
308,78,1938,0,22.568,21.556,187.75,280.5
308,78,1938,0.5,22.579,21.567,187.75,281
308,78,1938,1,22.579,21.567,187.42,281.5
308,78,1938,1.5,22.591,21.579,187.75,282
308,78,1938,2,22.568,21.556,187.75,282.5
308,78,1938,2.5,22.568,21.556,187.75,283
308,78,1938,3,22.579,21.567,187.42,283.5
308,78,1938,3.5,22.568,21.556,187.42,284
308,78,1938,4,22.568,21.556,187.75,284.5
308,78,1938,4.5,22.579,21.567,187.75,285
308,78,1938,5,22.579,21.567,187.75,285.5
308,78,1938,5.5,22.579,21.567,187.75,286
308,78,1938,6,22.568,21.556,187.75,286.5
308,78,1938,6.5,22.568,21.556,187.42,287
308,78,1938,7,22.568,21.556,187.75,287.5
308,78,1938,7.5,22.556,21.544,187.75,288
308,78,1938,8,22.568,21.556,187.75,288.5
308,78,1938,8.5,22.556,21.544,187.42,289
308,78,1938,9,22.579,21.567,187.75,289.5
308,78,1938,9.5,22.568,21.556,187.75,290
308,78,1938,10,22.579,21.567,187.75,290.5
308,78,1938,10.5,22.579,21.567,187.42,291
308,78,1938,11,22.579,21.567,187.75,291.5
308,78,1938,11.5,22.568,21.556,187.75,292
308,78,1938,12,22.579,21.567,187.42,292.5
308,78,1938,12.5,22.556,21.544,187.42,293
308,78,1938,13,22.568,21.556,187.75,293.5
308,78,1938,13.5,22.568,21.556,187.75,294
308,78,1938,14,22.579,21.567,187.75,294.5
308,78,1938,14.5,22.58,21.556,187.75,295
308,78,1938,15,22.556,21.544,187.75,295.5
308,78,1938,15.5,22.568,21.556,187.75,296
308,78,1938,16,22.568,21.556,187.42,296.5
308,78,1938,16.5,22.568,21.556,187.75,297
308,78,1938,17,22.579,21.567,187.42,297.5
308,78,1938,17.5,22.579,21.567,187.75,298
308,78,1938,18,22.568,21.556,187.75,298.5
308,78,1938,18.5,22.568,21.556,187.75,299
308,78,1938,19,22.568,21.556,187.75,299.5
308,78,1938,19.5,22.568,21.556,187.75,300
308,78,1938,20,22.568,21.556,187.75,300.5
308,78,1938,20.5,22.568,21.556,187.75,301
308,78,1938,21,22.579,21.567,187.42,301.5
308,78,1938,21.5,22.568,21.556,187.75,302
308,78,1938,22,22.568,21.556,187.75,302.5
308,78,1938,22.5,22.579,21.567,187.75,303
308,78,1938,23,22.568,21.556,187.75,303.5
308,78,1938,23.5,22.568,21.556,187.42,304
308,78,1938,24,22.579,21.567,187.42,304.5
308,78,1938,24.5,22.568,21.556,187.42,305
308,78,1938,25,22.591,21.579,187.42,305.5
308,78,1938,25.5,22.579,21.567,187.42,306
308,78,1938,26,22.579,21.567,187.42,306.5
308,78,1938,26.5,22.568,21.556,187.42,307
308,78,1938,27,22.579,21.567,187.42,307.5
308,78,1938,27.5,22.579,21.567,187.75,308
308,78,1938,28,22.579,21.567,187.75,308.5
308,78,1938,28.5,22.579,21.567,187.75,309
308,78,1938,29,22.568,21.556,187.42,309.5
308,78,1938,29.5,22.568,21.556,187.75,310
308,78,1938,30,22.591,21.579,187.75,310.5
308,78,1938,30.5,22.579,21.567,187.75,311
308,78,1938,31,22.579,21.567,187.75,311.5
308,78,1938,31.5,22.579,21.567,187.75,312
308,78,1938,32,22.568,21.556,187.75,312.5
308,78,1938,32.5,22.579,21.567,187.75,313
308,78,1938,33,22.58,21.567,187.75,313.5
308,78,1938,33.5,22.568,21.556,187.75,314
308,78,1938,34,22.557,21.544,187.75,314.5
308,78,1938,34.5,22.557,21.544,187.75,315
308,78,1938,35,22.58,21.567,187.75,315.5
308,78,1938,35.5,22.568,21.556,187.75,316
308,78,1938,36,22.568,21.556,187.75,316.5
308,78,1938,36.5,22.58,21.556,187.75,317
308,78,1938,37,22.568,21.556,187.75,317.5
308,78,1938,37.5,22.58,21.567,187.75,318
308,78,1938,38,22.58,21.567,187.75,318.5
308,78,1938,38.5,22.568,21.556,187.75,319
308,78,1938,39,22.58,21.567,187.75,319.5
308,78,1938,39.5,22.58,21.567,187.75,320
308,78,1938,40,22.58,21.567,187.75,320.5
308,78,1938,40.5,22.568,21.556,187.75,321
308,78,1938,41,22.568,21.556,187.75,321.5
308,78,1938,41.5,22.568,21.556,187.75,322
308,78,1938,42,22.58,21.567,187.42,322.5
308,78,1938,42.5,22.58,21.567,187.75,323
308,78,1938,43,22.568,21.556,187.75,323.5
308,78,1938,43.5,22.58,21.567,187.75,324
308,78,1938,44,22.568,21.556,187.75,324.5
308,78,1938,44.5,22.568,21.556,187.75,325
308,78,1938,45,22.568,21.556,187.75,325.5
308,78,1938,45.5,22.58,21.567,187.75,326
308,78,1938,46,22.58,21.567,187.75,326.5
308,78,1938,46.5,22.568,21.556,187.75,327
308,78,1938,47,22.58,21.567,187.42,327.5
308,78,1938,47.5,22.58,21.567,187.75,328
308,78,1938,48,22.568,21.556,187.75,328.5
308,78,1938,48.5,22.568,21.556,187.42,329
308,78,1938,49,22.568,21.556,187.75,329.5
308,78,1938,49.5,22.568,21.556,187.75,330
308,78,1938,50,22.568,21.556,187.75,330.5
308,78,1938,50.5,22.58,21.567,187.75,331
308,78,1938,51,22.568,21.556,187.75,331.5
308,78,1938,51.5,22.568,21.556,187.42,332
308,78,1938,52,22.568,21.556,187.75,332.5
308,78,1938,52.5,22.58,21.567,187.42,333
308,78,1938,53,22.58,21.567,187.42,333.5
308,78,1938,53.5,22.592,21.567,187.42,334
308,78,1938,54,22.568,21.556,187.42,334.5
308,78,1938,54.5,22.58,21.567,187.42,335
308,78,1938,55,22.592,21.567,187.42,335.5
308,78,1938,55.5,22.591,21.579,187.75,336
308,78,1938,56,22.58,21.567,187.42,336.5
308,78,1938,56.5,22.58,21.567,187.42,337
308,78,1938,57,22.591,21.579,187.42,337.5
308,78,1938,57.5,22.568,21.556,187.42,338
308,78,1938,58,22.569,21.544,187.74,338.5
308,78,1938,58.5,22.58,21.567,187.74,339
308,78,1938,59,22.58,21.567,187.74,339.5
308,78,1938,59.5,22.58,21.567,187.74,340
308,78,1939,0,22.58,21.567,187.74,340.5
308,78,1939,0.5,22.568,21.556,187.74,341
308,78,1939,1,22.58,21.567,187.42,341.5
308,78,1939,1.5,22.58,21.556,187.42,342
308,78,1939,2,22.58,21.567,187.74,342.5
308,78,1939,2.5,22.568,21.556,187.42,343
308,78,1939,3,22.58,21.567,187.42,343.5
308,78,1939,3.5,22.568,21.556,187.42,344
308,78,1939,4,22.58,21.567,187.42,344.5
308,78,1939,4.5,22.58,21.567,187.42,345
308,78,1939,5,22.58,21.567,187.42,345.5
308,78,1939,5.5,22.58,21.567,187.42,346
308,78,1939,6,22.58,21.567,187.42,346.5
308,78,1939,6.5,22.58,21.567,187.42,347
308,78,1939,7,22.557,21.544,187.42,347.5
308,78,1939,7.5,22.603,21.591,187.42,348
308,78,1939,8,22.58,21.567,187.42,348.5
308,78,1939,8.5,22.58,21.567,187.74,349
308,78,1939,9,22.58,21.567,187.74,349.5
308,78,1939,9.5,22.58,21.556,187.74,350
308,78,1939,10,22.592,21.567,187.74,350.5
308,78,1939,10.5,22.58,21.556,187.74,351
308,78,1939,11,22.591,21.579,187.74,351.5
308,78,1939,11.5,22.58,21.567,187.74,352
308,78,1939,12,22.592,21.567,187.74,352.5
308,78,1939,12.5,22.58,21.567,187.74,353
308,78,1939,13,22.568,21.556,187.42,353.5
308,78,1939,13.5,22.58,21.567,187.42,354
308,78,1939,14,22.58,21.567,187.42,354.5
308,78,1939,14.5,22.569,21.544,187.42,355
308,78,1939,15,22.592,21.567,187.74,355.5
308,78,1939,15.5,22.604,21.579,187.74,356
308,78,1939,16,22.58,21.567,187.74,356.5
308,78,1939,16.5,22.568,21.556,187.74,357
308,78,1939,17,22.58,21.567,187.74,357.5
308,78,1939,17.5,22.58,21.556,187.74,358
308,78,1939,18,22.58,21.567,187.74,358.5
308,78,1939,18.5,22.592,21.567,187.74,359
308,78,1939,19,22.58,21.567,187.42,359.5
308,78,1939,19.5,22.568,21.556,187.42,360
308,78,1939,20,22.518,21.567,0,360.5
308,78,1939,20.5,22.481,21.567,0,361
308,78,1939,21,22.432,21.567,0,361.5
308,78,1939,21.5,22.371,21.556,0,362
308,78,1939,22,22.382,21.567,0,362.5
308,78,1939,22.5,22.345,21.567,0,363
308,78,1939,23,22.333,21.567,0,363.5
308,78,1939,23.5,22.345,21.579,0,364
308,78,1939,24,22.296,21.567,0,364.5
308,78,1939,24.5,22.284,21.567,0,365
308,78,1939,25,22.272,21.556,0.32147,365.5
308,78,1939,25.5,22.271,21.567,0,366
308,78,1939,26,22.247,21.567,0,366.5
308,78,1939,26.5,22.223,21.556,0,367
308,78,1939,27,22.222,21.567,0,367.5
308,78,1939,27.5,22.221,21.579,0.32147,368
308,78,1939,28,22.21,21.567,0,368.5
308,78,1939,28.5,22.209,21.579,0,369
308,78,1939,29,22.185,21.567,0,369.5
308,78,1939,29.5,22.184,21.579,0,370
308,78,1939,30,22.172,21.579,0,370.5
308,78,1939,30.5,22.159,21.579,0,371
308,78,1939,31,22.149,21.556,0,371.5
308,78,1939,31.5,22.148,21.567,-0.32147,372
308,78,1939,32,22.124,21.556,0,372.5
308,78,1939,32.5,22.159,21.591,0,373
308,78,1939,33,22.135,21.567,0.32147,373.5
308,78,1939,33.5,22.147,21.579,0,374
308,78,1939,34,22.124,21.556,0.32147,374.5
308,78,1939,34.5,22.112,21.556,0,375
308,78,1939,35,22.147,21.579,0,375.5
308,78,1939,35.5,22.122,21.579,0,376
308,78,1939,36,22.099,21.556,0.32147,376.5
308,78,1939,36.5,22.122,21.579,0,377
308,78,1939,37,22.11,21.579,0,377.5
308,78,1939,37.5,22.086,21.567,0,378
308,78,1939,38,22.122,21.579,0,378.5
308,78,1939,38.5,22.098,21.579,0,379
308,78,1939,39,22.085,21.579,0.32147,379.5
308,78,1939,39.5,22.086,21.567,0,380
308,78,1939,40,22.061,21.567,0.32147,380.5
308,78,1939,40.5,22.062,21.556,0,381
308,78,1939,41,22.05,21.556,0,381.5
308,78,1939,41.5,22.05,21.556,0,382
308,78,1939,42,22.037,21.567,0,382.5
308,78,1939,42.5,22.061,21.567,-0.32147,383
308,78,1939,43,22.048,21.579,0,383.5
308,78,1939,43.5,22.048,21.579,0,384
308,78,1939,44,22.037,21.567,0,384.5
308,78,1939,44.5,22.037,21.567,0,385
308,78,1939,45,22.049,21.567,0,385.5
308,78,1939,45.5,22.048,21.579,0,386
308,78,1939,46,22.048,21.579,0,386.5
308,78,1939,46.5,22.037,21.567,0,387
308,78,1939,47,22.048,21.579,0,387.5
308,78,1939,47.5,22.048,21.579,0,388
308,78,1939,48,22.024,21.567,0,388.5
308,78,1939,48.5,22.024,21.567,0,389
308,78,1939,49,22.06,21.591,0,389.5
308,78,1939,49.5,22.025,21.556,0,390
308,78,1939,50,22.012,21.567,0,390.5
308,78,1939,50.5,22.012,21.567,0,391
308,78,1939,51,22.036,21.579,0,391.5
308,78,1939,51.5,22.011,21.579,0,392
308,78,1939,52,22.012,21.567,0,392.5
308,78,1939,52.5,22.012,21.567,0,393
308,78,1939,53,22.012,21.567,0,393.5
308,78,1939,53.5,21.976,21.556,-0.32147,394
308,78,1939,54,22,21.567,0,394.5
308,78,1939,54.5,22.024,21.579,0,395
308,78,1939,55,22.035,21.591,0,395.5
308,78,1939,55.5,22,21.556,0,396
308,78,1939,56,21.999,21.579,0,396.5
308,78,1939,56.5,21.987,21.567,0,397
308,78,1939,57,21.976,21.556,0.32147,397.5
308,78,1939,57.5,21.987,21.567,0,398
308,78,1939,58,21.987,21.567,0,398.5
308,78,1939,58.5,21.999,21.579,0,399
308,78,1939,59,21.987,21.567,0,399.5
308,78,1939,59.5,21.987,21.567,0,400
308,78,1940,0,22.011,21.591,0,400.5
308,78,1940,0.5,21.987,21.567,0,401
308,78,1940,1,21.999,21.579,0,401.5
308,78,1940,1.5,21.999,21.579,0,402
308,78,1940,2,21.987,21.567,0,402.5
308,78,1940,2.5,21.975,21.567,0,403
308,78,1940,3,21.999,21.579,0,403.5
308,78,1940,3.5,21.999,21.579,0.32147,404
308,78,1940,4,21.987,21.567,0.32147,404.5
308,78,1940,4.5,21.999,21.579,0,405
308,78,1940,5,21.987,21.567,0,405.5
308,78,1940,5.5,21.987,21.567,0,406
308,78,1940,6,22.011,21.591,0,406.5
308,78,1940,6.5,21.987,21.567,0,407
308,78,1940,7,21.999,21.579,0,407.5
308,78,1940,7.5,21.975,21.567,0,408
308,78,1940,8,21.987,21.579,0,408.5
308,78,1940,8.5,21.975,21.567,0,409
308,78,1940,9,21.974,21.579,0,409.5
308,78,1940,9.5,21.987,21.579,0,410
308,78,1940,10,21.974,21.579,0,410.5
308,78,1940,10.5,21.974,21.579,0,411
308,78,1940,11,21.974,21.579,0,411.5
308,78,1940,11.5,21.987,21.579,0,412
308,78,1940,12,21.963,21.567,0,412.5
308,78,1940,12.5,21.962,21.579,0,413
308,78,1940,13,21.962,21.579,0,413.5
308,78,1940,13.5,21.95,21.567,0,414
308,78,1940,14,21.938,21.567,0,414.5
308,78,1940,14.5,21.95,21.567,0,415
308,78,1940,15,21.962,21.579,0,415.5
308,78,1940,15.5,21.938,21.567,0,416
308,78,1940,16,21.938,21.567,0,416.5
308,78,1940,16.5,21.938,21.567,0,417
308,78,1940,17,21.938,21.567,0,417.5
308,78,1940,17.5,21.938,21.567,0,418
308,78,1940,18,21.949,21.579,0,418.5
308,78,1940,18.5,21.938,21.567,0,419
308,78,1940,19,21.949,21.579,0,419.5
308,78,1940,19.5,21.949,21.579,0,420
308,78,1940,20,21.949,21.579,0,420.5
308,78,1940,20.5,21.938,21.567,0,421
308,78,1940,21,21.949,21.579,0,421.5
308,78,1940,21.5,21.949,21.579,0,422
308,78,1940,22,21.938,21.567,0,422.5
308,78,1940,22.5,21.938,21.567,0,423
308,78,1940,23,21.949,21.579,0,423.5
308,78,1940,23.5,21.949,21.579,0,424
308,78,1940,24,21.961,21.591,0,424.5
308,78,1940,24.5,21.938,21.567,0,425
308,78,1940,25,21.938,21.567,0,425.5
308,78,1940,25.5,21.961,21.591,0,426
308,78,1940,26,21.949,21.579,0,426.5
308,78,1940,26.5,21.949,21.591,0,427
308,78,1940,27,21.949,21.591,0,427.5
308,78,1940,27.5,21.936,21.591,0,428
308,78,1940,28,21.913,21.567,0,428.5
308,78,1940,28.5,21.925,21.579,0,429
308,78,1940,29,21.949,21.579,0,429.5
308,78,1940,29.5,21.937,21.579,0,430
308,78,1940,30,21.936,21.591,0,430.5
308,78,1940,30.5,21.924,21.591,0,431
308,78,1940,31,21.913,21.567,0,431.5
308,78,1940,31.5,21.961,21.591,0,432
308,78,1940,32,21.925,21.579,0,432.5
308,78,1940,32.5,21.925,21.579,0,433
308,78,1940,33,21.924,21.591,0,433.5
308,78,1940,33.5,21.937,21.579,0,434
308,78,1940,34,21.913,21.567,0,434.5
308,78,1940,34.5,21.926,21.567,0,435
308,78,1940,35,21.925,21.579,0,435.5
308,78,1940,35.5,21.912,21.591,0,436
308,78,1940,36,21.912,21.579,0,436.5
308,78,1940,36.5,21.912,21.591,0,437
308,78,1940,37,21.912,21.591,0,437.5
308,78,1940,37.5,21.924,21.591,0,438
308,78,1940,38,21.888,21.567,0,438.5
308,78,1940,38.5,21.9,21.579,0,439
308,78,1940,39,21.9,21.579,0,439.5
308,78,1940,39.5,21.912,21.591,0,440
308,78,1940,40,21.9,21.579,0,440.5
308,78,1940,40.5,21.912,21.591,0,441
308,78,1940,41,21.9,21.579,0,441.5
308,78,1940,41.5,21.924,21.591,0,442
308,78,1940,42,21.9,21.579,0,442.5
308,78,1940,42.5,21.923,21.602,0,443
308,78,1940,43,21.912,21.591,0,443.5
308,78,1940,43.5,21.912,21.591,0,444
308,78,1940,44,21.912,21.591,0,444.5
308,78,1940,44.5,21.9,21.579,0,445
308,78,1940,45,21.9,21.579,0,445.5
308,78,1940,45.5,21.888,21.567,0,446
308,78,1940,46,21.9,21.579,0,446.5
308,78,1940,46.5,21.912,21.591,0,447
308,78,1940,47,21.9,21.579,0,447.5
308,78,1940,47.5,21.923,21.602,0,448
308,78,1940,48,21.912,21.591,0,448.5
308,78,1940,48.5,21.9,21.579,0,449
308,78,1940,49,21.912,21.591,0,449.5
308,78,1940,49.5,21.888,21.567,0.32147,450
308,78,1940,50,21.912,21.591,0,450.5
308,78,1940,50.5,21.912,21.591,0,451
308,78,1940,51,21.9,21.579,0,451.5
308,78,1940,51.5,21.888,21.567,0,452
308,78,1940,52,21.912,21.591,0,452.5
308,78,1940,52.5,21.912,21.591,0,453
308,78,1940,53,21.9,21.579,0,453.5
308,78,1940,53.5,21.912,21.591,0,454
308,78,1940,54,21.9,21.579,0,454.5
308,78,1940,54.5,21.912,21.591,0,455
308,78,1940,55,21.9,21.579,0,455.5
308,78,1940,55.5,21.912,21.591,0,456
308,78,1940,56,21.9,21.579,0,456.5
308,78,1940,56.5,21.9,21.579,0,457
308,78,1940,57,21.912,21.591,0,457.5
308,78,1940,57.5,21.9,21.579,0,458
308,78,1940,58,21.888,21.579,0,458.5
308,78,1940,58.5,21.923,21.602,0,459
308,78,1940,59,21.912,21.591,0,459.5
308,78,1940,59.5,21.912,21.591,0,460
308,78,1941,0,21.923,21.602,0,460.5
308,78,1941,0.5,21.9,21.579,0,461
308,78,1941,1,21.9,21.579,0,461.5
308,78,1941,1.5,21.888,21.579,0,462
308,78,1941,2,21.899,21.591,0,462.5
308,78,1941,2.5,21.911,21.602,0,463
308,78,1941,3,21.9,21.579,0.32147,463.5
308,78,1941,3.5,21.875,21.579,0.32147,464
308,78,1941,4,21.899,21.591,0,464.5
308,78,1941,4.5,21.887,21.591,0,465
308,78,1941,5,21.899,21.591,0,465.5
308,78,1941,5.5,21.899,21.591,0,466
308,78,1941,6,21.887,21.591,0,466.5
308,78,1941,6.5,21.886,21.602,0,467
308,78,1941,7,21.911,21.602,0,467.5
308,78,1941,7.5,21.911,21.602,0,468
308,78,1941,8,21.887,21.591,0,468.5
308,78,1941,8.5,21.899,21.591,0,469
308,78,1941,9,21.875,21.579,0,469.5
308,78,1941,9.5,21.887,21.591,0.32147,470
308,78,1941,10,21.887,21.591,0,470.5
308,78,1941,10.5,21.899,21.591,0,471
308,78,1941,11,21.911,21.602,0,471.5
308,78,1941,11.5,21.863,21.579,0,472
308,78,1941,12,21.863,21.579,0,472.5
308,78,1941,12.5,21.875,21.591,0,473
308,78,1941,13,21.874,21.602,0,473.5
308,78,1941,13.5,21.887,21.591,0,474
308,78,1941,14,21.851,21.579,0,474.5
308,78,1941,14.5,21.886,21.602,0,475
308,78,1941,15,21.851,21.579,0,475.5
308,78,1941,15.5,21.862,21.591,0,476
308,78,1941,16,21.874,21.602,0,476.5
308,78,1941,16.5,21.851,21.579,0,477
308,78,1941,17,21.851,21.579,0,477.5
308,78,1941,17.5,21.862,21.591,0,478
308,78,1941,18,21.862,21.591,0,478.5
308,78,1941,18.5,21.862,21.591,0,479
308,78,1941,19,21.875,21.591,0,479.5
308,78,1941,19.5,21.862,21.591,0,480
308,78,1941,20,21.886,21.602,0,480.5
308,78,1941,20.5,21.875,21.591,0,481
308,78,1941,21,21.874,21.602,0,481.5
308,78,1941,21.5,21.862,21.591,0,482
308,78,1941,22,21.874,21.602,0,482.5
308,78,1941,22.5,21.851,21.579,0,483
308,78,1941,23,21.862,21.591,0,483.5
308,78,1941,23.5,21.862,21.591,0,484
308,78,1941,24,21.862,21.591,0,484.5
308,78,1941,24.5,21.862,21.591,0,485
308,78,1941,25,21.874,21.602,0,485.5
308,78,1941,25.5,21.851,21.579,0,486
308,78,1941,26,21.862,21.591,0,486.5
308,78,1941,26.5,21.874,21.602,0,487
308,78,1941,27,21.862,21.591,0,487.5
308,78,1941,27.5,21.851,21.579,0,488
308,78,1941,28,21.862,21.591,0,488.5
308,78,1941,28.5,21.862,21.591,0,489
308,78,1941,29,21.85,21.579,0,489.5
308,78,1941,29.5,21.862,21.59,0,490
308,78,1941,30,21.862,21.59,0,490.5
308,78,1941,30.5,21.862,21.59,0,491
308,78,1941,31,21.874,21.602,0,491.5
308,78,1941,31.5,21.862,21.59,0,492
308,78,1941,32,21.862,21.59,-0.32147,492.5
308,78,1941,32.5,21.874,21.602,0,493
308,78,1941,33,21.862,21.59,0,493.5
308,78,1941,33.5,21.874,21.602,0,494
308,78,1941,34,21.862,21.59,0,494.5
308,78,1941,34.5,21.862,21.59,0,495
308,78,1941,35,21.862,21.59,0,495.5
308,78,1941,35.5,21.85,21.59,0,496
308,78,1941,36,21.862,21.59,0,496.5
308,78,1941,36.5,21.874,21.602,0,497
308,78,1941,37,21.862,21.59,0,497.5
308,78,1941,37.5,21.862,21.59,0,498
308,78,1941,38,21.862,21.59,0,498.5
308,78,1941,38.5,21.862,21.59,0,499
308,78,1941,39,21.874,21.602,0,499.5
308,78,1941,39.5,21.874,21.602,0,500
308,78,1941,40,21.874,21.602,0,500.5
308,78,1941,40.5,21.862,21.59,0,501
308,78,1941,41,21.874,21.602,0,501.5
308,78,1941,41.5,21.85,21.579,0,502
308,78,1941,42,21.874,21.602,0,502.5
308,78,1941,42.5,21.862,21.59,0,503
308,78,1941,43,21.874,21.602,0,503.5
308,78,1941,43.5,21.862,21.59,0,504
308,78,1941,44,21.85,21.579,0,504.5
308,78,1941,44.5,21.874,21.602,0,505
308,78,1941,45,21.862,21.59,0,505.5
308,78,1941,45.5,21.874,21.602,0,506
308,78,1941,46,21.861,21.602,0,506.5
308,78,1941,46.5,21.85,21.59,0,507
308,78,1941,47,21.849,21.602,0,507.5
308,78,1941,47.5,21.885,21.613,0,508
308,78,1941,48,21.837,21.59,0,508.5
308,78,1941,48.5,21.861,21.602,0,509
308,78,1941,49,21.874,21.602,0,509.5
308,78,1941,49.5,21.837,21.59,0,510
308,78,1941,50,21.85,21.59,0,510.5
308,78,1941,50.5,21.849,21.602,0,511
308,78,1941,51,21.837,21.59,0,511.5
308,78,1941,51.5,21.837,21.59,0,512
308,78,1941,52,21.862,21.59,0,512.5
308,78,1941,52.5,21.885,21.613,0,513
308,78,1941,53,21.825,21.59,0,513.5
308,78,1941,53.5,21.836,21.602,0,514
308,78,1941,54,21.824,21.602,0,514.5
308,78,1941,54.5,21.826,21.579,0,515
308,78,1941,55,21.836,21.602,0,515.5
308,78,1941,55.5,21.836,21.602,0,516
308,78,1941,56,21.849,21.602,0,516.5
308,78,1941,56.5,21.849,21.602,0,517
308,78,1941,57,21.861,21.613,0,517.5
308,78,1941,57.5,21.848,21.613,0,518
308,78,1941,58,21.849,21.602,0,518.5
308,78,1941,58.5,21.837,21.59,0,519
308,78,1941,59,21.837,21.59,0,519.5
308,78,1941,59.5,21.837,21.59,0,520
308,78,1942,0,21.826,21.579,0,520.5
308,78,1942,0.5,21.861,21.613,0,521
308,78,1942,1,21.836,21.602,0,521.5
308,78,1942,1.5,21.825,21.59,0,522
308,78,1942,2,21.861,21.613,0,522.5
308,78,1942,2.5,21.825,21.59,0,523
308,78,1942,3,21.861,21.613,0,523.5
308,78,1942,3.5,21.836,21.602,0,524
308,78,1942,4,21.848,21.613,0,524.5
308,78,1942,4.5,21.848,21.613,0,525
308,78,1942,5,21.824,21.602,0,525.5
308,78,1942,5.5,21.801,21.579,0,526
308,78,1942,6,21.813,21.59,0,526.5
308,78,1942,6.5,21.813,21.59,0,527
308,78,1942,7,21.824,21.602,0,527.5
308,78,1942,7.5,21.813,21.59,0,528
308,78,1942,8,21.836,21.613,0,528.5
308,78,1942,8.5,21.836,21.613,0,529
308,78,1942,9,21.824,21.602,0,529.5
308,78,1942,9.5,21.813,21.59,0,530
308,78,1942,10,21.824,21.602,0,530.5
308,78,1942,10.5,21.813,21.59,0,531
308,78,1942,11,21.824,21.602,0,531.5
308,78,1942,11.5,21.849,21.602,0,532
308,78,1942,12,21.824,21.602,0,532.5
308,78,1942,12.5,21.836,21.602,0.32148,533
308,78,1942,13,21.813,21.59,0.32148,533.5
308,78,1942,13.5,21.836,21.602,-0.32148,534
308,78,1942,14,21.836,21.613,0.32148,534.5
308,78,1942,14.5,21.824,21.602,0,535
308,78,1942,15,21.836,21.613,0,535.5
308,78,1942,15.5,21.824,21.602,0,536
308,78,1942,16,21.848,21.613,0,536.5
308,78,1942,16.5,21.847,21.625,0,537
308,78,1942,17,21.86,21.625,0.32148,537.5
308,78,1942,17.5,21.824,21.602,0,538
308,78,1942,18,21.849,21.602,0,538.5
308,78,1942,18.5,21.824,21.602,0,539
308,78,1942,19,21.824,21.602,0,539.5
308,78,1942,19.5,21.824,21.602,0,540
308,78,1942,20,21.824,21.602,0,540.5
308,78,1942,20.5,21.824,21.602,0,541
308,78,1942,21,21.836,21.613,0,541.5
308,78,1942,21.5,21.813,21.59,0,542
308,78,1942,22,21.824,21.602,0,542.5
308,78,1942,22.5,21.824,21.602,0,543
308,78,1942,23,21.836,21.613,0,543.5
308,78,1942,23.5,21.836,21.613,0,544
308,78,1942,24,21.824,21.602,0,544.5
308,78,1942,24.5,21.824,21.602,0,545
308,78,1942,25,21.847,21.625,0,545.5
308,78,1942,25.5,21.813,21.59,0,546
308,78,1942,26,21.813,21.59,0,546.5
308,78,1942,26.5,21.836,21.613,0,547
308,78,1942,27,21.824,21.602,0,547.5
308,78,1942,27.5,21.836,21.613,0,548
308,78,1942,28,21.836,21.613,0.32148,548.5
308,78,1942,28.5,21.824,21.602,0,549
308,78,1942,29,21.824,21.602,0,549.5
308,78,1942,29.5,21.824,21.602,0,550
308,78,1942,30,21.836,21.613,0,550.5
308,78,1942,30.5,21.824,21.602,0,551
308,78,1942,31,21.836,21.613,0,551.5
308,78,1942,31.5,21.836,21.613,0,552
308,78,1942,32,21.836,21.613,0,552.5
308,78,1942,32.5,21.836,21.613,0,553
308,78,1942,33,21.824,21.602,0,553.5
308,78,1942,33.5,21.836,21.613,0,554
308,78,1942,34,21.836,21.613,0,554.5
308,78,1942,34.5,21.836,21.613,0,555
308,78,1942,35,21.824,21.602,0,555.5
308,78,1942,35.5,21.836,21.613,0,556
308,78,1942,36,21.836,21.613,0,556.5
308,78,1942,36.5,21.824,21.602,0,557
308,78,1942,37,21.836,21.613,0,557.5
308,78,1942,37.5,21.836,21.613,0,558
308,78,1942,38,21.836,21.613,0,558.5
308,78,1942,38.5,21.836,21.613,0,559
308,78,1942,39,21.836,21.613,0,559.5
308,78,1942,39.5,21.824,21.602,0,560
308,78,1942,40,21.824,21.602,0,560.5
308,78,1942,40.5,21.824,21.602,0,561
308,78,1942,41,21.824,21.602,0,561.5
308,78,1942,41.5,21.824,21.602,0,562
308,78,1942,42,21.836,21.613,0,562.5
308,78,1942,42.5,21.813,21.59,0,563
308,78,1942,43,21.824,21.602,0,563.5
308,78,1942,43.5,21.847,21.625,0,564
308,78,1942,44,21.836,21.613,0,564.5
308,78,1942,44.5,21.824,21.602,0,565
308,78,1942,45,21.836,21.613,0,565.5
308,78,1942,45.5,21.836,21.613,0,566
308,78,1942,46,21.824,21.602,0,566.5
308,78,1942,46.5,21.859,21.637,0,567
308,78,1942,47,21.847,21.625,0,567.5
308,78,1942,47.5,21.824,21.602,0,568
308,78,1942,48,21.836,21.613,0,568.5
308,78,1942,48.5,21.836,21.613,0,569
308,78,1942,49,21.824,21.602,0,569.5
308,78,1942,49.5,21.823,21.613,0,570
308,78,1942,50,21.836,21.613,0,570.5
308,78,1942,50.5,21.824,21.602,0,571
308,78,1942,51,21.836,21.613,0,571.5
308,78,1942,51.5,21.812,21.602,0,572
308,78,1942,52,21.836,21.613,0,572.5
308,78,1942,52.5,21.836,21.613,0,573
308,78,1942,53,21.824,21.602,0,573.5
308,78,1942,53.5,21.847,21.625,0,574
308,78,1942,54,21.824,21.602,0,574.5
308,78,1942,54.5,21.824,21.602,0,575
308,78,1942,55,21.836,21.613,0,575.5
308,78,1942,55.5,21.847,21.625,0,576
308,78,1942,56,21.836,21.613,0,576.5
308,78,1942,56.5,21.836,21.613,0,577
308,78,1942,57,21.823,21.613,0,577.5
308,78,1942,57.5,21.847,21.625,0,578
308,78,1942,58,21.836,21.613,0,578.5
308,78,1942,58.5,21.824,21.602,0,579
308,78,1942,59,21.824,21.602,0,579.5
308,78,1942,59.5,21.836,21.613,0,580
308,78,1943,0,21.836,21.613,0,580.5
308,78,1943,0.5,21.836,21.613,0,581
308,78,1943,1,21.823,21.613,0,581.5
308,78,1943,1.5,21.836,21.613,0,582
308,78,1943,2,21.836,21.613,0,582.5
308,78,1943,2.5,21.836,21.613,0,583
308,78,1943,3,21.823,21.613,0,583.5
308,78,1943,3.5,21.812,21.602,0,584
308,78,1943,4,21.836,21.613,0,584.5
308,78,1943,4.5,21.823,21.613,0,585
308,78,1943,5,21.836,21.613,0,585.5
308,78,1943,5.5,21.835,21.625,0,586
308,78,1943,6,21.811,21.613,0,586.5
308,78,1943,6.5,21.823,21.613,0,587
308,78,1943,7,21.836,21.613,0,587.5
308,78,1943,7.5,21.847,21.625,0,588
308,78,1943,8,21.847,21.625,0,588.5
308,78,1943,8.5,21.823,21.613,0,589
308,78,1943,9,21.847,21.625,0,589.5
308,78,1943,9.5,21.835,21.625,0,590
308,78,1943,10,21.823,21.613,0,590.5
308,78,1943,10.5,21.836,21.613,0,591
308,78,1943,11,21.836,21.613,0,591.5
308,78,1943,11.5,21.811,21.613,0,592
308,78,1943,12,21.824,21.602,0,592.5
308,78,1943,12.5,21.823,21.613,0,593
308,78,1943,13,21.799,21.613,0,593.5
308,78,1943,13.5,21.823,21.613,0,594
308,78,1943,14,21.823,21.613,0,594.5
308,78,1943,14.5,21.835,21.625,0,595
308,78,1943,15,21.787,21.602,0,595.5
308,78,1943,15.5,21.823,21.625,0,596
308,78,1943,16,21.823,21.625,0,596.5
308,78,1943,16.5,21.823,21.625,0,597
308,78,1943,17,21.799,21.613,0,597.5
308,78,1943,17.5,21.823,21.613,0,598
308,78,1943,18,21.798,21.625,0,598.5
308,78,1943,18.5,21.835,21.625,0,599
308,78,1943,19,21.835,21.625,0,599.5
308,78,1943,19.5,21.81,21.625,0,600
308,78,1943,20,21.823,21.613,0,600.5
308,78,1943,20.5,21.798,21.625,0,601
308,78,1943,21,21.823,21.625,0,601.5
308,78,1943,21.5,21.799,21.613,0,602
308,78,1943,22,21.811,21.613,0,602.5
308,78,1943,22.5,21.787,21.602,0.32148,603
308,78,1943,23,21.823,21.625,0,603.5
308,78,1943,23.5,21.799,21.613,0,604
308,78,1943,24,21.835,21.625,0,604.5
308,78,1943,24.5,21.823,21.625,0,605
308,78,1943,25,21.823,21.625,0,605.5
308,78,1943,25.5,21.811,21.613,0,606
308,78,1943,26,21.811,21.613,0,606.5
308,78,1943,26.5,21.798,21.625,0,607
308,78,1943,27,21.81,21.625,0,607.5
308,78,1943,27.5,21.811,21.613,0,608
308,78,1943,28,21.811,21.613,0,608.5
308,78,1943,28.5,21.811,21.613,0.32148,609
308,78,1943,29,21.823,21.625,0,609.5
308,78,1943,29.5,21.81,21.625,0,610
308,78,1943,30,21.81,21.625,0,610.5
308,78,1943,30.5,21.81,21.625,0,611
308,78,1943,31,21.81,21.625,0,611.5
308,78,1943,31.5,21.799,21.613,0,612
308,78,1943,32,21.798,21.625,0,612.5
308,78,1943,32.5,21.798,21.625,0,613
308,78,1943,33,21.798,21.625,0,613.5
308,78,1943,33.5,21.798,21.625,0,614
308,78,1943,34,21.798,21.625,0,614.5
308,78,1943,34.5,21.798,21.625,0,615
308,78,1943,35,21.798,21.625,0,615.5
308,78,1943,35.5,21.798,21.625,0,616
308,78,1943,36,21.786,21.613,0,616.5
308,78,1943,36.5,21.798,21.625,0,617
308,78,1943,37,21.798,21.625,0,617.5
308,78,1943,37.5,21.798,21.625,0,618
308,78,1943,38,21.798,21.625,0,618.5
308,78,1943,38.5,21.798,21.625,0,619
308,78,1943,39,21.798,21.625,0,619.5
308,78,1943,39.5,21.775,21.602,0,620
308,78,1943,40,21.786,21.613,0,620.5
308,78,1943,40.5,21.775,21.602,0,621
308,78,1943,41,21.81,21.637,0,621.5
308,78,1943,41.5,21.786,21.613,0,622
308,78,1943,42,21.798,21.625,0,622.5
308,78,1943,42.5,21.786,21.613,0,623
308,78,1943,43,21.786,21.613,0,623.5
308,78,1943,43.5,21.786,21.613,0,624
308,78,1943,44,21.81,21.637,0,624.5
308,78,1943,44.5,21.798,21.625,0,625
308,78,1943,45,21.798,21.625,0,625.5
308,78,1943,45.5,21.81,21.637,0,626
308,78,1943,46,21.786,21.613,0,626.5
308,78,1943,46.5,21.798,21.625,0,627
308,78,1943,47,21.798,21.625,0,627.5
308,78,1943,47.5,21.799,21.613,0,628
308,78,1943,48,21.798,21.625,0,628.5
308,78,1943,48.5,21.798,21.625,0,629
308,78,1943,49,21.798,21.625,0,629.5
308,78,1943,49.5,21.786,21.613,0,630
308,78,1943,50,21.798,21.625,0,630.5
308,78,1943,50.5,21.798,21.625,0,631
308,78,1943,51,21.81,21.637,0,631.5
308,78,1943,51.5,21.81,21.637,0,632
308,78,1943,52,21.786,21.613,0,632.5
308,78,1943,52.5,21.81,21.637,0,633
308,78,1943,53,21.798,21.625,0,633.5
308,78,1943,53.5,21.81,21.637,0,634
308,78,1943,54,21.798,21.625,0,634.5
308,78,1943,54.5,21.798,21.625,0,635
308,78,1943,55,21.81,21.637,0,635.5
308,78,1943,55.5,21.798,21.625,0.32148,636
308,78,1943,56,21.798,21.625,0,636.5
308,78,1943,56.5,21.81,21.637,0.32148,637
308,78,1943,57,21.798,21.625,0.32148,637.5
308,78,1943,57.5,21.798,21.625,0,638
308,78,1943,58,21.81,21.637,0,638.5
308,78,1943,58.5,21.798,21.625,0,639
308,78,1943,59,21.798,21.625,0,639.5
308,78,1943,59.5,21.798,21.625,0,640
308,78,1944,0,21.786,21.613,0,640.5
308,78,1944,0.5,21.786,21.613,0,641
308,78,1944,1,21.786,21.613,0,641.5
308,78,1944,1.5,21.81,21.637,0,642
308,78,1944,2,21.798,21.625,0,642.5
308,78,1944,2.5,21.81,21.637,0,643
308,78,1944,3,21.81,21.637,0,643.5
308,78,1944,3.5,21.821,21.648,0,644
308,78,1944,4,21.81,21.637,0.32148,644.5
308,78,1944,4.5,21.798,21.625,0.32148,645
308,78,1944,5,21.798,21.625,0,645.5
308,78,1944,5.5,21.798,21.625,-0.32148,646
308,78,1944,6,21.798,21.625,0.32148,646.5
308,78,1944,6.5,21.798,21.625,0,647
308,78,1944,7,21.798,21.625,0.32148,647.5
308,78,1944,7.5,21.81,21.637,0,648
308,78,1944,8,21.81,21.637,0,648.5
308,78,1944,8.5,21.798,21.625,0,649
308,78,1944,9,21.81,21.637,0,649.5
308,78,1944,9.5,21.81,21.637,0,650
308,78,1944,10,21.798,21.625,0,650.5
308,78,1944,10.5,21.798,21.625,0,651
308,78,1944,11,21.798,21.625,0,651.5
308,78,1944,11.5,21.81,21.637,0,652
308,78,1944,12,21.798,21.625,0.32148,652.5
308,78,1944,12.5,21.798,21.625,0,653
308,78,1944,13,21.798,21.625,0,653.5
308,78,1944,13.5,21.797,21.637,0,654
308,78,1944,14,21.798,21.625,0,654.5
308,78,1944,14.5,21.81,21.637,0.32148,655
308,78,1944,15,21.797,21.637,0.32148,655.5
308,78,1944,15.5,21.786,21.625,0.32148,656
308,78,1944,16,21.81,21.637,0,656.5
308,78,1944,16.5,21.81,21.637,0,657
308,78,1944,17,21.798,21.625,0,657.5
308,78,1944,17.5,21.821,21.648,0,658
308,78,1944,18,21.786,21.613,0,658.5
308,78,1944,18.5,21.81,21.637,0,659
308,78,1944,19,21.81,21.637,0,659.5
308,78,1944,19.5,21.81,21.637,0,660
308,78,1944,20,21.81,21.637,0,660.5
308,78,1944,20.5,21.798,21.625,0,661
308,78,1944,21,21.81,21.637,0,661.5
308,78,1944,21.5,21.798,21.625,0,662
308,78,1944,22,21.798,21.625,0,662.5
308,78,1944,22.5,21.81,21.637,0,663
308,78,1944,23,21.798,21.625,0,663.5
308,78,1944,23.5,21.81,21.637,0,664
308,78,1944,24,21.797,21.637,0,664.5
308,78,1944,24.5,21.81,21.637,0,665
308,78,1944,25,21.797,21.624,0,665.5
308,78,1944,25.5,21.809,21.636,0,666
308,78,1944,26,21.785,21.624,0,666.5
308,78,1944,26.5,21.821,21.648,0,667
308,78,1944,27,21.797,21.624,0,667.5
308,78,1944,27.5,21.809,21.636,0,668
308,78,1944,28,21.797,21.624,0,668.5
308,78,1944,28.5,21.797,21.636,0,669
308,78,1944,29,21.809,21.636,0,669.5
308,78,1944,29.5,21.785,21.624,0,670
308,78,1944,30,21.797,21.636,0,670.5
308,78,1944,30.5,21.797,21.624,0,671
308,78,1944,31,21.797,21.624,0,671.5
308,78,1944,31.5,21.797,21.636,0,672
308,78,1944,32,21.809,21.636,0,672.5
308,78,1944,32.5,21.785,21.624,0,673
308,78,1944,33,21.821,21.648,0,673.5
308,78,1944,33.5,21.797,21.624,0,674
308,78,1944,34,21.785,21.624,0,674.5
308,78,1944,34.5,21.809,21.636,0,675
308,78,1944,35,21.797,21.636,0,675.5
308,78,1944,35.5,21.797,21.636,0,676
308,78,1944,36,21.808,21.648,0,676.5
308,78,1944,36.5,21.821,21.648,0,677
308,78,1944,37,21.796,21.648,0,677.5
308,78,1944,37.5,21.797,21.636,0,678
308,78,1944,38,21.809,21.636,0,678.5
308,78,1944,38.5,21.809,21.636,0,679
308,78,1944,39,21.785,21.624,0,679.5
308,78,1944,39.5,21.796,21.648,0,680
308,78,1944,40,21.797,21.624,0,680.5
308,78,1944,40.5,21.809,21.636,0,681
308,78,1944,41,21.797,21.636,0,681.5
308,78,1944,41.5,21.809,21.636,0,682
308,78,1944,42,21.797,21.636,0,682.5
308,78,1944,42.5,21.784,21.636,0,683
308,78,1944,43,21.796,21.648,0,683.5
308,78,1944,43.5,21.784,21.636,0,684
308,78,1944,44,21.784,21.636,0,684.5
308,78,1944,44.5,21.797,21.624,0,685
308,78,1944,45,21.797,21.636,0,685.5
308,78,1944,45.5,21.784,21.636,0,686
308,78,1944,46,21.797,21.636,0,686.5
308,78,1944,46.5,21.797,21.636,0,687
308,78,1944,47,21.784,21.636,0,687.5
308,78,1944,47.5,21.784,21.636,0,688
308,78,1944,48,21.784,21.636,0,688.5
308,78,1944,48.5,21.784,21.636,0,689
308,78,1944,49,21.772,21.636,0,689.5
308,78,1944,49.5,21.772,21.636,0,690
308,78,1944,50,21.797,21.636,0,690.5
308,78,1944,50.5,21.76,21.624,0,691
308,78,1944,51,21.797,21.636,0,691.5
308,78,1944,51.5,21.796,21.648,0,692
308,78,1944,52,21.797,21.636,0,692.5
308,78,1944,52.5,21.797,21.636,0,693
308,78,1944,53,21.784,21.636,0,693.5
308,78,1944,53.5,21.772,21.636,0,694
308,78,1944,54,21.748,21.624,0,694.5
308,78,1944,54.5,21.784,21.636,0,695
308,78,1944,55,21.772,21.636,0,695.5
308,78,1944,55.5,21.784,21.648,0,696
308,78,1944,56,21.797,21.624,0,696.5
308,78,1944,56.5,21.785,21.624,0,697
308,78,1944,57,21.76,21.636,0,697.5
308,78,1944,57.5,21.76,21.636,0,698
308,78,1944,58,21.772,21.636,0,698.5
308,78,1944,58.5,21.76,21.636,0,699
308,78,1944,59,21.784,21.636,0,699.5
308,78,1944,59.5,21.76,21.636,0,700
308,78,1945,0,21.772,21.636,0,700.5
308,78,1945,0.5,21.771,21.648,0,701
308,78,1945,1,21.76,21.636,0,701.5
308,78,1945,1.5,21.772,21.636,0,702
308,78,1945,2,21.76,21.636,0,702.5
308,78,1945,2.5,21.772,21.636,0,703
308,78,1945,3,21.784,21.648,0,703.5
308,78,1945,3.5,21.784,21.636,0,704
308,78,1945,4,21.76,21.636,0,704.5
308,78,1945,4.5,21.76,21.636,0,705
308,78,1945,5,21.76,21.636,0,705.5
308,78,1945,5.5,21.76,21.636,0,706
308,78,1945,6,21.772,21.636,0,706.5
308,78,1945,6.5,21.784,21.636,0,707
308,78,1945,7,21.772,21.636,0,707.5
308,78,1945,7.5,21.772,21.636,0,708
308,78,1945,8,21.796,21.648,0,708.5
308,78,1945,8.5,21.76,21.636,0,709
308,78,1945,9,21.76,21.636,0,709.5
308,78,1945,9.5,21.771,21.648,0,710
308,78,1945,10,21.783,21.659,0,710.5
308,78,1945,10.5,21.771,21.648,0,711
308,78,1945,11,21.76,21.636,0,711.5
308,78,1945,11.5,21.76,21.636,0,712
308,78,1945,12,21.771,21.648,0,712.5
308,78,1945,12.5,21.76,21.624,0,713
308,78,1945,13,21.772,21.636,0.32147,713.5
308,78,1945,13.5,21.771,21.648,0,714
308,78,1945,14,21.76,21.636,0,714.5
308,78,1945,14.5,21.76,21.636,0,715
308,78,1945,15,21.771,21.648,0,715.5
308,78,1945,15.5,21.748,21.624,0,716
308,78,1945,16,21.76,21.636,0,716.5
308,78,1945,16.5,21.76,21.636,0,717
308,78,1945,17,21.76,21.636,0,717.5
308,78,1945,17.5,21.76,21.636,0,718
308,78,1945,18,21.771,21.648,0,718.5
308,78,1945,18.5,21.772,21.636,0,719
308,78,1945,19,21.76,21.636,0,719.5
308,78,1945,19.5,21.76,21.636,0,720
308,78,1945,20,21.784,21.648,0,720.5
308,78,1945,20.5,21.784,21.648,0,721
308,78,1945,21,21.76,21.636,0,721.5
308,78,1945,21.5,21.783,21.659,0,722
308,78,1945,22,21.771,21.648,0,722.5
308,78,1945,22.5,21.783,21.659,0,723
308,78,1945,23,21.76,21.636,0,723.5
308,78,1945,23.5,21.76,21.636,0,724
308,78,1945,24,21.771,21.648,0,724.5
308,78,1945,24.5,21.783,21.659,0,725
308,78,1945,25,21.771,21.648,0,725.5
308,78,1945,25.5,21.795,21.659,0,726
308,78,1945,26,21.76,21.636,0,726.5
308,78,1945,26.5,21.771,21.648,0,727
308,78,1945,27,21.771,21.648,0,727.5
308,78,1945,27.5,21.783,21.659,0,728
308,78,1945,28,21.771,21.648,0,728.5
308,78,1945,28.5,21.76,21.636,0,729
308,78,1945,29,21.771,21.648,0,729.5
308,78,1945,29.5,21.771,21.648,0,730
308,78,1945,30,21.76,21.636,0,730.5
308,78,1945,30.5,21.783,21.659,0,731
308,78,1945,31,21.771,21.648,0,731.5
308,78,1945,31.5,21.771,21.648,0,732
308,78,1945,32,21.783,21.659,0,732.5
308,78,1945,32.5,21.76,21.636,0,733
308,78,1945,33,21.76,21.636,0,733.5
308,78,1945,33.5,21.76,21.636,0,734
308,78,1945,34,21.771,21.648,0,734.5
308,78,1945,34.5,21.771,21.648,0,735
308,78,1945,35,21.771,21.648,0,735.5
308,78,1945,35.5,21.76,21.636,0,736
308,78,1945,36,21.76,21.636,0,736.5
308,78,1945,36.5,21.771,21.648,0,737
308,78,1945,37,21.783,21.659,0,737.5
308,78,1945,37.5,21.771,21.648,0,738
308,78,1945,38,21.771,21.648,0,738.5
308,78,1945,38.5,21.771,21.648,0,739
308,78,1945,39,21.771,21.648,0,739.5
308,78,1945,39.5,21.76,21.636,0,740
308,78,1945,40,21.76,21.636,0,740.5
308,78,1945,40.5,21.76,21.636,0,741
308,78,1945,41,21.783,21.659,0,741.5
308,78,1945,41.5,21.771,21.648,0,742
308,78,1945,42,21.76,21.636,0,742.5
308,78,1945,42.5,21.771,21.648,0,743
308,78,1945,43,21.771,21.648,0,743.5
308,78,1945,43.5,21.771,21.648,0,744
308,78,1945,44,21.771,21.648,0,744.5
308,78,1945,44.5,21.783,21.659,0,745
308,78,1945,45,21.784,21.648,0,745.5
308,78,1945,45.5,21.771,21.648,0,746
308,78,1945,46,21.783,21.659,0,746.5
308,78,1945,46.5,21.783,21.659,0,747
308,78,1945,47,21.76,21.636,0,747.5
308,78,1945,47.5,21.783,21.659,0,748
308,78,1945,48,21.783,21.659,0,748.5
308,78,1945,48.5,21.771,21.648,0,749
308,78,1945,49,21.771,21.648,0,749.5
308,78,1945,49.5,21.783,21.659,0,750
308,78,1945,50,21.783,21.659,0,750.5
308,78,1945,50.5,21.783,21.659,0,751
308,78,1945,51,21.783,21.659,0,751.5
308,78,1945,51.5,21.76,21.636,0,752
308,78,1945,52,21.76,21.636,0,752.5
308,78,1945,52.5,21.783,21.659,0,753
308,78,1945,53,21.747,21.636,0,753.5
308,78,1945,53.5,21.76,21.636,0,754
308,78,1945,54,21.771,21.648,0,754.5
308,78,1945,54.5,21.771,21.648,0,755
308,78,1945,55,21.771,21.648,0,755.5
308,78,1945,55.5,21.771,21.648,0,756
308,78,1945,56,21.771,21.648,0,756.5
308,78,1945,56.5,21.771,21.648,0,757
308,78,1945,57,21.771,21.648,0,757.5
308,78,1945,57.5,21.771,21.648,0,758
308,78,1945,58,21.783,21.659,0,758.5
308,78,1945,58.5,21.783,21.659,0,759
308,78,1945,59,21.783,21.659,0,759.5
308,78,1945,59.5,21.771,21.648,0,760
308,78,1946,0,21.76,21.636,0,760.5
308,78,1946,0.5,21.771,21.648,0.32147,761
308,78,1946,1,21.783,21.659,0.32147,761.5
308,78,1946,1.5,21.759,21.648,0,762
308,78,1946,2,21.771,21.648,0,762.5
308,78,1946,2.5,21.771,21.648,0,763
308,78,1946,3,21.783,21.659,0,763.5
308,78,1946,3.5,21.783,21.659,0,764
308,78,1946,4,21.759,21.648,0,764.5
308,78,1946,4.5,21.783,21.659,0,765
308,78,1946,5,21.771,21.648,0,765.5
308,78,1946,5.5,21.783,21.659,0,766
308,78,1946,6,21.783,21.659,0,766.5
308,78,1946,6.5,21.783,21.659,0,767
308,78,1946,7,21.783,21.659,0,767.5
308,78,1946,7.5,21.771,21.648,0,768
308,78,1946,8,21.783,21.659,0,768.5
308,78,1946,8.5,21.783,21.659,0,769
308,78,1946,9,21.771,21.648,0,769.5
308,78,1946,9.5,21.77,21.659,0,770
308,78,1946,10,21.771,21.648,0,770.5
308,78,1946,10.5,21.771,21.648,-0.32147,771
308,78,1946,11,21.77,21.659,0,771.5
308,78,1946,11.5,21.736,21.624,0,772
308,78,1946,12,21.783,21.659,0,772.5
308,78,1946,12.5,21.771,21.648,0,773
308,78,1946,13,21.77,21.659,0,773.5
308,78,1946,13.5,21.783,21.659,0,774
308,78,1946,14,21.783,21.659,0,774.5
308,78,1946,14.5,21.783,21.659,0,775
308,78,1946,15,21.783,21.659,0,775.5
308,78,1946,15.5,21.77,21.659,0,776
308,78,1946,16,21.783,21.659,0,776.5
308,78,1946,16.5,21.783,21.659,0,777
308,78,1946,17,21.783,21.659,0,777.5
308,78,1946,17.5,21.759,21.648,0,778
308,78,1946,18,21.746,21.648,0,778.5
308,78,1946,18.5,21.783,21.659,0,779
308,78,1946,19,21.783,21.659,0,779.5
308,78,1946,19.5,21.77,21.659,0,780
308,78,1946,20,21.77,21.659,0,780.5
308,78,1946,20.5,21.783,21.659,0,781
308,78,1946,21,21.759,21.648,0,781.5
308,78,1946,21.5,21.759,21.648,0,782
308,78,1946,22,21.77,21.659,0,782.5
308,78,1946,22.5,21.77,21.659,0,783
308,78,1946,23,21.782,21.671,0,783.5
308,78,1946,23.5,21.77,21.659,0,784
308,78,1946,24,21.759,21.648,0,784.5
308,78,1946,24.5,21.746,21.659,0,785
308,78,1946,25,21.759,21.648,0.32147,785.5
308,78,1946,25.5,21.77,21.659,0.32147,786
308,78,1946,26,21.77,21.659,0,786.5
308,78,1946,26.5,21.746,21.659,0,787
308,78,1946,27,21.746,21.659,0,787.5
308,78,1946,27.5,21.77,21.659,0,788
308,78,1946,28,21.758,21.659,0,788.5
308,78,1946,28.5,21.734,21.648,0,789
308,78,1946,29,21.758,21.659,0,789.5
308,78,1946,29.5,21.746,21.648,0,790
308,78,1946,30,21.746,21.648,0,790.5
308,78,1946,30.5,21.77,21.671,0,791
308,78,1946,31,21.758,21.659,0,791.5
308,78,1946,31.5,21.783,21.659,0,792
308,78,1946,32,21.758,21.659,0,792.5
308,78,1946,32.5,21.734,21.648,0,793
308,78,1946,33,21.733,21.659,0,793.5
308,78,1946,33.5,21.77,21.659,0,794
308,78,1946,34,21.758,21.659,0,794.5
308,78,1946,34.5,21.77,21.659,0,795
308,78,1946,35,21.733,21.659,0,795.5
308,78,1946,35.5,21.746,21.659,0,796
308,78,1946,36,21.77,21.659,0,796.5
308,78,1946,36.5,21.759,21.648,0,797
308,78,1946,37,21.782,21.671,0,797.5
308,78,1946,37.5,21.758,21.659,0,798
308,78,1946,38,21.782,21.671,0,798.5
308,78,1946,38.5,21.77,21.659,0,799
308,78,1946,39,21.758,21.659,0,799.5
308,78,1946,39.5,21.733,21.659,0,800
308,78,1946,40,21.746,21.648,0,800.5
308,78,1946,40.5,21.746,21.659,0,801
308,78,1946,41,21.733,21.659,0,801.5
308,78,1946,41.5,21.758,21.659,0,802
308,78,1946,42,21.746,21.659,0,802.5
308,78,1946,42.5,21.746,21.659,0,803
308,78,1946,43,21.758,21.659,0,803.5
308,78,1946,43.5,21.746,21.659,0,804
308,78,1946,44,21.746,21.659,0,804.5
308,78,1946,44.5,21.746,21.659,0,805
308,78,1946,45,21.746,21.659,0,805.5
308,78,1946,45.5,21.758,21.659,0,806
308,78,1946,46,21.733,21.659,0,806.5
308,78,1946,46.5,21.746,21.659,0,807
308,78,1946,47,21.758,21.659,0,807.5
308,78,1946,47.5,21.733,21.659,0,808
308,78,1946,48,21.733,21.659,0,808.5
308,78,1946,48.5,21.757,21.671,0,809
308,78,1946,49,21.722,21.648,0,809.5
308,78,1946,49.5,21.77,21.671,0,810
308,78,1946,50,21.746,21.659,0,810.5
308,78,1946,50.5,21.733,21.659,0,811
308,78,1946,51,21.757,21.671,0,811.5
308,78,1946,51.5,21.722,21.648,0,812
308,78,1946,52,21.733,21.659,0,812.5
308,78,1946,52.5,21.733,21.659,0,813
308,78,1946,53,21.745,21.671,0,813.5
308,78,1946,53.5,21.745,21.671,0,814
308,78,1946,54,21.746,21.659,0,814.5
308,78,1946,54.5,21.733,21.659,0,815
308,78,1946,55,21.733,21.659,0,815.5
308,78,1946,55.5,21.733,21.659,0,816
308,78,1946,56,21.77,21.659,0,816.5
308,78,1946,56.5,21.733,21.659,0,817
308,78,1946,57,21.746,21.659,0,817.5
308,78,1946,57.5,21.746,21.659,0,818
308,78,1946,58,21.746,21.659,0,818.5
308,78,1946,58.5,21.733,21.659,0,819
308,78,1946,59,21.733,21.659,0,819.5
308,78,1946,59.5,21.745,21.671,0,820
308,78,1947,0,21.758,21.659,0,820.5
308,78,1947,0.5,21.746,21.659,0,821
308,78,1947,1,21.733,21.659,0,821.5
308,78,1947,1.5,21.733,21.659,0,822
308,78,1947,2,21.757,21.671,0,822.5
308,78,1947,2.5,21.757,21.671,0,823
308,78,1947,3,21.733,21.659,0,823.5
308,78,1947,3.5,21.745,21.671,0,824
308,78,1947,4,21.733,21.659,0,824.5
308,78,1947,4.5,21.745,21.671,0,825
308,78,1947,5,21.733,21.659,0,825.5
308,78,1947,5.5,21.733,21.659,0.32147,826
308,78,1947,6,21.757,21.671,0,826.5
308,78,1947,6.5,21.733,21.659,0,827
308,78,1947,7,21.733,21.659,0,827.5
308,78,1947,7.5,21.745,21.671,0,828
308,78,1947,8,21.757,21.683,0,828.5
308,78,1947,8.5,21.722,21.648,0,829
308,78,1947,9,21.733,21.659,0,829.5
308,78,1947,9.5,21.745,21.671,0,830
308,78,1947,10,21.733,21.659,0,830.5
308,78,1947,10.5,21.733,21.659,0,831
308,78,1947,11,21.733,21.659,0,831.5
308,78,1947,11.5,21.745,21.671,0,832
308,78,1947,12,21.745,21.671,0,832.5
308,78,1947,12.5,21.733,21.659,0,833
308,78,1947,13,21.733,21.659,0,833.5
308,78,1947,13.5,21.733,21.659,0,834
308,78,1947,14,21.733,21.659,0,834.5
308,78,1947,14.5,21.757,21.671,0,835
308,78,1947,15,21.746,21.659,0,835.5
308,78,1947,15.5,21.733,21.659,0,836
308,78,1947,16,21.722,21.648,0,836.5
308,78,1947,16.5,21.745,21.671,0,837
308,78,1947,17,21.745,21.671,0,837.5
308,78,1947,17.5,21.733,21.659,0,838
308,78,1947,18,21.745,21.671,0,838.5
308,78,1947,18.5,21.733,21.659,0,839
308,78,1947,19,21.733,21.659,0,839.5
308,78,1947,19.5,21.733,21.659,0,840
308,78,1947,20,21.733,21.659,0,840.5
308,78,1947,20.5,21.757,21.671,0,841
308,78,1947,21,21.745,21.671,0,841.5
308,78,1947,21.5,21.745,21.671,0,842
308,78,1947,22,21.733,21.659,0,842.5
308,78,1947,22.5,21.733,21.659,0,843
308,78,1947,23,21.745,21.671,0,843.5
308,78,1947,23.5,21.733,21.659,0,844
308,78,1947,24,21.745,21.671,0,844.5
308,78,1947,24.5,21.745,21.671,0,845
308,78,1947,25,21.745,21.671,0,845.5
308,78,1947,25.5,21.733,21.659,0,846
308,78,1947,26,21.745,21.671,0.32147,846.5
308,78,1947,26.5,21.733,21.659,0,847
308,78,1947,27,21.745,21.671,0,847.5
308,78,1947,27.5,21.745,21.671,0,848
308,78,1947,28,21.745,21.671,0.32147,848.5
308,78,1947,28.5,21.745,21.671,0,849
308,78,1947,29,21.722,21.648,0,849.5
308,78,1947,29.5,21.745,21.671,0,850
308,78,1947,30,21.733,21.659,0,850.5
308,78,1947,30.5,21.745,21.671,0,851
308,78,1947,31,21.745,21.671,0,851.5
308,78,1947,31.5,21.745,21.671,0,852
308,78,1947,32,21.745,21.671,0,852.5
308,78,1947,32.5,21.733,21.659,0,853
308,78,1947,33,21.733,21.659,0,853.5
308,78,1947,33.5,21.733,21.659,0,854
308,78,1947,34,21.733,21.659,0,854.5
308,78,1947,34.5,21.733,21.659,0,855
308,78,1947,35,21.757,21.683,0,855.5
308,78,1947,35.5,21.733,21.659,0,856
308,78,1947,36,21.745,21.671,0,856.5
308,78,1947,36.5,21.745,21.671,0,857
308,78,1947,37,21.733,21.659,0,857.5
308,78,1947,37.5,21.745,21.671,0,858
308,78,1947,38,21.733,21.659,0,858.5
308,78,1947,38.5,21.745,21.671,0,859
308,78,1947,39,21.745,21.671,0,859.5
308,78,1947,39.5,21.745,21.671,0,860
308,78,1947,40,21.757,21.683,0,860.5
308,78,1947,40.5,21.745,21.671,0,861
308,78,1947,41,21.733,21.659,0,861.5
308,78,1947,41.5,21.745,21.671,0,862
308,78,1947,42,21.757,21.683,0,862.5
308,78,1947,42.5,21.757,21.683,0,863
308,78,1947,43,21.745,21.671,0,863.5
308,78,1947,43.5,21.757,21.683,0,864
308,78,1947,44,21.745,21.671,0,864.5
308,78,1947,44.5,21.745,21.671,0,865
308,78,1947,45,21.745,21.671,0,865.5
308,78,1947,45.5,21.745,21.671,0,866
308,78,1947,46,21.745,21.671,0,866.5
308,78,1947,46.5,21.757,21.683,0,867
308,78,1947,47,21.745,21.671,0,867.5
308,78,1947,47.5,21.745,21.671,0,868
308,78,1947,48,21.745,21.671,0,868.5
308,78,1947,48.5,21.733,21.659,0,869
308,78,1947,49,21.745,21.671,0,869.5
308,78,1947,49.5,21.757,21.683,0,870
308,78,1947,50,21.745,21.671,0,870.5
308,78,1947,50.5,21.745,21.671,0,871
308,78,1947,51,21.757,21.683,0,871.5
308,78,1947,51.5,21.733,21.659,0,872
308,78,1947,52,21.745,21.671,0,872.5
308,78,1947,52.5,21.757,21.683,0,873
308,78,1947,53,21.745,21.671,0,873.5
308,78,1947,53.5,21.745,21.671,0,874
308,78,1947,54,21.745,21.671,0,874.5
308,78,1947,54.5,21.733,21.659,0,875
308,78,1947,55,21.733,21.659,0,875.5
308,78,1947,55.5,21.745,21.671,0.32147,876
308,78,1947,56,21.733,21.659,0.32147,876.5
308,78,1947,56.5,21.733,21.659,0,877
308,78,1947,57,21.733,21.659,0,877.5
308,78,1947,57.5,21.745,21.671,0,878
308,78,1947,58,21.768,21.694,0.32147,878.5
308,78,1947,58.5,21.757,21.683,0,879
308,78,1947,59,21.733,21.659,0.32147,879.5
308,78,1947,59.5,21.733,21.659,0,880
308,78,1948,0,21.757,21.683,0,880.5
308,78,1948,0.5,21.745,21.671,0,881
308,78,1948,1,21.757,21.683,0,881.5
308,78,1948,1.5,21.733,21.659,0.32147,882
308,78,1948,2,21.745,21.671,0.32147,882.5
308,78,1948,2.5,21.745,21.671,0,883
308,78,1948,3,21.745,21.671,0.32147,883.5
308,78,1948,3.5,21.745,21.671,0,884
308,78,1948,4,21.745,21.671,0.32147,884.5
308,78,1948,4.5,21.757,21.683,-0.32147,885
308,78,1948,5,21.745,21.671,0,885.5
308,78,1948,5.5,21.757,21.683,0.32147,886
308,78,1948,6,21.757,21.683,-0.32147,886.5
308,78,1948,6.5,21.757,21.683,0.32147,887
308,78,1948,7,21.745,21.671,0.32147,887.5
308,78,1948,7.5,21.745,21.671,0,888
308,78,1948,8,21.733,21.659,0,888.5
308,78,1948,8.5,21.757,21.683,0,889
308,78,1948,9,21.757,21.683,0,889.5
308,78,1948,9.5,21.745,21.671,0,890
308,78,1948,10,21.745,21.671,0,890.5
308,78,1948,10.5,21.745,21.671,0,891
308,78,1948,11,21.768,21.694,0,891.5
308,78,1948,11.5,21.745,21.671,0,892
308,78,1948,12,21.745,21.671,0,892.5
308,78,1948,12.5,21.757,21.683,0,893
308,78,1948,13,21.745,21.671,0,893.5
308,78,1948,13.5,21.757,21.683,0,894
308,78,1948,14,21.757,21.683,0,894.5
308,78,1948,14.5,21.757,21.683,0,895
308,78,1948,15,21.745,21.671,0,895.5
308,78,1948,15.5,21.757,21.683,0,896
308,78,1948,16,21.733,21.659,0,896.5
308,78,1948,16.5,21.757,21.683,0,897
308,78,1948,17,21.745,21.671,0,897.5
308,78,1948,17.5,21.757,21.683,0,898
308,78,1948,18,21.745,21.671,0,898.5
308,78,1948,18.5,21.757,21.683,0,899
308,78,1948,19,21.757,21.683,0,899.5
308,78,1948,19.5,21.757,21.683,0,900
