308,78,1729,58.5,21.368,20.315,188.39,0
308,78,1729,59,21.442,20.315,188.07,0.5
308,78,1729,59.5,21.49,20.327,188.07,1
308,78,1730,0,21.528,20.315,188.07,1.5
308,78,1730,0.5,21.553,20.315,188.07,2
308,78,1730,1,21.578,20.315,188.07,2.5
308,78,1730,1.5,21.591,20.304,188.07,3
308,78,1730,2,21.638,20.327,187.75,3.5
308,78,1730,2.5,21.651,20.327,187.75,4
308,78,1730,3,21.677,20.315,187.75,4.5
308,78,1730,3.5,21.677,20.315,187.75,5
308,78,1730,4,21.677,20.315,187.75,5.5
308,78,1730,4.5,21.701,20.315,187.75,6
308,78,1730,5,21.715,20.304,187.75,6.5
308,78,1730,5.5,21.715,20.304,187.75,7
308,78,1730,6,21.726,20.315,187.75,7.5
308,78,1730,6.5,21.726,20.315,187.75,8
308,78,1730,7,21.763,20.315,187.75,8.5
308,78,1730,7.5,21.775,20.315,187.75,9
308,78,1730,8,21.775,20.315,187.75,9.5
308,78,1730,8.5,21.787,20.327,187.75,10
308,78,1730,9,21.764,20.304,187.75,10.5
308,78,1730,9.5,21.799,20.327,187.75,11
308,78,1730,10,21.788,20.315,187.75,11.5
308,78,1730,10.5,21.814,20.304,187.75,12
308,78,1730,11,21.847,20.338,187.75,12.5
308,78,1730,11.5,21.825,20.315,187.75,13
308,78,1730,12,21.836,20.327,187.75,13.5
308,78,1730,12.5,21.825,20.315,187.75,14
308,78,1730,13,21.825,20.315,187.75,14.5
308,78,1730,13.5,21.849,20.327,187.75,15
308,78,1730,14,21.837,20.315,187.75,15.5
308,78,1730,14.5,21.862,20.315,187.75,16
308,78,1730,15,21.838,20.304,187.75,16.5
308,78,1730,15.5,21.873,20.327,187.75,17
308,78,1730,16,21.874,20.315,187.75,17.5
308,78,1730,16.5,21.886,20.327,187.75,18
308,78,1730,17,21.886,20.327,187.75,18.5
308,78,1730,17.5,21.886,20.327,187.75,19
308,78,1730,18,21.874,20.315,187.75,19.5
308,78,1730,18.5,21.874,20.315,187.75,20
308,78,1730,19,21.897,20.338,187.75,20.5
308,78,1730,19.5,21.897,20.338,187.75,21
308,78,1730,20,21.874,20.315,187.75,21.5
308,78,1730,20.5,21.898,20.327,187.75,22
308,78,1730,21,21.91,20.327,187.75,22.5
308,78,1730,21.5,21.911,20.315,187.75,23
308,78,1730,22,21.911,20.315,187.75,23.5
308,78,1730,22.5,21.899,20.315,187.75,24
308,78,1730,23,21.91,20.327,187.75,24.5
308,78,1730,23.5,21.911,20.315,187.75,25
308,78,1730,24,21.923,20.327,187.75,25.5
308,78,1730,24.5,21.924,20.315,187.75,26
308,78,1730,25,21.935,20.327,187.75,26.5
308,78,1730,25.5,21.924,20.315,187.75,27
308,78,1730,26,21.924,20.315,187.75,27.5
308,78,1730,26.5,21.924,20.315,187.75,28
308,78,1730,27,21.924,20.315,187.75,28.5
308,78,1730,27.5,21.935,20.327,187.75,29
308,78,1730,28,21.946,20.338,187.75,29.5
308,78,1730,28.5,21.935,20.327,187.75,30
308,78,1730,29,21.935,20.327,187.75,30.5
308,78,1730,29.5,21.935,20.327,187.75,31
308,78,1730,30,21.924,20.315,187.75,31.5
308,78,1730,30.5,21.948,20.315,187.75,32
308,78,1730,31,21.96,20.327,187.75,32.5
308,78,1730,31.5,21.947,20.327,187.75,33
308,78,1730,32,21.948,20.315,187.75,33.5
308,78,1730,32.5,21.96,20.327,187.75,34
308,78,1730,33,21.961,20.315,187.75,34.5
308,78,1730,33.5,21.973,20.315,187.75,35
308,78,1730,34,21.972,20.327,187.75,35.5
308,78,1730,34.5,21.96,20.327,187.75,36
308,78,1730,35,21.972,20.327,187.75,36.5
308,78,1730,35.5,21.971,20.338,187.75,37
308,78,1730,36,21.973,20.315,187.75,37.5
308,78,1730,36.5,21.973,20.315,187.75,38
308,78,1730,37,21.972,20.327,187.75,38.5
308,78,1730,37.5,21.996,20.338,187.75,39
308,78,1730,38,21.984,20.327,187.75,39.5
308,78,1730,38.5,21.984,20.327,187.75,40
308,78,1730,39,21.996,20.338,187.75,40.5
308,78,1730,39.5,21.984,20.327,187.75,41
308,78,1730,40,21.973,20.315,187.75,41.5
308,78,1730,40.5,21.984,20.327,187.75,42
308,78,1730,41,21.984,20.327,187.75,42.5
308,78,1730,41.5,21.984,20.327,187.75,43
308,78,1730,42,21.996,20.338,187.75,43.5
308,78,1730,42.5,21.984,20.327,187.75,44
308,78,1730,43,21.984,20.327,187.75,44.5
308,78,1730,43.5,21.973,20.315,187.75,45
308,78,1730,44,21.984,20.327,187.75,45.5
308,78,1730,44.5,21.984,20.327,187.75,46
308,78,1730,45,21.997,20.327,187.75,46.5
308,78,1730,45.5,21.973,20.315,187.75,47
308,78,1730,46,21.973,20.315,187.75,47.5
308,78,1730,46.5,21.984,20.327,187.75,48
308,78,1730,47,21.984,20.327,187.75,48.5
308,78,1730,47.5,21.996,20.338,187.75,49
308,78,1730,48,22.02,20.338,187.75,49.5
308,78,1730,48.5,22.009,20.327,187.75,50
308,78,1730,49,21.973,20.315,187.75,50.5
308,78,1730,49.5,22.009,20.327,187.75,51
308,78,1730,50,22.009,20.327,187.75,51.5
308,78,1730,50.5,22.045,20.338,187.75,52
308,78,1730,51,22.045,20.338,187.75,52.5
308,78,1730,51.5,22.009,20.327,187.75,53
308,78,1730,52,22.009,20.327,187.75,53.5
308,78,1730,52.5,22.034,20.327,187.75,54
308,78,1730,53,22.034,20.327,187.75,54.5
308,78,1730,53.5,22.023,20.315,187.75,55
308,78,1730,54,22.01,20.315,187.75,55.5
308,78,1730,54.5,22.045,20.338,187.75,56
308,78,1730,55,22.034,20.327,187.75,56.5
308,78,1730,55.5,22.045,20.338,187.75,57
308,78,1730,56,22.023,20.315,187.75,57.5
308,78,1730,56.5,22.034,20.327,187.75,58
308,78,1730,57,22.045,20.338,187.75,58.5
308,78,1730,57.5,22.034,20.327,187.75,59
308,78,1730,58,22.034,20.327,187.75,59.5
308,78,1730,58.5,22.034,20.327,187.75,60
308,78,1730,59,22.056,20.349,187.75,60.5
308,78,1730,59.5,22.023,20.315,187.75,61
308,78,1731,0,22.056,20.349,187.75,61.5
308,78,1731,0.5,22.034,20.327,187.75,62
308,78,1731,1,22.034,20.327,187.75,62.5
308,78,1731,1.5,22.034,20.327,187.75,63
308,78,1731,2,22.045,20.338,187.75,63.5
308,78,1731,2.5,22.045,20.338,187.75,64
308,78,1731,3,22.034,20.327,187.75,64.5
308,78,1731,3.5,22.034,20.327,187.75,65
308,78,1731,4,22.023,20.315,187.75,65.5
308,78,1731,4.5,22.034,20.327,187.75,66
308,78,1731,5,22.046,20.327,187.75,66.5
308,78,1731,5.5,22.045,20.338,187.75,67
308,78,1731,6,22.057,20.338,187.75,67.5
308,78,1731,6.5,22.045,20.338,187.75,68
308,78,1731,7,22.046,20.327,187.75,68.5
308,78,1731,7.5,22.035,20.315,187.75,69
308,78,1731,8,22.045,20.338,187.75,69.5
308,78,1731,8.5,22.023,20.315,187.75,70
308,78,1731,9,22.071,20.327,187.75,70.5
308,78,1731,9.5,22.034,20.327,187.75,71
308,78,1731,10,22.045,20.338,187.75,71.5
308,78,1731,10.5,22.06,20.315,187.75,72
308,78,1731,11,22.057,20.338,187.75,72.5
308,78,1731,11.5,22.058,20.327,187.75,73
308,78,1731,12,22.082,20.338,187.75,73.5
308,78,1731,12.5,22.093,20.349,187.75,74
308,78,1731,13,22.071,20.327,187.75,74.5
308,78,1731,13.5,22.071,20.327,187.75,75
308,78,1731,14,22.07,20.338,187.75,75.5
308,78,1731,14.5,22.094,20.338,187.75,76
308,78,1731,15,22.082,20.338,187.75,76.5
308,78,1731,15.5,22.083,20.327,187.75,77
308,78,1731,16,22.07,20.338,187.75,77.5
308,78,1731,16.5,22.071,20.327,187.75,78
308,78,1731,17,22.094,20.338,187.75,78.5
308,78,1731,17.5,22.071,20.327,187.75,79
308,78,1731,18,22.083,20.327,187.75,79.5
308,78,1731,18.5,22.094,20.338,187.75,80
308,78,1731,19,22.083,20.327,187.75,80.5
308,78,1731,19.5,22.071,20.327,187.75,81
308,78,1731,20,22.071,20.327,187.75,81.5
308,78,1731,20.5,22.083,20.327,187.75,82
308,78,1731,21,22.094,20.338,187.75,82.5
308,78,1731,21.5,22.071,20.327,187.75,83
308,78,1731,22,22.093,20.349,187.75,83.5
308,78,1731,22.5,22.106,20.349,187.75,84
308,78,1731,23,22.083,20.327,187.75,84.5
308,78,1731,23.5,22.106,20.349,187.75,85
308,78,1731,24,22.094,20.338,187.75,85.5
308,78,1731,24.5,22.094,20.338,187.75,86
308,78,1731,25,22.094,20.338,187.75,86.5
308,78,1731,25.5,22.106,20.349,187.75,87
308,78,1731,26,22.094,20.338,187.75,87.5
308,78,1731,26.5,22.083,20.327,187.75,88
308,78,1731,27,22.083,20.327,187.75,88.5
308,78,1731,27.5,22.083,20.327,187.75,89
308,78,1731,28,22.083,20.327,187.75,89.5
308,78,1731,28.5,22.083,20.327,187.75,90
308,78,1731,29,22.094,20.338,187.75,90.5
308,78,1731,29.5,22.094,20.338,187.75,91
308,78,1731,30,22.072,20.315,187.75,91.5
308,78,1731,30.5,22.094,20.338,187.75,92
308,78,1731,31,22.094,20.338,187.75,92.5
308,78,1731,31.5,22.094,20.338,187.75,93
308,78,1731,32,22.094,20.338,187.75,93.5
308,78,1731,32.5,22.117,20.361,187.75,94
308,78,1731,33,22.094,20.338,187.75,94.5
308,78,1731,33.5,22.083,20.327,187.75,95
308,78,1731,34,22.106,20.349,187.75,95.5
308,78,1731,34.5,22.106,20.349,187.75,96
308,78,1731,35,22.083,20.327,187.75,96.5
308,78,1731,35.5,22.072,20.315,187.75,97
308,78,1731,36,22.083,20.327,187.75,97.5
308,78,1731,36.5,22.094,20.338,187.75,98
308,78,1731,37,22.094,20.338,187.75,98.5
308,78,1731,37.5,22.106,20.349,187.75,99
308,78,1731,38,22.083,20.327,187.75,99.5
308,78,1731,38.5,22.094,20.338,187.75,100
308,78,1731,39,22.094,20.338,187.75,100.5
308,78,1731,39.5,22.083,20.327,187.75,101
308,78,1731,40,22.094,20.338,187.75,101.5
308,78,1731,40.5,22.094,20.338,187.75,102
308,78,1731,41,22.094,20.338,187.75,102.5
308,78,1731,41.5,22.107,20.338,187.75,103
308,78,1731,42,22.094,20.338,187.75,103.5
308,78,1731,42.5,22.083,20.327,187.75,104
308,78,1731,43,22.106,20.349,187.75,104.5
308,78,1731,43.5,22.118,20.349,187.75,105
308,78,1731,44,22.119,20.338,187.75,105.5
308,78,1731,44.5,22.096,20.327,187.75,106
308,78,1731,45,22.119,20.338,187.75,106.5
308,78,1731,45.5,22.106,20.349,187.75,107
308,78,1731,46,22.118,20.349,187.75,107.5
308,78,1731,46.5,22.119,20.338,187.75,108
308,78,1731,47,22.106,20.349,187.75,108.5
308,78,1731,47.5,22.083,20.327,187.75,109
308,78,1731,48,22.106,20.349,187.75,109.5
308,78,1731,48.5,22.118,20.349,187.75,110
308,78,1731,49,22.108,20.327,187.75,110.5
308,78,1731,49.5,22.119,20.338,187.75,111
308,78,1731,50,22.106,20.349,187.75,111.5
308,78,1731,50.5,22.119,20.338,187.75,112
308,78,1731,51,22.118,20.349,187.75,112.5
308,78,1731,51.5,22.084,20.315,187.75,113
308,78,1731,52,22.131,20.338,187.75,113.5
308,78,1731,52.5,22.13,20.349,187.75,114
308,78,1731,53,22.133,20.327,187.75,114.5
308,78,1731,53.5,22.13,20.349,187.75,115
308,78,1731,54,22.154,20.361,187.75,115.5
308,78,1731,54.5,22.131,20.338,187.75,116
308,78,1731,55,22.13,20.349,187.75,116.5
308,78,1731,55.5,22.155,20.349,187.75,117
308,78,1731,56,22.155,20.349,187.75,117.5
308,78,1731,56.5,22.143,20.349,187.75,118
308,78,1731,57,22.155,20.349,187.75,118.5
308,78,1731,57.5,22.13,20.349,187.75,119
308,78,1731,58,22.143,20.349,187.75,119.5
308,78,1731,58.5,22.143,20.349,187.75,120
308,78,1731,59,22.144,20.338,187.75,120.5
308,78,1731,59.5,22.144,20.338,187.75,121
308,78,1732,0,22.144,20.338,187.75,121.5
308,78,1732,0.5,22.155,20.349,187.75,122
308,78,1732,1,22.143,20.349,187.75,122.5
308,78,1732,1.5,22.155,20.349,187.75,123
308,78,1732,2,22.155,20.349,187.75,123.5
308,78,1732,2.5,22.155,20.349,187.75,124
308,78,1732,3,22.155,20.349,187.75,124.5
308,78,1732,3.5,22.144,20.338,187.75,125
308,78,1732,4,22.144,20.338,187.75,125.5
308,78,1732,4.5,22.144,20.338,187.75,126
308,78,1732,5,22.155,20.349,187.75,126.5
308,78,1732,5.5,22.155,20.349,187.75,127
308,78,1732,6,22.155,20.349,187.75,127.5
308,78,1732,6.5,22.155,20.349,187.75,128
308,78,1732,7,22.155,20.349,187.75,128.5
308,78,1732,7.5,22.155,20.349,187.75,129
308,78,1732,8,22.144,20.338,187.75,129.5
308,78,1732,8.5,22.131,20.338,187.75,130
308,78,1732,9,22.155,20.349,187.75,130.5
308,78,1732,9.5,22.144,20.338,187.75,131
308,78,1732,10,22.133,20.327,187.75,131.5
308,78,1732,10.5,22.155,20.349,187.75,132
308,78,1732,11,22.155,20.349,187.75,132.5
308,78,1732,11.5,22.144,20.338,187.75,133
308,78,1732,12,22.144,20.338,187.75,133.5
308,78,1732,12.5,22.144,20.338,187.75,134
308,78,1732,13,22.155,20.349,187.75,134.5
308,78,1732,13.5,22.155,20.349,187.75,135
308,78,1732,14,22.144,20.338,187.75,135.5
308,78,1732,14.5,22.155,20.349,187.75,136
308,78,1732,15,22.144,20.338,187.75,136.5
308,78,1732,15.5,22.155,20.349,187.75,137
308,78,1732,16,22.155,20.349,187.75,137.5
308,78,1732,16.5,22.155,20.349,187.75,138
308,78,1732,17,22.144,20.338,187.75,138.5
308,78,1732,17.5,22.155,20.349,187.75,139
308,78,1732,18,22.155,20.349,187.75,139.5
308,78,1732,18.5,22.155,20.349,187.75,140
308,78,1732,19,22.155,20.349,187.75,140.5
308,78,1732,19.5,22.166,20.361,187.75,141
308,78,1732,20,22.155,20.349,187.75,141.5
308,78,1732,20.5,22.155,20.349,187.75,142
308,78,1732,21,22.144,20.338,187.75,142.5
308,78,1732,21.5,22.155,20.349,187.43,143
308,78,1732,22,22.155,20.349,187.75,143.5
308,78,1732,22.5,22.155,20.349,187.75,144
308,78,1732,23,22.166,20.361,187.43,144.5
308,78,1732,23.5,22.155,20.349,187.75,145
308,78,1732,24,22.166,20.361,187.75,145.5
308,78,1732,24.5,22.166,20.361,187.75,146
308,78,1732,25,22.155,20.349,187.75,146.5
308,78,1732,25.5,22.155,20.349,187.75,147
308,78,1732,26,22.155,20.349,187.75,147.5
308,78,1732,26.5,22.144,20.338,187.75,148
308,78,1732,27,22.155,20.349,187.75,148.5
308,78,1732,27.5,22.155,20.349,187.75,149
308,78,1732,28,22.155,20.349,187.75,149.5
308,78,1732,28.5,22.155,20.349,187.43,150
308,78,1732,29,22.166,20.361,187.75,150.5
308,78,1732,29.5,22.166,20.361,187.75,151
308,78,1732,30,22.155,20.349,187.75,151.5
308,78,1732,30.5,22.155,20.349,187.75,152
308,78,1732,31,22.144,20.338,187.75,152.5
308,78,1732,31.5,22.166,20.361,187.75,153
308,78,1732,32,22.155,20.349,187.75,153.5
308,78,1732,32.5,22.155,20.349,187.75,154
308,78,1732,33,22.155,20.349,187.75,154.5
308,78,1732,33.5,22.155,20.349,187.75,155
308,78,1732,34,22.155,20.349,187.75,155.5
308,78,1732,34.5,22.166,20.361,187.75,156
308,78,1732,35,22.155,20.349,187.75,156.5
308,78,1732,35.5,22.166,20.361,187.75,157
308,78,1732,36,22.155,20.349,187.75,157.5
308,78,1732,36.5,22.155,20.349,187.75,158
308,78,1732,37,22.166,20.361,187.75,158.5
308,78,1732,37.5,22.155,20.349,187.75,159
308,78,1732,38,22.155,20.349,187.75,159.5
308,78,1732,38.5,22.166,20.361,187.75,160
308,78,1732,39,22.155,20.349,187.75,160.5
308,78,1732,39.5,22.155,20.349,187.75,161
308,78,1732,40,22.155,20.349,187.75,161.5
308,78,1732,40.5,22.155,20.349,187.75,162
308,78,1732,41,22.155,20.349,187.75,162.5
308,78,1732,41.5,22.155,20.349,187.75,163
308,78,1732,42,22.155,20.349,187.75,163.5
308,78,1732,42.5,22.166,20.361,187.75,164
308,78,1732,43,22.155,20.349,187.75,164.5
308,78,1732,43.5,22.155,20.349,187.75,165
308,78,1732,44,22.155,20.349,187.75,165.5
308,78,1732,44.5,22.168,20.349,187.75,166
308,78,1732,45,22.155,20.349,187.75,166.5
308,78,1732,45.5,22.166,20.361,187.75,167
308,78,1732,46,22.166,20.361,187.75,167.5
308,78,1732,46.5,22.166,20.361,187.75,168
308,78,1732,47,22.155,20.349,187.75,168.5
308,78,1732,47.5,22.155,20.349,187.75,169
308,78,1732,48,22.179,20.361,187.75,169.5
308,78,1732,48.5,22.168,20.349,187.75,170
308,78,1732,49,22.166,20.361,187.75,170.5
308,78,1732,49.5,22.166,20.361,187.75,171
308,78,1732,50,22.155,20.349,187.75,171.5
308,78,1732,50.5,22.166,20.361,187.43,172
308,78,1732,51,22.179,20.361,187.75,172.5
308,78,1732,51.5,22.155,20.349,187.75,173
308,78,1732,52,22.155,20.349,187.75,173.5
308,78,1732,52.5,22.166,20.361,187.75,174
308,78,1732,53,22.166,20.361,187.75,174.5
308,78,1732,53.5,22.155,20.349,187.75,175
308,78,1732,54,22.168,20.349,187.75,175.5
308,78,1732,54.5,22.168,20.349,187.75,176
308,78,1732,55,22.19,20.372,187.75,176.5
308,78,1732,55.5,22.155,20.349,187.75,177
308,78,1732,56,22.166,20.361,187.75,177.5
308,78,1732,56.5,22.155,20.349,187.75,178
308,78,1732,57,22.191,20.361,187.75,178.5
308,78,1732,57.5,22.166,20.361,187.75,179
308,78,1732,58,22.155,20.349,187.75,179.5
308,78,1732,58.5,22.166,20.361,187.75,180
308,78,1732,59,22.191,20.361,187.75,180.5
308,78,1732,59.5,22.168,20.349,187.75,181
308,78,1733,0,22.168,20.349,187.75,181.5
308,78,1733,0.5,22.18,20.349,187.75,182
308,78,1733,1,22.166,20.361,187.75,182.5
308,78,1733,1.5,22.179,20.361,187.75,183
308,78,1733,2,22.166,20.361,187.75,183.5
308,78,1733,2.5,22.155,20.349,187.75,184
308,78,1733,3,22.168,20.349,187.75,184.5
308,78,1733,3.5,22.168,20.349,187.75,185
308,78,1733,4,22.166,20.361,187.75,185.5
308,78,1733,4.5,22.179,20.361,187.75,186
308,78,1733,5,22.203,20.361,187.43,186.5
308,78,1733,5.5,22.168,20.349,187.75,187
308,78,1733,6,22.168,20.349,187.43,187.5
308,78,1733,6.5,22.203,20.361,187.43,188
308,78,1733,7,22.191,20.361,187.43,188.5
308,78,1733,7.5,22.18,20.349,187.75,189
308,78,1733,8,22.179,20.361,187.43,189.5
308,78,1733,8.5,22.19,20.372,187.43,190
308,78,1733,9,22.179,20.361,187.43,190.5
308,78,1733,9.5,22.179,20.361,187.43,191
308,78,1733,10,22.178,20.372,187.43,191.5
308,78,1733,10.5,22.166,20.361,187.75,192
308,78,1733,11,22.202,20.372,187.75,192.5
308,78,1733,11.5,22.203,20.361,187.75,193
308,78,1733,12,22.179,20.361,187.75,193.5
308,78,1733,12.5,22.179,20.361,187.75,194
308,78,1733,13,22.18,20.349,187.75,194.5
308,78,1733,13.5,22.191,20.361,187.75,195
308,78,1733,14,22.215,20.372,187.43,195.5
308,78,1733,14.5,22.203,20.361,187.43,196
308,78,1733,15,22.216,20.361,187.43,196.5
308,78,1733,15.5,22.192,20.349,187.43,197
308,78,1733,16,22.202,20.372,187.43,197.5
308,78,1733,16.5,22.18,20.349,187.43,198
308,78,1733,17,22.18,20.349,187.43,198.5
308,78,1733,17.5,22.192,20.349,187.43,199
308,78,1733,18,22.191,20.361,187.43,199.5
308,78,1733,18.5,22.191,20.361,187.75,200
308,78,1733,19,22.191,20.361,187.43,200.5
308,78,1733,19.5,22.191,20.361,187.43,201
308,78,1733,20,22.191,20.361,187.43,201.5
308,78,1733,20.5,22.191,20.361,187.43,202
308,78,1733,21,22.191,20.361,187.43,202.5
308,78,1733,21.5,22.192,20.349,187.43,203
308,78,1733,22,22.205,20.349,187.43,203.5
308,78,1733,22.5,22.191,20.361,187.43,204
308,78,1733,23,22.203,20.361,187.43,204.5
308,78,1733,23.5,22.18,20.349,187.43,205
308,78,1733,24,22.205,20.349,187.43,205.5
308,78,1733,24.5,22.192,20.349,187.43,206
308,78,1733,25,22.192,20.349,187.43,206.5
308,78,1733,25.5,22.227,20.372,187.43,207
308,78,1733,26,22.191,20.361,187.43,207.5
308,78,1733,26.5,22.227,20.372,187.43,208
308,78,1733,27,22.18,20.349,187.43,208.5
308,78,1733,27.5,22.216,20.361,187.43,209
308,78,1733,28,22.203,20.361,187.43,209.5
308,78,1733,28.5,22.215,20.372,187.43,210
308,78,1733,29,22.216,20.361,187.43,210.5
308,78,1733,29.5,22.192,20.349,187.43,211
308,78,1733,30,22.205,20.349,187.43,211.5
308,78,1733,30.5,22.203,20.361,187.43,212
308,78,1733,31,22.203,20.361,187.43,212.5
308,78,1733,31.5,22.216,20.361,187.43,213
308,78,1733,32,22.216,20.361,187.43,213.5
308,78,1733,32.5,22.191,20.361,187.43,214
308,78,1733,33,22.192,20.349,187.43,214.5
308,78,1733,33.5,22.203,20.361,187.43,215
308,78,1733,34,22.202,20.372,187.43,215.5
308,78,1733,34.5,22.205,20.349,187.43,216
308,78,1733,35,22.205,20.349,187.43,216.5
308,78,1733,35.5,22.203,20.361,187.43,217
308,78,1733,36,22.216,20.361,187.43,217.5
308,78,1733,36.5,22.215,20.372,187.11,218
308,78,1733,37,22.227,20.372,187.43,218.5
308,78,1733,37.5,22.227,20.372,187.43,219
308,78,1733,38,22.205,20.349,187.43,219.5
308,78,1733,38.5,22.227,20.372,187.43,220
308,78,1733,39,22.216,20.361,187.43,220.5
308,78,1733,39.5,22.205,20.349,187.11,221
308,78,1733,40,22.216,20.361,187.43,221.5
308,78,1733,40.5,22.203,20.361,187.11,222
308,78,1733,41,22.203,20.361,187.11,222.5
308,78,1733,41.5,22.216,20.361,187.11,223
308,78,1733,42,22.216,20.361,187.11,223.5
308,78,1733,42.5,22.203,20.361,187.11,224
308,78,1733,43,22.203,20.361,187.11,224.5
308,78,1733,43.5,22.203,20.361,187.11,225
308,78,1733,44,22.216,20.361,187.11,225.5
308,78,1733,44.5,22.216,20.361,187.11,226
308,78,1733,45,22.227,20.372,187.11,226.5
308,78,1733,45.5,22.216,20.361,187.11,227
308,78,1733,46,22.216,20.361,187.11,227.5
308,78,1733,46.5,22.227,20.372,187.11,228
308,78,1733,47,22.227,20.372,186.47,228.5
308,78,1733,47.5,22.216,20.361,187.11,229
308,78,1733,48,22.227,20.372,187.11,229.5
308,78,1733,48.5,22.203,20.361,187.11,230
308,78,1733,49,22.216,20.361,187.11,230.5
308,78,1733,49.5,22.216,20.361,187.11,231
308,78,1733,50,22.203,20.361,187.11,231.5
308,78,1733,50.5,22.216,20.361,187.11,232
308,78,1733,51,22.216,20.361,187.11,232.5
308,78,1733,51.5,22.216,20.361,187.11,233
308,78,1733,52,22.216,20.361,187.11,233.5
308,78,1733,52.5,22.216,20.361,187.11,234
308,78,1733,53,22.215,20.372,187.11,234.5
308,78,1733,53.5,22.216,20.361,187.11,235
308,78,1733,54,22.227,20.372,187.11,235.5
308,78,1733,54.5,22.227,20.372,187.11,236
308,78,1733,55,22.227,20.372,187.11,236.5
308,78,1733,55.5,22.216,20.361,187.11,237
308,78,1733,56,22.216,20.361,187.11,237.5
308,78,1733,56.5,22.216,20.361,187.11,238
308,78,1733,57,22.203,20.361,187.11,238.5
308,78,1733,57.5,22.216,20.361,187.11,239
308,78,1733,58,22.216,20.361,187.11,239.5
308,78,1733,58.5,22.238,20.383,187.11,240
308,78,1733,59,22.203,20.361,187.11,240.5
308,78,1733,59.5,22.215,20.372,187.11,241
308,78,1734,0,22.216,20.361,187.11,241.5
308,78,1734,0.5,22.216,20.361,187.11,242
308,78,1734,1,22.227,20.372,187.11,242.5
308,78,1734,1.5,22.216,20.361,187.11,243
308,78,1734,2,22.216,20.361,187.11,243.5
308,78,1734,2.5,22.227,20.372,187.43,244
308,78,1734,3,22.216,20.361,187.11,244.5
308,78,1734,3.5,22.203,20.361,187.11,245
308,78,1734,4,22.238,20.383,187.11,245.5
308,78,1734,4.5,22.227,20.372,187.11,246
308,78,1734,5,22.216,20.361,187.11,246.5
308,78,1734,5.5,22.216,20.361,187.11,247
308,78,1734,6,22.227,20.372,187.11,247.5
308,78,1734,6.5,22.216,20.361,187.11,248
308,78,1734,7,22.193,20.338,187.11,248.5
308,78,1734,7.5,22.205,20.349,187.11,249
308,78,1734,8,22.216,20.361,187.11,249.5
308,78,1734,8.5,22.227,20.372,187.11,250
308,78,1734,9,22.216,20.361,187.11,250.5
308,78,1734,9.5,22.227,20.372,187.11,251
308,78,1734,10,22.216,20.361,187.11,251.5
308,78,1734,10.5,22.227,20.372,187.11,252
308,78,1734,11,22.227,20.372,187.11,252.5
308,78,1734,11.5,22.203,20.361,187.43,253
308,78,1734,12,22.227,20.372,187.11,253.5
308,78,1734,12.5,22.227,20.372,187.11,254
308,78,1734,13,22.216,20.361,187.11,254.5
308,78,1734,13.5,22.238,20.383,187.11,255
308,78,1734,14,22.227,20.372,187.11,255.5
308,78,1734,14.5,22.216,20.361,187.11,256
308,78,1734,15,22.228,20.361,187.11,256.5
308,78,1734,15.5,22.227,20.372,187.11,257
308,78,1734,16,22.227,20.372,187.11,257.5
308,78,1734,16.5,22.238,20.383,187.11,258
308,78,1734,17,22.227,20.372,187.11,258.5
308,78,1734,17.5,22.227,20.372,187.11,259
308,78,1734,18,22.238,20.383,187.11,259.5
308,78,1734,18.5,22.239,20.372,187.11,260
308,78,1734,19,22.238,20.383,187.11,260.5
308,78,1734,19.5,22.227,20.372,187.43,261
308,78,1734,20,22.216,20.361,187.11,261.5
308,78,1734,20.5,22.216,20.361,187.11,262
308,78,1734,21,22.227,20.372,187.11,262.5
308,78,1734,21.5,22.216,20.361,187.11,263
308,78,1734,22,22.216,20.361,187.11,263.5
308,78,1734,22.5,22.238,20.383,187.11,264
308,78,1734,23,22.227,20.372,187.11,264.5
308,78,1734,23.5,22.238,20.383,187.11,265
308,78,1734,24,22.227,20.372,187.11,265.5
308,78,1734,24.5,22.227,20.372,187.11,266
308,78,1734,25,22.216,20.361,187.11,266.5
308,78,1734,25.5,22.238,20.383,187.11,267
308,78,1734,26,22.227,20.372,187.11,267.5
308,78,1734,26.5,22.216,20.361,187.11,268
308,78,1734,27,22.227,20.372,187.11,268.5
308,78,1734,27.5,22.227,20.372,187.11,269
308,78,1734,28,22.227,20.372,187.11,269.5
308,78,1734,28.5,22.239,20.372,187.11,270
308,78,1734,29,22.25,20.395,187.11,270.5
308,78,1734,29.5,22.227,20.372,187.11,271
308,78,1734,30,22.227,20.372,187.11,271.5
308,78,1734,30.5,22.227,20.372,187.11,272
308,78,1734,31,22.239,20.372,187.11,272.5
308,78,1734,31.5,22.216,20.361,187.11,273
308,78,1734,32,22.227,20.372,187.11,273.5
308,78,1734,32.5,22.216,20.361,187.11,274
308,78,1734,33,22.227,20.372,187.11,274.5
308,78,1734,33.5,22.216,20.361,187.11,275
308,78,1734,34,22.227,20.372,187.11,275.5
308,78,1734,34.5,22.238,20.383,187.11,276
308,78,1734,35,22.216,20.361,187.11,276.5
308,78,1734,35.5,22.227,20.372,187.11,277
308,78,1734,36,22.227,20.372,187.11,277.5
308,78,1734,36.5,22.227,20.372,187.11,278
308,78,1734,37,22.251,20.383,187.11,278.5
308,78,1734,37.5,22.238,20.383,187.11,279
308,78,1734,38,22.238,20.383,187.11,279.5
308,78,1734,38.5,22.227,20.372,187.11,280
308,78,1734,39,22.227,20.372,187.11,280.5
308,78,1734,39.5,22.227,20.372,187.11,281
308,78,1734,40,22.239,20.372,187.11,281.5
308,78,1734,40.5,22.238,20.383,187.11,282
308,78,1734,41,22.238,20.383,187.11,282.5
308,78,1734,41.5,22.227,20.372,187.11,283
308,78,1734,42,22.227,20.372,187.43,283.5
308,78,1734,42.5,22.238,20.383,187.11,284
308,78,1734,43,22.239,20.372,187.11,284.5
308,78,1734,43.5,22.238,20.383,187.43,285
308,78,1734,44,22.238,20.383,187.43,285.5
308,78,1734,44.5,22.227,20.372,187.43,286
308,78,1734,45,22.227,20.372,187.11,286.5
308,78,1734,45.5,22.227,20.372,187.11,287
308,78,1734,46,22.216,20.361,187.11,287.5
308,78,1734,46.5,22.227,20.372,187.11,288
308,78,1734,47,22.238,20.383,187.11,288.5
308,78,1734,47.5,22.238,20.383,187.43,289
308,78,1734,48,22.238,20.383,187.11,289.5
308,78,1734,48.5,22.25,20.395,187.11,290
308,78,1734,49,22.238,20.383,187.11,290.5
308,78,1734,49.5,22.25,20.395,187.43,291
308,78,1734,50,22.227,20.372,187.43,291.5
308,78,1734,50.5,22.227,20.372,187.43,292
308,78,1734,51,22.238,20.383,187.43,292.5
308,78,1734,51.5,22.238,20.383,187.43,293
308,78,1734,52,22.227,20.372,187.43,293.5
308,78,1734,52.5,22.251,20.383,187.43,294
308,78,1734,53,22.238,20.383,187.43,294.5
308,78,1734,53.5,22.251,20.383,187.43,295
308,78,1734,54,22.238,20.383,187.43,295.5
308,78,1734,54.5,22.238,20.383,187.43,296
308,78,1734,55,22.227,20.372,187.43,296.5
308,78,1734,55.5,22.227,20.372,187.43,297
308,78,1734,56,22.239,20.372,187.43,297.5
308,78,1734,56.5,22.238,20.383,187.43,298
308,78,1734,57,22.25,20.395,187.43,298.5
308,78,1734,57.5,22.227,20.372,187.43,299
308,78,1734,58,22.238,20.383,187.43,299.5
308,78,1734,58.5,22.251,20.383,187.43,300
308,78,1734,59,22.238,20.383,187.43,300.5
308,78,1734,59.5,22.263,20.383,187.43,301
308,78,1735,0,22.239,20.372,187.43,301.5
308,78,1735,0.5,22.239,20.372,187.43,302
308,78,1735,1,22.252,20.372,187.43,302.5
308,78,1735,1.5,22.238,20.383,187.11,303
308,78,1735,2,22.25,20.395,187.43,303.5
308,78,1735,2.5,22.238,20.383,187.11,304
308,78,1735,3,22.251,20.383,187.11,304.5
308,78,1735,3.5,22.251,20.383,187.43,305
308,78,1735,4,22.238,20.383,187.11,305.5
308,78,1735,4.5,22.263,20.383,187.11,306
308,78,1735,5,22.263,20.383,187.43,306.5
308,78,1735,5.5,22.251,20.383,187.43,307
308,78,1735,6,22.263,20.383,187.11,307.5
308,78,1735,6.5,22.25,20.395,187.43,308
308,78,1735,7,22.251,20.383,187.11,308.5
308,78,1735,7.5,22.251,20.383,187.43,309
308,78,1735,8,22.274,20.395,187.43,309.5
308,78,1735,8.5,22.263,20.383,187.43,310
308,78,1735,9,22.263,20.383,187.43,310.5
308,78,1735,9.5,22.251,20.383,187.43,311
308,78,1735,10,22.252,20.372,187.11,311.5
308,78,1735,10.5,22.275,20.383,187.43,312
308,78,1735,11,22.239,20.372,187.43,312.5
308,78,1735,11.5,22.25,20.395,187.43,313
308,78,1735,12,22.239,20.372,187.43,313.5
308,78,1735,12.5,22.251,20.383,187.43,314
308,78,1735,13,22.25,20.395,187.75,314.5
308,78,1735,13.5,22.239,20.372,187.43,315
308,78,1735,14,22.263,20.383,187.43,315.5
308,78,1735,14.5,22.263,20.383,187.11,316
308,78,1735,15,22.227,20.372,187.75,316.5
308,78,1735,15.5,22.262,20.395,187.43,317
308,78,1735,16,22.274,20.395,187.43,317.5
308,78,1735,16.5,22.251,20.383,187.43,318
308,78,1735,17,22.274,20.395,187.43,318.5
308,78,1735,17.5,22.263,20.383,187.75,319
308,78,1735,18,22.263,20.383,187.43,319.5
308,78,1735,18.5,22.251,20.383,187.43,320
308,78,1735,19,22.264,20.372,187.75,320.5
308,78,1735,19.5,22.287,20.395,187.75,321
308,78,1735,20,22.274,20.395,187.43,321.5
308,78,1735,20.5,22.262,20.395,187.43,322
308,78,1735,21,22.277,20.397,187.43,322.5
308,78,1735,21.5,22.254,20.375,187.75,323
308,78,1735,22,22.241,20.386,187.43,323.5
308,78,1735,22.5,22.241,20.386,187.75,324
308,78,1735,23,22.253,20.386,187.75,324.5
308,78,1735,23.5,22.266,20.386,187.75,325
308,78,1735,24,22.266,20.386,187.75,325.5
308,78,1735,24.5,22.277,20.397,187.75,326
308,78,1735,25,22.277,20.397,187.75,326.5
308,78,1735,25.5,22.266,20.386,187.75,327
308,78,1735,26,22.254,20.375,187.75,327.5
308,78,1735,26.5,22.289,20.397,187.75,328
308,78,1735,27,22.278,20.386,187.75,328.5
308,78,1735,27.5,22.278,20.386,187.75,329
308,78,1735,28,22.277,20.397,187.75,329.5
308,78,1735,28.5,22.277,20.397,187.75,330
308,78,1735,29,22.277,20.397,187.43,330.5
308,78,1735,29.5,22.267,20.375,187.43,331
308,78,1735,30,22.264,20.397,187.75,331.5
308,78,1735,30.5,22.302,20.397,187.75,332
308,78,1735,31,22.302,20.397,187.75,332.5
308,78,1735,31.5,22.277,20.397,187.75,333
308,78,1735,32,22.289,20.397,187.75,333.5
308,78,1735,32.5,22.278,20.386,187.75,334
308,78,1735,33,22.29,20.386,187.75,334.5
308,78,1735,33.5,22.264,20.397,187.75,335
308,78,1735,34,22.253,20.386,187.75,335.5
308,78,1735,34.5,22.242,20.375,187.75,336
308,78,1735,35,22.266,20.386,187.75,336.5
308,78,1735,35.5,22.279,20.375,187.75,337
308,78,1735,36,22.264,20.397,187.43,337.5
308,78,1735,36.5,22.267,20.375,187.75,338
308,78,1735,37,22.29,20.386,187.75,338.5
308,78,1735,37.5,22.289,20.397,187.75,339
308,78,1735,38,22.277,20.397,187.75,339.5
308,78,1735,38.5,22.278,20.386,187.43,340
308,78,1735,39,22.277,20.397,187.75,340.5
308,78,1735,39.5,22.289,20.397,187.75,341
308,78,1735,40,22.278,20.386,187.75,341.5
308,78,1735,40.5,22.253,20.386,187.75,342
308,78,1735,41,22.29,20.386,187.75,342.5
308,78,1735,41.5,22.278,20.386,187.75,343
308,78,1735,42,22.29,20.386,187.75,343.5
308,78,1735,42.5,22.3,20.409,187.75,344
308,78,1735,43,22.289,20.397,187.75,344.5
308,78,1735,43.5,22.302,20.397,187.75,345
308,78,1735,44,22.289,20.397,187.75,345.5
308,78,1735,44.5,22.289,20.397,187.75,346
308,78,1735,45,22.277,20.397,187.75,346.5
308,78,1735,45.5,22.277,20.397,187.75,347
308,78,1735,46,22.313,20.409,187.75,347.5
308,78,1735,46.5,22.289,20.397,187.75,348
308,78,1735,47,22.3,20.409,187.75,348.5
308,78,1735,47.5,22.302,20.397,187.75,349
308,78,1735,48,22.278,20.386,187.75,349.5
308,78,1735,48.5,22.302,20.397,187.75,350
308,78,1735,49,22.288,20.409,187.75,350.5
308,78,1735,49.5,22.289,20.397,187.75,351
308,78,1735,50,22.313,20.409,187.75,351.5
308,78,1735,50.5,22.302,20.397,187.75,352
308,78,1735,51,22.302,20.397,187.75,352.5
308,78,1735,51.5,22.302,20.397,187.75,353
308,78,1735,52,22.289,20.397,187.75,353.5
308,78,1735,52.5,22.277,20.397,187.75,354
308,78,1735,53,22.29,20.386,187.75,354.5
308,78,1735,53.5,22.313,20.409,187.75,355
308,78,1735,54,22.302,20.397,187.75,355.5
308,78,1735,54.5,22.277,20.397,187.75,356
308,78,1735,55,22.302,20.397,187.75,356.5
308,78,1735,55.5,22.313,20.409,187.75,357
308,78,1735,56,22.289,20.397,187.75,357.5
308,78,1735,56.5,22.3,20.409,187.75,358
308,78,1735,57,22.289,20.397,187.43,358.5
308,78,1735,57.5,22.302,20.397,187.75,359
308,78,1735,58,22.278,20.386,187.75,359.5
308,78,1735,58.5,22.302,20.397,187.75,360
308,78,1735,59,22.203,20.397,0,360.5
308,78,1735,59.5,22.153,20.397,0,361
308,78,1736,0,22.115,20.409,0,361.5
308,78,1736,0.5,22.103,20.409,0,362
308,78,1736,1,22.055,20.397,0.32149,362.5
308,78,1736,1.5,22.055,20.397,0.32149,363
308,78,1736,2,22.005,20.397,0,363.5
308,78,1736,2.5,22.005,20.397,0,364
308,78,1736,3,22.005,20.397,0,364.5
308,78,1736,3.5,21.956,20.397,0,365
308,78,1736,4,21.956,20.397,0,365.5
308,78,1736,4.5,21.945,20.386,0,366
308,78,1736,5,21.907,20.386,0,366.5
308,78,1736,5.5,21.895,20.386,0,367
308,78,1736,6,21.918,20.409,0.32149,367.5
308,78,1736,6.5,21.906,20.397,0.32149,368
308,78,1736,7,21.895,20.386,0,368.5
308,78,1736,7.5,21.882,20.397,0,369
308,78,1736,8,21.868,20.409,0,369.5
308,78,1736,8.5,21.857,20.397,0,370
308,78,1736,9,21.846,20.386,0.32149,370.5
308,78,1736,9.5,21.868,20.409,0.32149,371
308,78,1736,10,21.868,20.409,0.32149,371.5
308,78,1736,10.5,21.856,20.409,0,372
308,78,1736,11,21.844,20.409,0,372.5
308,78,1736,11.5,21.83,20.42,0,373
308,78,1736,12,21.819,20.409,0,373.5
308,78,1736,12.5,21.819,20.409,0,374
308,78,1736,13,21.808,20.397,0,374.5
308,78,1736,13.5,21.808,20.397,0,375
308,78,1736,14,21.819,20.409,0,375.5
308,78,1736,14.5,21.807,20.409,0,376
308,78,1736,15,21.783,20.397,0,376.5
308,78,1736,15.5,21.783,20.397,0,377
308,78,1736,16,21.771,20.397,0,377.5
308,78,1736,16.5,21.747,20.386,0,378
308,78,1736,17,21.769,20.409,0,378.5
308,78,1736,17.5,21.769,20.409,0,379
308,78,1736,18,21.758,20.397,0,379.5
308,78,1736,18.5,21.769,20.409,0,380
308,78,1736,19,21.781,20.42,0,380.5
308,78,1736,19.5,21.769,20.409,0,381
308,78,1736,20,21.781,20.42,0,381.5
308,78,1736,20.5,21.758,20.397,0,382
308,78,1736,21,21.769,20.409,0,382.5
308,78,1736,21.5,21.758,20.397,0,383
308,78,1736,22,21.769,20.409,0,383.5
308,78,1736,22.5,21.769,20.409,0,384
308,78,1736,23,21.769,20.409,0,384.5
308,78,1736,23.5,21.745,20.409,0,385
308,78,1736,24,21.757,20.409,0,385.5
308,78,1736,24.5,21.745,20.409,0,386
308,78,1736,25,21.744,20.42,0,386.5
308,78,1736,25.5,21.732,20.409,0,387
308,78,1736,26,21.732,20.409,0,387.5
308,78,1736,26.5,21.72,20.409,0,388
308,78,1736,27,21.72,20.409,0,388.5
308,78,1736,27.5,21.72,20.409,0,389
308,78,1736,28,21.72,20.409,-0.32149,389.5
308,78,1736,28.5,21.731,20.42,0,390
308,78,1736,29,21.731,20.42,0,390.5
308,78,1736,29.5,21.709,20.397,0,391
308,78,1736,30,21.72,20.409,0.32149,391.5
308,78,1736,30.5,21.731,20.42,0,392
308,78,1736,31,21.72,20.409,0,392.5
308,78,1736,31.5,21.72,20.409,0,393
308,78,1736,32,21.707,20.42,0.32149,393.5
308,78,1736,32.5,21.719,20.42,0,394
308,78,1736,33,21.684,20.397,0,394.5
308,78,1736,33.5,21.683,20.409,-0.32149,395
308,78,1736,34,21.694,20.42,0.32149,395.5
308,78,1736,34.5,21.683,20.409,0.32149,396
308,78,1736,35,21.707,20.42,0.32149,396.5
308,78,1736,35.5,21.682,20.42,-0.32149,397
308,78,1736,36,21.671,20.409,0,397.5
308,78,1736,36.5,21.682,20.42,0,398
308,78,1736,37,21.671,20.409,0.32149,398.5
308,78,1736,37.5,21.671,20.409,0.32149,399
308,78,1736,38,21.682,20.42,0,399.5
308,78,1736,38.5,21.682,20.42,0,400
308,78,1736,39,21.682,20.42,0,400.5
308,78,1736,39.5,21.671,20.409,0,401
308,78,1736,40,21.682,20.42,0,401.5
308,78,1736,40.5,21.671,20.409,0,402
308,78,1736,41,21.682,20.42,0,402.5
308,78,1736,41.5,21.682,20.42,0,403
308,78,1736,42,21.671,20.409,0,403.5
308,78,1736,42.5,21.659,20.397,0,404
308,78,1736,43,21.682,20.42,0,404.5
308,78,1736,43.5,21.671,20.409,0,405
308,78,1736,44,21.671,20.409,0,405.5
308,78,1736,44.5,21.682,20.42,0,406
308,78,1736,45,21.671,20.409,0,406.5
308,78,1736,45.5,21.671,20.409,0,407
308,78,1736,46,21.693,20.431,0,407.5
308,78,1736,46.5,21.682,20.42,0,408
308,78,1736,47,21.693,20.431,0,408.5
308,78,1736,47.5,21.668,20.431,0,409
308,78,1736,48,21.67,20.42,0,409.5
308,78,1736,48.5,21.658,20.409,0,410
308,78,1736,49,21.682,20.42,0,410.5
308,78,1736,49.5,21.645,20.42,0,411
308,78,1736,50,21.67,20.42,0,411.5
308,78,1736,50.5,21.657,20.42,0,412
308,78,1736,51,21.645,20.42,0,412.5
308,78,1736,51.5,21.645,20.42,0,413
308,78,1736,52,21.67,20.42,0,413.5
308,78,1736,52.5,21.621,20.409,0,414
308,78,1736,53,21.634,20.409,0,414.5
308,78,1736,53.5,21.621,20.409,0,415
308,78,1736,54,21.632,20.42,0,415.5
308,78,1736,54.5,21.621,20.409,0,416
308,78,1736,55,21.645,20.42,0,416.5
308,78,1736,55.5,21.621,20.409,0,417
308,78,1736,56,21.632,20.42,0.32149,417.5
308,78,1736,56.5,21.632,20.42,0,418
308,78,1736,57,21.632,20.42,0.32149,418.5
308,78,1736,57.5,21.632,20.42,0,419
308,78,1736,58,21.621,20.409,0,419.5
308,78,1736,58.5,21.621,20.409,0,420
308,78,1736,59,21.632,20.42,0,420.5
308,78,1736,59.5,21.61,20.397,0,421
308,78,1737,0,21.644,20.431,0.32149,421.5
308,78,1737,0.5,21.644,20.431,0.32149,422
308,78,1737,1,21.632,20.42,0.32149,422.5
308,78,1737,1.5,21.644,20.431,0,423
308,78,1737,2,21.632,20.42,0,423.5
308,78,1737,2.5,21.621,20.409,0,424
308,78,1737,3,21.621,20.409,0,424.5
308,78,1737,3.5,21.644,20.431,0,425
308,78,1737,4,21.644,20.431,0,425.5
308,78,1737,4.5,21.632,20.42,0,426
308,78,1737,5,21.632,20.42,0,426.5
308,78,1737,5.5,21.644,20.431,0,427
308,78,1737,6,21.644,20.431,0.32149,427.5
308,78,1737,6.5,21.632,20.42,0,428
308,78,1737,7,21.632,20.42,0.32149,428.5
308,78,1737,7.5,21.609,20.409,0,429
308,78,1737,8,21.632,20.42,0,429.5
308,78,1737,8.5,21.619,20.431,0,430
308,78,1737,9,21.596,20.409,0,430.5
308,78,1737,9.5,21.62,20.42,0,431
308,78,1737,10,21.62,20.42,0,431.5
308,78,1737,10.5,21.632,20.42,0,432
308,78,1737,11,21.619,20.431,0,432.5
308,78,1737,11.5,21.62,20.42,0,433
308,78,1737,12,21.631,20.431,0,433.5
308,78,1737,12.5,21.62,20.42,0,434
308,78,1737,13,21.596,20.409,0,434.5
308,78,1737,13.5,21.631,20.431,0,435
308,78,1737,14,21.643,20.442,0,435.5
308,78,1737,14.5,21.608,20.42,0,436
308,78,1737,15,21.608,20.42,0,436.5
308,78,1737,15.5,21.619,20.431,0,437
308,78,1737,16,21.619,20.431,0,437.5
308,78,1737,16.5,21.608,20.42,0.32149,438
308,78,1737,17,21.619,20.431,0.32149,438.5
308,78,1737,17.5,21.619,20.431,0.32149,439
308,78,1737,18,21.608,20.42,0,439.5
308,78,1737,18.5,21.619,20.431,0,440
308,78,1737,19,21.619,20.431,0.32149,440.5
308,78,1737,19.5,21.619,20.431,0.32149,441
308,78,1737,20,21.619,20.431,0,441.5
308,78,1737,20.5,21.619,20.431,0,442
308,78,1737,21,21.619,20.431,0,442.5
308,78,1737,21.5,21.596,20.409,0.32149,443
308,78,1737,22,21.619,20.431,0.32149,443.5
308,78,1737,22.5,21.619,20.431,0,444
308,78,1737,23,21.618,20.442,-0.32149,444.5
308,78,1737,23.5,21.607,20.431,0,445
308,78,1737,24,21.595,20.42,0,445.5
308,78,1737,24.5,21.607,20.431,0,446
308,78,1737,25,21.583,20.42,0,446.5
308,78,1737,25.5,21.607,20.431,0,447
308,78,1737,26,21.583,20.42,0,447.5
308,78,1737,26.5,21.606,20.442,0,448
308,78,1737,27,21.583,20.42,0,448.5
308,78,1737,27.5,21.583,20.42,0,449
308,78,1737,28,21.594,20.431,0,449.5
308,78,1737,28.5,21.607,20.431,0,450
308,78,1737,29,21.594,20.431,0,450.5
308,78,1737,29.5,21.583,20.42,0,451
308,78,1737,30,21.594,20.431,0,451.5
308,78,1737,30.5,21.606,20.442,0,452
308,78,1737,31,21.583,20.42,0,452.5
308,78,1737,31.5,21.594,20.431,0,453
308,78,1737,32,21.583,20.42,0,453.5
308,78,1737,32.5,21.583,20.42,0,454
308,78,1737,33,21.594,20.431,0,454.5
308,78,1737,33.5,21.583,20.42,0,455
308,78,1737,34,21.594,20.431,0,455.5
308,78,1737,34.5,21.594,20.431,0,456
308,78,1737,35,21.594,20.431,0,456.5
308,78,1737,35.5,21.594,20.431,0,457
308,78,1737,36,21.583,20.42,0,457.5
308,78,1737,36.5,21.606,20.442,0,458
308,78,1737,37,21.594,20.431,0,458.5
308,78,1737,37.5,21.594,20.431,0,459
308,78,1737,38,21.606,20.442,0,459.5
308,78,1737,38.5,21.617,20.454,0,460
308,78,1737,39,21.583,20.42,0,460.5
308,78,1737,39.5,21.594,20.431,0,461
308,78,1737,40,21.606,20.442,0,461.5
308,78,1737,40.5,21.606,20.442,0,462
308,78,1737,41,21.606,20.442,0,462.5
308,78,1737,41.5,21.583,20.42,0,463
308,78,1737,42,21.594,20.431,0,463.5
308,78,1737,42.5,21.606,20.442,0,464
308,78,1737,43,21.594,20.431,0,464.5
308,78,1737,43.5,21.606,20.442,0,465
308,78,1737,44,21.594,20.431,0,465.5
308,78,1737,44.5,21.583,20.42,0,466
308,78,1737,45,21.617,20.454,0,466.5
308,78,1737,45.5,21.606,20.442,0,467
308,78,1737,46,21.606,20.442,0,467.5
308,78,1737,46.5,21.594,20.431,0,468
308,78,1737,47,21.606,20.442,0,468.5
308,78,1737,47.5,21.606,20.442,0,469
308,78,1737,48,21.606,20.442,0,469.5
308,78,1737,48.5,21.583,20.42,0,470
308,78,1737,49,21.594,20.431,0,470.5
308,78,1737,49.5,21.594,20.431,0,471
308,78,1737,50,21.606,20.442,0,471.5
308,78,1737,50.5,21.593,20.442,0,472
308,78,1737,51,21.606,20.442,0,472.5
308,78,1737,51.5,21.606,20.442,0,473
308,78,1737,52,21.594,20.431,0,473.5
308,78,1737,52.5,21.606,20.442,0,474
308,78,1737,53,21.594,20.431,0,474.5
308,78,1737,53.5,21.594,20.431,0,475
308,78,1737,54,21.593,20.442,0,475.5
308,78,1737,54.5,21.606,20.442,0,476
308,78,1737,55,21.606,20.442,0,476.5
308,78,1737,55.5,21.606,20.442,0,477
308,78,1737,56,21.581,20.442,0,477.5
308,78,1737,56.5,21.606,20.442,0,478
308,78,1737,57,21.594,20.431,0,478.5
308,78,1737,57.5,21.57,20.431,0,479
308,78,1737,58,21.593,20.442,0,479.5
308,78,1737,58.5,21.606,20.442,0,480
308,78,1737,59,21.594,20.431,0,480.5
308,78,1737,59.5,21.582,20.431,0,481
308,78,1738,0,21.606,20.442,0,481.5
308,78,1738,0.5,21.593,20.442,0,482
308,78,1738,1,21.604,20.454,0,482.5
308,78,1738,1.5,21.593,20.442,0,483
308,78,1738,2,21.593,20.442,0,483.5
308,78,1738,2.5,21.57,20.431,0,484
308,78,1738,3,21.569,20.442,0,484.5
308,78,1738,3.5,21.57,20.431,0,485
308,78,1738,4,21.581,20.442,0,485.5
308,78,1738,4.5,21.556,20.442,0,486
308,78,1738,5,21.581,20.442,0,486.5
308,78,1738,5.5,21.556,20.442,0,487
308,78,1738,6,21.567,20.454,0,487.5
308,78,1738,6.5,21.569,20.442,0,488
308,78,1738,7,21.567,20.454,0,488.5
308,78,1738,7.5,21.556,20.442,0,489
308,78,1738,8,21.556,20.442,0,489.5
308,78,1738,8.5,21.58,20.454,0,490
308,78,1738,9,21.545,20.431,0,490.5
308,78,1738,9.5,21.557,20.431,0,491
308,78,1738,10,21.567,20.454,0,491.5
308,78,1738,10.5,21.545,20.431,0,492
308,78,1738,11,21.567,20.454,0,492.5
308,78,1738,11.5,21.545,20.431,0,493
308,78,1738,12,21.569,20.442,0,493.5
308,78,1738,12.5,21.567,20.454,0,494
308,78,1738,13,21.545,20.431,0,494.5
308,78,1738,13.5,21.556,20.442,0,495
308,78,1738,14,21.567,20.454,0,495.5
308,78,1738,14.5,21.556,20.442,0,496
308,78,1738,15,21.557,20.431,0,496.5
308,78,1738,15.5,21.557,20.431,0,497
308,78,1738,16,21.556,20.442,0,497.5
308,78,1738,16.5,21.567,20.454,0,498
308,78,1738,17,21.558,20.445,0,498.5
308,78,1738,17.5,21.558,20.445,0,499
308,78,1738,18,21.547,20.433,0,499.5
308,78,1738,18.5,21.558,20.445,0,500
308,78,1738,19,21.547,20.433,0,500.5
308,78,1738,19.5,21.547,20.433,0,501
308,78,1738,20,21.558,20.445,0,501.5
308,78,1738,20.5,21.558,20.445,0,502
308,78,1738,21,21.569,20.456,0,502.5
308,78,1738,21.5,21.569,20.456,0,503
308,78,1738,22,21.558,20.445,0,503.5
308,78,1738,22.5,21.581,20.467,0,504
308,78,1738,23,21.558,20.445,0,504.5
308,78,1738,23.5,21.569,20.456,0,505
308,78,1738,24,21.569,20.456,0,505.5
308,78,1738,24.5,21.558,20.445,0,506
308,78,1738,25,21.558,20.445,0,506.5
308,78,1738,25.5,21.558,20.445,0,507
308,78,1738,26,21.581,20.467,0,507.5
308,78,1738,26.5,21.558,20.445,0,508
308,78,1738,27,21.558,20.445,0,508.5
308,78,1738,27.5,21.558,20.445,0,509
308,78,1738,28,21.558,20.445,0,509.5
308,78,1738,28.5,21.558,20.445,0,510
308,78,1738,29,21.569,20.456,0,510.5
308,78,1738,29.5,21.569,20.456,0,511
308,78,1738,30,21.558,20.445,0,511.5
308,78,1738,30.5,21.569,20.456,0,512
308,78,1738,31,21.569,20.456,0,512.5
308,78,1738,31.5,21.558,20.445,0,513
308,78,1738,32,21.569,20.456,0,513.5
308,78,1738,32.5,21.569,20.456,0,514
308,78,1738,33,21.558,20.445,0,514.5
308,78,1738,33.5,21.569,20.456,0,515
308,78,1738,34,21.547,20.433,0,515.5
308,78,1738,34.5,21.558,20.445,0,516
308,78,1738,35,21.558,20.445,0.32149,516.5
308,78,1738,35.5,21.558,20.445,0,517
308,78,1738,36,21.569,20.456,0,517.5
308,78,1738,36.5,21.558,20.445,0,518
308,78,1738,37,21.569,20.456,0,518.5
308,78,1738,37.5,21.558,20.445,0,519
308,78,1738,38,21.558,20.445,0,519.5
308,78,1738,38.5,21.558,20.445,0,520
308,78,1738,39,21.581,20.467,0,520.5
308,78,1738,39.5,21.569,20.456,0,521
308,78,1738,40,21.569,20.456,0.32149,521.5
308,78,1738,40.5,21.569,20.456,0,522
308,78,1738,41,21.569,20.456,0,522.5
308,78,1738,41.5,21.557,20.456,-0.32149,523
308,78,1738,42,21.569,20.456,0,523.5
308,78,1738,42.5,21.558,20.445,0,524
308,78,1738,43,21.568,20.467,0,524.5
308,78,1738,43.5,21.558,20.445,0,525
308,78,1738,44,21.569,20.456,0.32149,525.5
308,78,1738,44.5,21.569,20.456,0,526
308,78,1738,45,21.558,20.445,0,526.5
308,78,1738,45.5,21.581,20.467,0,527
308,78,1738,46,21.569,20.456,0,527.5
308,78,1738,46.5,21.581,20.467,0,528
308,78,1738,47,21.558,20.445,0,528.5
308,78,1738,47.5,21.558,20.445,0,529
308,78,1738,48,21.569,20.456,0,529.5
308,78,1738,48.5,21.569,20.456,0,530
308,78,1738,49,21.581,20.467,0,530.5
308,78,1738,49.5,21.581,20.467,0,531
308,78,1738,50,21.569,20.456,0,531.5
308,78,1738,50.5,21.568,20.467,0,532
308,78,1738,51,21.581,20.467,0,532.5
308,78,1738,51.5,21.592,20.478,0,533
308,78,1738,52,21.557,20.456,0,533.5
308,78,1738,52.5,21.569,20.456,0,534
308,78,1738,53,21.569,20.456,0,534.5
308,78,1738,53.5,21.581,20.467,0,535
308,78,1738,54,21.569,20.456,0,535.5
308,78,1738,54.5,21.569,20.456,0,536
308,78,1738,55,21.569,20.456,0,536.5
308,78,1738,55.5,21.569,20.456,0,537
308,78,1738,56,21.581,20.467,0,537.5
308,78,1738,56.5,21.557,20.456,0,538
308,78,1738,57,21.569,20.456,0,538.5
308,78,1738,57.5,21.569,20.456,0,539
308,78,1738,58,21.557,20.456,0,539.5
308,78,1738,58.5,21.581,20.467,0,540
308,78,1738,59,21.569,20.456,0,540.5
308,78,1738,59.5,21.568,20.467,0,541
308,78,1739,0,21.581,20.467,0,541.5
308,78,1739,0.5,21.568,20.467,0,542
308,78,1739,1,21.581,20.467,0,542.5
308,78,1739,1.5,21.581,20.467,0,543
308,78,1739,2,21.556,20.467,0,543.5
308,78,1739,2.5,21.544,20.467,0,544
308,78,1739,3,21.556,20.467,0,544.5
308,78,1739,3.5,21.567,20.478,0,545
308,78,1739,4,21.568,20.467,0,545.5
308,78,1739,4.5,21.556,20.467,0,546
308,78,1739,5,21.557,20.456,0,546.5
308,78,1739,5.5,21.567,20.478,0,547
308,78,1739,6,21.545,20.456,0,547.5
308,78,1739,6.5,21.567,20.478,0,548
308,78,1739,7,21.556,20.467,0,548.5
308,78,1739,7.5,21.556,20.467,0,549
308,78,1739,8,21.556,20.467,0,549.5
308,78,1739,8.5,21.581,20.467,0,550
308,78,1739,9,21.544,20.467,0,550.5
308,78,1739,9.5,21.568,20.467,0,551
308,78,1739,10,21.569,20.456,0,551.5
308,78,1739,10.5,21.544,20.467,0,552
308,78,1739,11,21.545,20.456,0,552.5
308,78,1739,11.5,21.532,20.456,0,553
308,78,1739,12,21.52,20.456,0,553.5
308,78,1739,12.5,21.544,20.467,0,554
308,78,1739,13,21.567,20.478,0,554.5
308,78,1739,13.5,21.556,20.467,0,555
308,78,1739,14,21.544,20.467,0,555.5
308,78,1739,14.5,21.544,20.467,0,556
308,78,1739,15,21.532,20.456,0.32149,556.5
308,78,1739,15.5,21.567,20.478,0,557
308,78,1739,16,21.544,20.467,0,557.5
308,78,1739,16.5,21.556,20.467,0,558
308,78,1739,17,21.543,20.478,0,558.5
308,78,1739,17.5,21.556,20.467,0,559
308,78,1739,18,21.544,20.467,0,559.5
308,78,1739,18.5,21.567,20.478,0,560
308,78,1739,19,21.555,20.478,0,560.5
308,78,1739,19.5,21.531,20.467,0,561
308,78,1739,20,21.531,20.467,0,561.5
308,78,1739,20.5,21.543,20.478,0,562
308,78,1739,21,21.543,20.478,0,562.5
308,78,1739,21.5,21.531,20.467,0,563
308,78,1739,22,21.544,20.467,0,563.5
308,78,1739,22.5,21.531,20.467,0,564
308,78,1739,23,21.543,20.478,0,564.5
308,78,1739,23.5,21.543,20.478,0,565
308,78,1739,24,21.531,20.467,0,565.5
308,78,1739,24.5,21.544,20.467,0,566
308,78,1739,25,21.543,20.478,0,566.5
308,78,1739,25.5,21.52,20.456,0,567
308,78,1739,26,21.531,20.467,0,567.5
308,78,1739,26.5,21.544,20.467,0,568
308,78,1739,27,21.555,20.478,0,568.5
308,78,1739,27.5,21.555,20.478,0,569
308,78,1739,28,21.543,20.478,0,569.5
308,78,1739,28.5,21.544,20.467,0,570
308,78,1739,29,21.543,20.478,0,570.5
308,78,1739,29.5,21.543,20.478,0,571
308,78,1739,30,21.543,20.478,0,571.5
308,78,1739,30.5,21.543,20.478,0,572
308,78,1739,31,21.543,20.478,0,572.5
308,78,1739,31.5,21.543,20.478,0,573
308,78,1739,32,21.543,20.478,0,573.5
308,78,1739,32.5,21.531,20.467,0,574
308,78,1739,33,21.531,20.467,0,574.5
308,78,1739,33.5,21.554,20.49,0,575
308,78,1739,34,21.543,20.478,0,575.5
308,78,1739,34.5,21.531,20.467,0,576
308,78,1739,35,21.531,20.467,0,576.5
308,78,1739,35.5,21.543,20.478,0,577
308,78,1739,36,21.543,20.478,0,577.5
308,78,1739,36.5,21.543,20.478,0,578
308,78,1739,37,21.543,20.478,0,578.5
308,78,1739,37.5,21.543,20.478,0,579
308,78,1739,38,21.531,20.467,0,579.5
308,78,1739,38.5,21.555,20.478,0,580
308,78,1739,39,21.543,20.478,0,580.5
308,78,1739,39.5,21.543,20.478,0,581
308,78,1739,40,21.531,20.467,0,581.5
308,78,1739,40.5,21.543,20.478,0,582
308,78,1739,41,21.543,20.478,0,582.5
308,78,1739,41.5,21.543,20.478,0,583
308,78,1739,42,21.543,20.478,0,583.5
308,78,1739,42.5,21.543,20.478,0,584
308,78,1739,43,21.543,20.478,0,584.5
308,78,1739,43.5,21.554,20.49,0,585
308,78,1739,44,21.543,20.478,0,585.5
308,78,1739,44.5,21.543,20.478,0,586
308,78,1739,45,21.543,20.478,0,586.5
308,78,1739,45.5,21.554,20.49,0,587
308,78,1739,46,21.543,20.478,0,587.5
308,78,1739,46.5,21.543,20.478,0,588
308,78,1739,47,21.554,20.49,0,588.5
308,78,1739,47.5,21.543,20.478,0,589
308,78,1739,48,21.554,20.49,0,589.5
308,78,1739,48.5,21.554,20.49,0,590
308,78,1739,49,21.531,20.467,0,590.5
308,78,1739,49.5,21.543,20.478,0,591
308,78,1739,50,21.543,20.478,0,591.5
308,78,1739,50.5,21.554,20.49,0,592
308,78,1739,51,21.531,20.467,0,592.5
308,78,1739,51.5,21.543,20.478,0,593
308,78,1739,52,21.554,20.49,0,593.5
308,78,1739,52.5,21.554,20.49,0,594
308,78,1739,53,21.543,20.478,0,594.5
308,78,1739,53.5,21.531,20.467,0,595
308,78,1739,54,21.554,20.49,0,595.5
308,78,1739,54.5,21.543,20.478,0,596
308,78,1739,55,21.543,20.478,0,596.5
308,78,1739,55.5,21.543,20.478,0,597
308,78,1739,56,21.531,20.467,0,597.5
308,78,1739,56.5,21.531,20.467,0,598
308,78,1739,57,21.53,20.478,0,598.5
308,78,1739,57.5,21.53,20.478,0,599
308,78,1739,58,21.565,20.501,0,599.5
308,78,1739,58.5,21.543,20.478,0,600
308,78,1739,59,21.554,20.49,0,600.5
308,78,1739,59.5,21.543,20.478,0,601
308,78,1740,0,21.53,20.478,0,601.5
308,78,1740,0.5,21.543,20.478,0,602
308,78,1740,1,21.543,20.478,0,602.5
308,78,1740,1.5,21.543,20.478,0,603
308,78,1740,2,21.531,20.467,0,603.5
308,78,1740,2.5,21.554,20.49,0,604
308,78,1740,3,21.53,20.478,0,604.5
308,78,1740,3.5,21.543,20.478,0,605
308,78,1740,4,21.542,20.49,0,605.5
308,78,1740,4.5,21.554,20.49,0,606
308,78,1740,5,21.53,20.478,0,606.5
308,78,1740,5.5,21.554,20.49,0,607
308,78,1740,6,21.554,20.49,0,607.5
308,78,1740,6.5,21.542,20.49,0,608
308,78,1740,7,21.542,20.49,0,608.5
308,78,1740,7.5,21.543,20.478,0,609
308,78,1740,8,21.542,20.49,0,609.5
308,78,1740,8.5,21.565,20.501,0,610
308,78,1740,9,21.554,20.49,0,610.5
308,78,1740,9.5,21.542,20.49,0,611
308,78,1740,10,21.53,20.478,0,611.5
308,78,1740,10.5,21.543,20.478,0,612
308,78,1740,11,21.543,20.478,0,612.5
308,78,1740,11.5,21.542,20.49,0,613
308,78,1740,12,21.529,20.49,0,613.5
308,78,1740,12.5,21.565,20.501,0,614
308,78,1740,13,21.53,20.478,0,614.5
308,78,1740,13.5,21.554,20.49,0,615
308,78,1740,14,21.543,20.478,0,615.5
308,78,1740,14.5,21.54,20.501,0,616
308,78,1740,15,21.554,20.49,0,616.5
308,78,1740,15.5,21.542,20.49,0,617
308,78,1740,16,21.543,20.478,0,617.5
308,78,1740,16.5,21.542,20.49,0,618
308,78,1740,17,21.542,20.49,0,618.5
308,78,1740,17.5,21.529,20.49,0,619
308,78,1740,18,21.554,20.49,0,619.5
308,78,1740,18.5,21.577,20.512,0,620
308,78,1740,19,21.543,20.478,0,620.5
308,78,1740,19.5,21.564,20.512,0,621
308,78,1740,20,21.554,20.49,0,621.5
308,78,1740,20.5,21.506,20.478,0,622
308,78,1740,21,21.518,20.478,0,622.5
308,78,1740,21.5,21.516,20.501,0,623
308,78,1740,22,21.517,20.49,0,623.5
308,78,1740,22.5,21.528,20.501,0,624
308,78,1740,23,21.54,20.501,0,624.5
308,78,1740,23.5,21.564,20.512,0,625
308,78,1740,24,21.517,20.49,0,625.5
308,78,1740,24.5,21.529,20.49,0,626
308,78,1740,25,21.529,20.49,0,626.5
308,78,1740,25.5,21.528,20.501,0,627
308,78,1740,26,21.517,20.49,0,627.5
308,78,1740,26.5,21.529,20.49,0,628
308,78,1740,27,21.54,20.501,0,628.5
308,78,1740,27.5,21.553,20.501,0,629
308,78,1740,28,21.517,20.49,0,629.5
308,78,1740,28.5,21.54,20.501,0,630
308,78,1740,29,21.528,20.501,0,630.5
308,78,1740,29.5,21.517,20.49,0,631
308,78,1740,30,21.504,20.49,0,631.5
308,78,1740,30.5,21.504,20.49,0,632
308,78,1740,31,21.529,20.49,0,632.5
308,78,1740,31.5,21.516,20.501,0,633
308,78,1740,32,21.504,20.49,0,633.5
308,78,1740,32.5,21.504,20.49,0,634
308,78,1740,33,21.516,20.501,0,634.5
308,78,1740,33.5,21.528,20.501,0,635
308,78,1740,34,21.552,20.512,0,635.5
308,78,1740,34.5,21.517,20.49,0,636
308,78,1740,35,21.54,20.501,0,636.5
308,78,1740,35.5,21.564,20.512,0,637
308,78,1740,36,21.551,20.524,0,637.5
308,78,1740,36.5,21.54,20.501,0,638
308,78,1740,37,21.528,20.501,0,638.5
308,78,1740,37.5,21.516,20.501,0,639
308,78,1740,38,21.528,20.501,0.32149,639.5
308,78,1740,38.5,21.516,20.501,0,640
308,78,1740,39,21.504,20.49,0,640.5
308,78,1740,39.5,21.517,20.49,0.32149,641
308,78,1740,40,21.517,20.49,0,641.5
308,78,1740,40.5,21.539,20.512,0.32149,642
308,78,1740,41,21.539,20.512,0,642.5
308,78,1740,41.5,21.516,20.501,0,643
308,78,1740,42,21.517,20.49,0,643.5
308,78,1740,42.5,21.528,20.501,0.32149,644
308,78,1740,43,21.504,20.49,0,644.5
308,78,1740,43.5,21.54,20.501,0.32149,645
308,78,1740,44,21.517,20.49,0,645.5
308,78,1740,44.5,21.527,20.512,0,646
308,78,1740,45,21.539,20.512,0,646.5
308,78,1740,45.5,21.516,20.501,0,647
308,78,1740,46,21.516,20.501,0,647.5
308,78,1740,46.5,21.493,20.478,0,648
308,78,1740,47,21.527,20.512,0,648.5
308,78,1740,47.5,21.527,20.512,0,649
308,78,1740,48,21.527,20.512,0,649.5
308,78,1740,48.5,21.493,20.478,0,650
308,78,1740,49,21.516,20.501,0,650.5
308,78,1740,49.5,21.504,20.49,0,651
308,78,1740,50,21.516,20.501,0,651.5
308,78,1740,50.5,21.538,20.524,0,652
308,78,1740,51,21.527,20.512,0,652.5
308,78,1740,51.5,21.527,20.512,0,653
308,78,1740,52,21.527,20.512,0,653.5
308,78,1740,52.5,21.527,20.512,0,654
308,78,1740,53,21.516,20.501,0,654.5
308,78,1740,53.5,21.527,20.512,0,655
308,78,1740,54,21.516,20.501,0,655.5
308,78,1740,54.5,21.504,20.49,0,656
308,78,1740,55,21.516,20.501,0,656.5
308,78,1740,55.5,21.527,20.512,0,657
308,78,1740,56,21.516,20.501,0,657.5
308,78,1740,56.5,21.527,20.512,0,658
308,78,1740,57,21.527,20.512,0,658.5
308,78,1740,57.5,21.527,20.512,0,659
308,78,1740,58,21.527,20.512,0,659.5
308,78,1740,58.5,21.527,20.512,0,660
308,78,1740,59,21.516,20.501,0,660.5
308,78,1740,59.5,21.527,20.512,0,661
308,78,1741,0,21.516,20.501,0,661.5
308,78,1741,0.5,21.527,20.512,0,662
308,78,1741,1,21.527,20.512,0,662.5
308,78,1741,1.5,21.516,20.501,0,663
308,78,1741,2,21.527,20.512,0,663.5
308,78,1741,2.5,21.527,20.512,0,664
308,78,1741,3,21.516,20.501,0,664.5
308,78,1741,3.5,21.516,20.501,0,665
308,78,1741,4,21.516,20.501,0,665.5
308,78,1741,4.5,21.527,20.512,0,666
308,78,1741,5,21.55,20.535,0,666.5
308,78,1741,5.5,21.527,20.512,0,667
308,78,1741,6,21.527,20.512,0,667.5
308,78,1741,6.5,21.527,20.512,0,668
308,78,1741,7,21.527,20.512,0,668.5
308,78,1741,7.5,21.527,20.512,0,669
308,78,1741,8,21.527,20.512,0,669.5
308,78,1741,8.5,21.527,20.512,0,670
308,78,1741,9,21.516,20.501,0,670.5
308,78,1741,9.5,21.527,20.512,0,671
308,78,1741,10,21.55,20.535,0,671.5
308,78,1741,10.5,21.527,20.512,0,672
308,78,1741,11,21.527,20.512,0,672.5
308,78,1741,11.5,21.527,20.512,0.32149,673
308,78,1741,12,21.539,20.512,0.32149,673.5
308,78,1741,12.5,21.538,20.524,0,674
308,78,1741,13,21.526,20.512,0,674.5
308,78,1741,13.5,21.526,20.512,0,675
308,78,1741,14,21.526,20.512,0,675.5
308,78,1741,14.5,21.526,20.512,0,676
308,78,1741,15,21.526,20.512,0,676.5
308,78,1741,15.5,21.526,20.512,0,677
308,78,1741,16,21.538,20.523,0,677.5
308,78,1741,16.5,21.549,20.534,0,678
308,78,1741,17,21.549,20.534,0,678.5
308,78,1741,17.5,21.538,20.523,0,679
308,78,1741,18,21.538,20.523,0,679.5
308,78,1741,18.5,21.526,20.512,0,680
308,78,1741,19,21.526,20.512,0,680.5
308,78,1741,19.5,21.538,20.523,0,681
308,78,1741,20,21.538,20.523,0,681.5
308,78,1741,20.5,21.526,20.512,0,682
308,78,1741,21,21.549,20.534,0,682.5
308,78,1741,21.5,21.538,20.523,0,683
308,78,1741,22,21.526,20.512,0,683.5
308,78,1741,22.5,21.538,20.523,0,684
308,78,1741,23,21.538,20.523,0,684.5
308,78,1741,23.5,21.526,20.512,0,685
308,78,1741,24,21.538,20.523,0,685.5
308,78,1741,24.5,21.538,20.523,0,686
308,78,1741,25,21.526,20.512,0,686.5
308,78,1741,25.5,21.538,20.523,0,687
308,78,1741,26,21.526,20.512,0,687.5
308,78,1741,26.5,21.526,20.512,0,688
308,78,1741,27,21.538,20.523,0,688.5
308,78,1741,27.5,21.526,20.512,0,689
308,78,1741,28,21.538,20.523,0,689.5
308,78,1741,28.5,21.538,20.523,0,690
308,78,1741,29,21.538,20.523,0,690.5
308,78,1741,29.5,21.549,20.534,0,691
308,78,1741,30,21.526,20.512,0,691.5
308,78,1741,30.5,21.538,20.523,0,692
308,78,1741,31,21.538,20.523,0,692.5
308,78,1741,31.5,21.526,20.512,0.32149,693
308,78,1741,32,21.538,20.523,0,693.5
308,78,1741,32.5,21.549,20.534,0,694
308,78,1741,33,21.526,20.512,0,694.5
308,78,1741,33.5,21.538,20.523,0,695
308,78,1741,34,21.538,20.523,0,695.5
308,78,1741,34.5,21.549,20.534,0,696
308,78,1741,35,21.538,20.523,0,696.5
308,78,1741,35.5,21.538,20.523,0,697
308,78,1741,36,21.526,20.512,0,697.5
308,78,1741,36.5,21.538,20.523,0,698
308,78,1741,37,21.538,20.523,0,698.5
308,78,1741,37.5,21.549,20.534,0,699
308,78,1741,38,21.526,20.512,0,699.5
308,78,1741,38.5,21.526,20.512,0,700
308,78,1741,39,21.549,20.534,0,700.5
308,78,1741,39.5,21.538,20.523,0,701
308,78,1741,40,21.526,20.512,0,701.5
308,78,1741,40.5,21.526,20.512,0,702
308,78,1741,41,21.538,20.523,0,702.5
308,78,1741,41.5,21.538,20.523,0,703
308,78,1741,42,21.538,20.523,0,703.5
308,78,1741,42.5,21.538,20.523,0,704
308,78,1741,43,21.538,20.523,0,704.5
308,78,1741,43.5,21.549,20.534,0,705
308,78,1741,44,21.538,20.523,0,705.5
308,78,1741,44.5,21.526,20.512,0,706
308,78,1741,45,21.549,20.534,0,706.5
308,78,1741,45.5,21.549,20.534,0,707
308,78,1741,46,21.538,20.523,0,707.5
308,78,1741,46.5,21.549,20.534,0,708
308,78,1741,47,21.515,20.5,0,708.5
308,78,1741,47.5,21.538,20.523,0.32149,709
308,78,1741,48,21.549,20.534,0,709.5
308,78,1741,48.5,21.549,20.534,0,710
308,78,1741,49,21.549,20.534,0,710.5
308,78,1741,49.5,21.549,20.534,0.32149,711
308,78,1741,50,21.526,20.512,0,711.5
308,78,1741,50.5,21.538,20.523,0,712
308,78,1741,51,21.538,20.523,0,712.5
308,78,1741,51.5,21.538,20.523,0,713
308,78,1741,52,21.538,20.523,0,713.5
308,78,1741,52.5,21.549,20.534,0,714
308,78,1741,53,21.538,20.523,0,714.5
308,78,1741,53.5,21.549,20.534,0,715
308,78,1741,54,21.549,20.534,0,715.5
308,78,1741,54.5,21.538,20.523,0,716
308,78,1741,55,21.549,20.534,0,716.5
308,78,1741,55.5,21.549,20.534,0,717
308,78,1741,56,21.538,20.523,0,717.5
308,78,1741,56.5,21.538,20.523,0,718
308,78,1741,57,21.538,20.523,0,718.5
308,78,1741,57.5,21.549,20.534,0,719
308,78,1741,58,21.549,20.534,0,719.5
308,78,1741,58.5,21.549,20.534,0,720
308,78,1741,59,21.538,20.523,0,720.5
308,78,1741,59.5,21.538,20.523,0,721
308,78,1742,0,21.549,20.534,0,721.5
308,78,1742,0.5,21.549,20.534,0,722
308,78,1742,1,21.549,20.534,0,722.5
308,78,1742,1.5,21.538,20.523,0,723
308,78,1742,2,21.538,20.523,0,723.5
308,78,1742,2.5,21.525,20.523,0,724
308,78,1742,3,21.549,20.534,0,724.5
308,78,1742,3.5,21.549,20.534,0,725
308,78,1742,4,21.538,20.523,0,725.5
308,78,1742,4.5,21.549,20.534,0,726
308,78,1742,5,21.549,20.534,0,726.5
308,78,1742,5.5,21.549,20.534,0,727
308,78,1742,6,21.536,20.546,0,727.5
308,78,1742,6.5,21.537,20.534,0,728
308,78,1742,7,21.537,20.534,0,728.5
308,78,1742,7.5,21.549,20.534,0,729
308,78,1742,8,21.549,20.534,0,729.5
308,78,1742,8.5,21.538,20.523,0,730
308,78,1742,9,21.549,20.534,0,730.5
308,78,1742,9.5,21.526,20.512,0,731
308,78,1742,10,21.549,20.534,0,731.5
308,78,1742,10.5,21.56,20.546,0,732
308,78,1742,11,21.549,20.534,0,732.5
308,78,1742,11.5,21.549,20.534,0,733
308,78,1742,12,21.549,20.534,0,733.5
308,78,1742,12.5,21.538,20.523,0,734
308,78,1742,13,21.537,20.534,0,734.5
308,78,1742,13.5,21.538,20.523,0,735
308,78,1742,14,21.549,20.534,0,735.5
308,78,1742,14.5,21.538,20.523,0,736
308,78,1742,15,21.537,20.534,0,736.5
308,78,1742,15.5,21.549,20.534,0,737
308,78,1742,16,21.538,20.523,0,737.5
308,78,1742,16.5,21.549,20.534,0,738
308,78,1742,17,21.549,20.534,0,738.5
308,78,1742,17.5,21.525,20.523,0,739
308,78,1742,18,21.524,20.534,0,739.5
308,78,1742,18.5,21.549,20.534,0,740
308,78,1742,19,21.537,20.534,0,740.5
308,78,1742,19.5,21.537,20.534,0,741
308,78,1742,20,21.549,20.534,0,741.5
308,78,1742,20.5,21.524,20.534,0,742
308,78,1742,21,21.56,20.546,0,742.5
308,78,1742,21.5,21.549,20.534,0,743
308,78,1742,22,21.549,20.534,0,743.5
308,78,1742,22.5,21.524,20.534,0,744
308,78,1742,23,21.549,20.534,0,744.5
308,78,1742,23.5,21.549,20.534,0,745
308,78,1742,24,21.537,20.534,0,745.5
308,78,1742,24.5,21.549,20.534,0,746
308,78,1742,25,21.537,20.534,0,746.5
308,78,1742,25.5,21.559,20.557,0,747
308,78,1742,26,21.537,20.534,0,747.5
308,78,1742,26.5,21.513,20.523,0,748
308,78,1742,27,21.537,20.534,0,748.5
308,78,1742,27.5,21.524,20.534,0,749
308,78,1742,28,21.524,20.534,0,749.5
308,78,1742,28.5,21.525,20.523,0,750
308,78,1742,29,21.537,20.534,0,750.5
308,78,1742,29.5,21.549,20.534,0,751
308,78,1742,30,21.513,20.523,0,751.5
308,78,1742,30.5,21.525,20.523,0,752
308,78,1742,31,21.549,20.534,0,752.5
308,78,1742,31.5,21.524,20.534,0,753
308,78,1742,32,21.537,20.534,0,753.5
308,78,1742,32.5,21.536,20.546,0,754
308,78,1742,33,21.536,20.546,0,754.5
308,78,1742,33.5,21.512,20.534,0,755
308,78,1742,34,21.512,20.534,0,755.5
308,78,1742,34.5,21.547,20.557,0,756
308,78,1742,35,21.56,20.546,0,756.5
308,78,1742,35.5,21.549,20.534,0,757
308,78,1742,36,21.524,20.534,0,757.5
308,78,1742,36.5,21.537,20.534,0,758
308,78,1742,37,21.549,20.534,0,758.5
308,78,1742,37.5,21.537,20.534,0,759
308,78,1742,38,21.523,20.546,0,759.5
308,78,1742,38.5,21.5,20.534,0,760
308,78,1742,39,21.523,20.546,0,760.5
308,78,1742,39.5,21.523,20.546,0,761
308,78,1742,40,21.524,20.534,0,761.5
308,78,1742,40.5,21.524,20.534,0,762
308,78,1742,41,21.512,20.534,0,762.5
308,78,1742,41.5,21.537,20.534,0,763
308,78,1742,42,21.559,20.557,0,763.5
308,78,1742,42.5,21.5,20.534,0,764
308,78,1742,43,21.535,20.557,0,764.5
308,78,1742,43.5,21.537,20.534,0,765
308,78,1742,44,21.524,20.534,0,765.5
308,78,1742,44.5,21.5,20.534,0,766
308,78,1742,45,21.536,20.546,0,766.5
308,78,1742,45.5,21.524,20.534,0,767
308,78,1742,46,21.5,20.534,0,767.5
308,78,1742,46.5,21.5,20.534,0,768
308,78,1742,47,21.536,20.546,0,768.5
308,78,1742,47.5,21.523,20.546,0,769
308,78,1742,48,21.512,20.534,0.32149,769.5
308,78,1742,48.5,21.524,20.534,0,770
308,78,1742,49,21.523,20.546,0,770.5
308,78,1742,49.5,21.523,20.546,0,771
308,78,1742,50,21.512,20.534,0,771.5
308,78,1742,50.5,21.511,20.546,0,772
308,78,1742,51,21.5,20.534,0,772.5
308,78,1742,51.5,21.523,20.546,0,773
308,78,1742,52,21.536,20.546,0,773.5
308,78,1742,52.5,21.535,20.557,0,774
308,78,1742,53,21.523,20.546,0,774.5
308,78,1742,53.5,21.523,20.546,0,775
308,78,1742,54,21.511,20.546,0,775.5
308,78,1742,54.5,21.523,20.546,0.32149,776
308,78,1742,55,21.511,20.546,0,776.5
308,78,1742,55.5,21.523,20.546,0,777
308,78,1742,56,21.535,20.557,0,777.5
308,78,1742,56.5,21.511,20.546,0,778
308,78,1742,57,21.511,20.546,0,778.5
308,78,1742,57.5,21.535,20.557,0.32149,779
308,78,1742,58,21.522,20.557,0.32149,779.5
308,78,1742,58.5,21.5,20.534,0.32149,780
308,78,1742,59,21.522,20.557,0,780.5
308,78,1742,59.5,21.511,20.546,0,781
308,78,1743,0,21.523,20.546,0,781.5
308,78,1743,0.5,21.522,20.557,0,782
308,78,1743,1,21.5,20.534,0,782.5
308,78,1743,1.5,21.5,20.534,0,783
308,78,1743,2,21.511,20.546,0,783.5
308,78,1743,2.5,21.523,20.546,0,784
308,78,1743,3,21.535,20.557,0,784.5
308,78,1743,3.5,21.522,20.557,0,785
308,78,1743,4,21.511,20.546,0,785.5
308,78,1743,4.5,21.523,20.546,0,786
308,78,1743,5,21.511,20.546,0,786.5
308,78,1743,5.5,21.511,20.546,0,787
308,78,1743,6,21.522,20.557,0,787.5
308,78,1743,6.5,21.511,20.546,0,788
308,78,1743,7,21.534,20.568,0,788.5
308,78,1743,7.5,21.5,20.534,0,789
308,78,1743,8,21.511,20.546,0,789.5
308,78,1743,8.5,21.522,20.557,0,790
308,78,1743,9,21.522,20.557,0,790.5
308,78,1743,9.5,21.523,20.546,0,791
308,78,1743,10,21.511,20.546,0,791.5
308,78,1743,10.5,21.511,20.546,0,792
308,78,1743,11,21.511,20.546,0,792.5
308,78,1743,11.5,21.511,20.546,0,793
308,78,1743,12,21.535,20.557,0,793.5
308,78,1743,12.5,21.522,20.557,0,794
308,78,1743,13,21.523,20.546,0,794.5
308,78,1743,13.5,21.511,20.546,0,795
308,78,1743,14,21.511,20.546,0,795.5
308,78,1743,14.5,21.511,20.546,0,796
308,78,1743,15,21.511,20.546,0,796.5
308,78,1743,15.5,21.511,20.546,0,797
308,78,1743,16,21.535,20.557,0,797.5
308,78,1743,16.5,21.511,20.546,0,798
308,78,1743,17,21.522,20.557,0,798.5
308,78,1743,17.5,21.522,20.557,0,799
308,78,1743,18,21.534,20.568,0,799.5
308,78,1743,18.5,21.511,20.546,0,800
308,78,1743,19,21.534,20.568,0,800.5
308,78,1743,19.5,21.522,20.557,0,801
308,78,1743,20,21.522,20.557,0,801.5
308,78,1743,20.5,21.522,20.557,0,802
308,78,1743,21,21.511,20.546,0,802.5
308,78,1743,21.5,21.511,20.546,0,803
308,78,1743,22,21.522,20.557,0,803.5
308,78,1743,22.5,21.522,20.557,0,804
308,78,1743,23,21.511,20.546,0,804.5
308,78,1743,23.5,21.522,20.557,0,805
308,78,1743,24,21.534,20.568,0,805.5
308,78,1743,24.5,21.522,20.557,0,806
308,78,1743,25,21.534,20.568,0,806.5
308,78,1743,25.5,21.534,20.568,0,807
308,78,1743,26,21.522,20.557,0,807.5
308,78,1743,26.5,21.511,20.546,0,808
308,78,1743,27,21.522,20.557,0,808.5
308,78,1743,27.5,21.522,20.557,0,809
308,78,1743,28,21.534,20.568,0,809.5
308,78,1743,28.5,21.522,20.557,0,810
308,78,1743,29,21.522,20.557,0,810.5
308,78,1743,29.5,21.511,20.546,0,811
308,78,1743,30,21.511,20.546,0,811.5
308,78,1743,30.5,21.511,20.546,0,812
308,78,1743,31,21.511,20.546,0,812.5
308,78,1743,31.5,21.511,20.546,0,813
308,78,1743,32,21.511,20.546,0,813.5
308,78,1743,32.5,21.534,20.568,0,814
308,78,1743,33,21.522,20.557,0,814.5
308,78,1743,33.5,21.522,20.557,0,815
308,78,1743,34,21.511,20.546,0,815.5
308,78,1743,34.5,21.534,20.568,0,816
308,78,1743,35,21.522,20.557,0,816.5
308,78,1743,35.5,21.522,20.557,0,817
308,78,1743,36,21.534,20.568,0,817.5
308,78,1743,36.5,21.534,20.568,0,818
308,78,1743,37,21.522,20.557,0,818.5
308,78,1743,37.5,21.522,20.557,0,819
308,78,1743,38,21.534,20.568,0,819.5
308,78,1743,38.5,21.522,20.557,0,820
308,78,1743,39,21.534,20.568,0,820.5
308,78,1743,39.5,21.522,20.557,0,821
308,78,1743,40,21.534,20.568,0,821.5
308,78,1743,40.5,21.522,20.557,0,822
308,78,1743,41,21.522,20.557,0,822.5
308,78,1743,41.5,21.511,20.546,0,823
308,78,1743,42,21.522,20.557,0,823.5
308,78,1743,42.5,21.522,20.557,0,824
308,78,1743,43,21.522,20.557,0,824.5
308,78,1743,43.5,21.522,20.557,0,825
308,78,1743,44,21.522,20.557,0,825.5
308,78,1743,44.5,21.534,20.568,0,826
308,78,1743,45,21.522,20.557,0,826.5
308,78,1743,45.5,21.511,20.546,0,827
308,78,1743,46,21.522,20.557,0,827.5
308,78,1743,46.5,21.534,20.568,0.32149,828
308,78,1743,47,21.522,20.557,0,828.5
308,78,1743,47.5,21.522,20.557,0,829
308,78,1743,48,21.534,20.568,0,829.5
308,78,1743,48.5,21.522,20.557,0,830
308,78,1743,49,21.522,20.557,0,830.5
308,78,1743,49.5,21.522,20.557,0.32149,831
308,78,1743,50,21.511,20.546,0.32149,831.5
308,78,1743,50.5,21.534,20.568,0,832
308,78,1743,51,21.522,20.557,0,832.5
308,78,1743,51.5,21.545,20.58,-0.32149,833
308,78,1743,52,21.534,20.568,0,833.5
308,78,1743,52.5,21.534,20.568,0,834
308,78,1743,53,21.522,20.557,0,834.5
308,78,1743,53.5,21.522,20.557,0,835
308,78,1743,54,21.522,20.557,0,835.5
308,78,1743,54.5,21.522,20.557,0,836
308,78,1743,55,21.534,20.568,0,836.5
308,78,1743,55.5,21.522,20.557,0,837
308,78,1743,56,21.534,20.568,0,837.5
308,78,1743,56.5,21.522,20.557,0,838
308,78,1743,57,21.534,20.568,0.32149,838.5
308,78,1743,57.5,21.534,20.568,0,839
308,78,1743,58,21.522,20.557,0,839.5
308,78,1743,58.5,21.534,20.568,0,840
308,78,1743,59,21.534,20.568,0,840.5
308,78,1743,59.5,21.534,20.568,0,841
308,78,1744,0,21.522,20.557,0,841.5
308,78,1744,0.5,21.545,20.58,0,842
308,78,1744,1,21.534,20.568,0,842.5
308,78,1744,1.5,21.545,20.58,0,843
308,78,1744,2,21.534,20.568,0,843.5
308,78,1744,2.5,21.534,20.568,0,844
308,78,1744,3,21.534,20.568,0,844.5
308,78,1744,3.5,21.522,20.557,0,845
308,78,1744,4,21.522,20.557,0,845.5
308,78,1744,4.5,21.534,20.568,0,846
308,78,1744,5,21.545,20.58,0,846.5
308,78,1744,5.5,21.534,20.568,0,847
308,78,1744,6,21.534,20.568,0,847.5
308,78,1744,6.5,21.522,20.557,0,848
308,78,1744,7,21.534,20.568,0,848.5
308,78,1744,7.5,21.545,20.58,0,849
308,78,1744,8,21.534,20.568,0,849.5
308,78,1744,8.5,21.534,20.568,0,850
308,78,1744,9,21.533,20.568,0,850.5
308,78,1744,9.5,21.533,20.568,0,851
308,78,1744,10,21.533,20.568,0,851.5
308,78,1744,10.5,21.533,20.568,0,852
308,78,1744,11,21.533,20.568,0,852.5
308,78,1744,11.5,21.533,20.568,0,853
308,78,1744,12,21.533,20.568,0,853.5
308,78,1744,12.5,21.533,20.568,0,854
308,78,1744,13,21.533,20.568,0,854.5
308,78,1744,13.5,21.533,20.568,0,855
308,78,1744,14,21.533,20.568,0,855.5
308,78,1744,14.5,21.533,20.568,0,856
308,78,1744,15,21.533,20.568,0,856.5
308,78,1744,15.5,21.533,20.568,0,857
308,78,1744,16,21.533,20.568,0,857.5
308,78,1744,16.5,21.532,20.58,0,858
308,78,1744,17,21.533,20.568,0,858.5
308,78,1744,17.5,21.556,20.591,0,859
308,78,1744,18,21.533,20.568,0,859.5
308,78,1744,18.5,21.533,20.568,0,860
308,78,1744,19,21.533,20.568,0,860.5
308,78,1744,19.5,21.533,20.568,0,861
308,78,1744,20,21.533,20.568,0,861.5
308,78,1744,20.5,21.532,20.58,0,862
308,78,1744,21,21.533,20.568,0,862.5
308,78,1744,21.5,21.545,20.58,0,863
308,78,1744,22,21.545,20.58,0,863.5
308,78,1744,22.5,21.522,20.557,0,864
308,78,1744,23,21.532,20.58,0,864.5
308,78,1744,23.5,21.522,20.557,0,865
308,78,1744,24,21.556,20.591,0,865.5
308,78,1744,24.5,21.533,20.568,0,866
308,78,1744,25,21.533,20.568,0,866.5
308,78,1744,25.5,21.533,20.568,0,867
308,78,1744,26,21.545,20.58,0,867.5
308,78,1744,26.5,21.533,20.568,0,868
308,78,1744,27,21.521,20.568,0,868.5
308,78,1744,27.5,21.532,20.58,0,869
308,78,1744,28,21.508,20.568,0,869.5
308,78,1744,28.5,21.556,20.591,0,870
308,78,1744,29,21.521,20.568,0,870.5
308,78,1744,29.5,21.545,20.58,0,871
308,78,1744,30,21.545,20.58,0,871.5
308,78,1744,30.5,21.532,20.58,0,872
308,78,1744,31,21.545,20.58,0,872.5
308,78,1744,31.5,21.521,20.568,0,873
308,78,1744,32,21.532,20.58,0,873.5
308,78,1744,32.5,21.545,20.58,0,874
308,78,1744,33,21.545,20.58,0,874.5
308,78,1744,33.5,21.556,20.591,0,875
308,78,1744,34,21.556,20.591,0,875.5
308,78,1744,34.5,21.545,20.58,0,876
308,78,1744,35,21.556,20.591,0,876.5
308,78,1744,35.5,21.532,20.58,0,877
308,78,1744,36,21.556,20.591,0,877.5
308,78,1744,36.5,21.544,20.591,0,878
308,78,1744,37,21.533,20.568,0,878.5
308,78,1744,37.5,21.545,20.58,0,879
308,78,1744,38,21.533,20.568,0,879.5
308,78,1744,38.5,21.545,20.58,0,880
308,78,1744,39,21.533,20.568,0,880.5
308,78,1744,39.5,21.533,20.568,0,881
308,78,1744,40,21.544,20.591,0,881.5
308,78,1744,40.5,21.533,20.568,0,882
308,78,1744,41,21.533,20.568,0,882.5
308,78,1744,41.5,21.545,20.58,0,883
308,78,1744,42,21.545,20.58,0,883.5
308,78,1744,42.5,21.545,20.58,0,884
308,78,1744,43,21.545,20.58,0,884.5
308,78,1744,43.5,21.532,20.58,0,885
308,78,1744,44,21.519,20.591,0,885.5
308,78,1744,44.5,21.567,20.602,0,886
308,78,1744,45,21.545,20.58,0,886.5
308,78,1744,45.5,21.545,20.58,0,887
308,78,1744,46,21.531,20.591,0,887.5
308,78,1744,46.5,21.52,20.58,0,888
308,78,1744,47,21.532,20.58,0,888.5
308,78,1744,47.5,21.545,20.58,0,889
308,78,1744,48,21.532,20.58,0,889.5
308,78,1744,48.5,21.556,20.591,0,890
308,78,1744,49,21.532,20.58,0,890.5
308,78,1744,49.5,21.543,20.602,0,891
308,78,1744,50,21.532,20.58,0,891.5
308,78,1744,50.5,21.545,20.58,0,892
308,78,1744,51,21.531,20.591,0,892.5
308,78,1744,51.5,21.52,20.58,0,893
308,78,1744,52,21.521,20.568,0,893.5
308,78,1744,52.5,21.52,20.58,0,894
308,78,1744,53,21.545,20.58,0,894.5
308,78,1744,53.5,21.508,20.568,0,895
308,78,1744,54,21.533,20.568,0,895.5
308,78,1744,54.5,21.556,20.591,0,896
308,78,1744,55,21.531,20.591,0,896.5
308,78,1744,55.5,21.544,20.591,0,897
308,78,1744,56,21.532,20.58,0,897.5
308,78,1744,56.5,21.544,20.591,0,898
308,78,1744,57,21.544,20.591,0,898.5
308,78,1744,57.5,21.52,20.58,0,899
308,78,1744,58,21.52,20.58,0,899.5
308,78,1744,58.5,21.532,20.58,0,900
