308,78,1424,39.5,20.987,14.695,184.22,0
308,78,1424,40,21.049,14.695,182.93,0.5
308,78,1424,40.5,21.098,14.695,182.93,1
308,78,1424,41,21.136,14.695,182.93,1.5
308,78,1424,41.5,21.16,14.695,182.93,2
308,78,1424,42,21.197,14.695,182.61,2.5
308,78,1424,42.5,21.235,14.695,181.97,3
308,78,1424,43,21.247,14.695,182.29,3.5
308,78,1424,43.5,21.282,14.705,182.93,4
308,78,1424,44,21.296,14.695,182.93,4.5
308,78,1424,44.5,21.309,14.695,182.93,5
308,78,1424,45,21.346,14.695,182.93,5.5
308,78,1424,45.5,21.356,14.705,183.25,6
308,78,1424,46,21.383,14.695,182.93,6.5
308,78,1424,46.5,21.405,14.705,182.93,7
308,78,1424,47,21.405,14.705,182.93,7.5
308,78,1424,47.5,21.42,14.695,182.93,8
308,78,1424,48,21.432,14.695,182.93,8.5
308,78,1424,48.5,21.455,14.705,182.93,9
308,78,1424,49,21.48,14.705,182.61,9.5
308,78,1424,49.5,21.48,14.705,182.93,10
308,78,1424,50,21.48,14.705,182.61,10.5
308,78,1424,50.5,21.492,14.705,182.61,11
308,78,1424,51,21.504,14.705,182.93,11.5
308,78,1424,51.5,21.529,14.705,183.25,12
308,78,1424,52,21.519,14.695,183.25,12.5
308,78,1424,52.5,21.529,14.705,182.93,13
308,78,1424,53,21.564,14.715,183.25,13.5
308,78,1424,53.5,21.554,14.705,183.25,14
308,78,1424,54,21.554,14.705,183.25,14.5
308,78,1424,54.5,21.579,14.705,182.93,15
308,78,1424,55,21.593,14.695,183.89,15.5
308,78,1424,55.5,21.613,14.715,181.97,16
308,78,1424,56,21.613,14.715,185.5,16.5
308,78,1424,56.5,21.628,14.705,185.5,17
308,78,1424,57,21.638,14.715,185.5,17.5
308,78,1424,57.5,21.638,14.715,185.5,18
308,78,1424,58,21.638,14.715,185.5,18.5
308,78,1424,58.5,21.653,14.705,185.5,19
308,78,1424,59,21.663,14.715,185.5,19.5
308,78,1424,59.5,21.673,14.725,185.5,20
308,78,1425,0,21.673,14.725,185.5,20.5
308,78,1425,0.5,21.675,14.715,185.5,21
308,78,1425,1,21.677,14.705,185.5,21.5
308,78,1425,1.5,21.698,14.725,185.5,22
308,78,1425,2,21.677,14.705,185.82,22.5
308,78,1425,2.5,21.722,14.725,185.5,23
308,78,1425,3,21.702,14.705,185.5,23.5
308,78,1425,3.5,21.722,14.725,185.5,24
308,78,1425,4,21.735,14.725,185.5,24.5
308,78,1425,4.5,21.722,14.725,185.82,25
308,78,1425,5,21.722,14.725,185.82,25.5
308,78,1425,5.5,21.762,14.715,185.82,26
308,78,1425,6,21.772,14.725,185.82,26.5
308,78,1425,6.5,21.772,14.725,185.82,27
308,78,1425,7,21.772,14.725,185.82,27.5
308,78,1425,7.5,21.782,14.736,185.82,28
308,78,1425,8,21.772,14.725,185.82,28.5
308,78,1425,8.5,21.772,14.725,185.82,29
308,78,1425,9,21.782,14.736,185.82,29.5
308,78,1425,9.5,21.796,14.725,185.82,30
308,78,1425,10,21.796,14.725,185.82,30.5
308,78,1425,10.5,21.819,14.736,185.82,31
308,78,1425,11,21.796,14.725,185.82,31.5
308,78,1425,11.5,21.809,14.725,185.82,32
308,78,1425,12,21.821,14.725,185.82,32.5
308,78,1425,12.5,21.821,14.725,185.82,33
308,78,1425,13,21.821,14.725,185.82,33.5
308,78,1425,13.5,21.821,14.725,185.82,34
308,78,1425,14,21.831,14.736,185.82,34.5
308,78,1425,14.5,21.844,14.736,185.82,35
308,78,1425,15,21.821,14.725,185.82,35.5
308,78,1425,15.5,21.831,14.736,185.82,36
308,78,1425,16,21.831,14.736,185.82,36.5
308,78,1425,16.5,21.856,14.736,185.5,37
308,78,1425,17,21.856,14.736,185.82,37.5
308,78,1425,17.5,21.856,14.736,185.5,38
308,78,1425,18,21.866,14.746,185.82,38.5
308,78,1425,18.5,21.846,14.725,185.18,39
308,78,1425,19,21.866,14.746,185.82,39.5
308,78,1425,19.5,21.878,14.746,185.82,40
308,78,1425,20,21.881,14.736,185.18,40.5
308,78,1425,20.5,21.891,14.746,185.5,41
308,78,1425,21,21.858,14.725,185.18,41.5
308,78,1425,21.5,21.891,14.746,185.18,42
308,78,1425,22,21.891,14.746,185.18,42.5
308,78,1425,22.5,21.901,14.756,185.18,43
308,78,1425,23,21.881,14.736,185.18,43.5
308,78,1425,23.5,21.915,14.746,184.86,44
308,78,1425,24,21.915,14.746,183.57,44.5
308,78,1425,24.5,21.926,14.756,183.25,45
308,78,1425,25,21.901,14.756,183.89,45.5
308,78,1425,25.5,21.905,14.736,184.86,46
308,78,1425,26,21.905,14.736,184.86,46.5
308,78,1425,26.5,21.915,14.746,184.54,47
308,78,1425,27,21.915,14.746,184.54,47.5
308,78,1425,27.5,21.926,14.756,184.54,48
308,78,1425,28,21.915,14.746,184.54,48.5
308,78,1425,28.5,21.915,14.746,184.54,49
308,78,1425,29,21.938,14.756,184.54,49.5
308,78,1425,29.5,21.948,14.766,184.54,50
308,78,1425,30,21.926,14.756,184.54,50.5
308,78,1425,30.5,21.926,14.756,184.22,51
308,78,1425,31,21.936,14.766,184.54,51.5
308,78,1425,31.5,21.95,14.756,184.54,52
308,78,1425,32,21.948,14.766,184.54,52.5
308,78,1425,32.5,21.928,14.746,184.54,53
308,78,1425,33,21.93,14.736,183.57,53.5
308,78,1425,33.5,21.94,14.746,184.22,54
308,78,1425,34,21.95,14.756,183.57,54.5
308,78,1425,34.5,21.96,14.766,184.86,55
308,78,1425,35,21.96,14.766,183.89,55.5
308,78,1425,35.5,21.95,14.756,185.5,56
308,78,1425,36,21.94,14.746,185.5,56.5
308,78,1425,36.5,21.95,14.756,185.82,57
308,78,1425,37,21.95,14.756,185.5,57.5
308,78,1425,37.5,21.973,14.766,185.5,58
308,78,1425,38,21.96,14.766,185.82,58.5
308,78,1425,38.5,21.973,14.766,185.82,59
308,78,1425,39,21.96,14.766,185.82,59.5
308,78,1425,39.5,21.973,14.766,185.82,60
308,78,1425,40,21.973,14.766,185.82,60.5
308,78,1425,40.5,21.985,14.766,185.82,61
308,78,1425,41,21.995,14.776,185.82,61.5
308,78,1425,41.5,21.985,14.766,185.82,62
308,78,1425,42,21.995,14.776,185.82,62.5
308,78,1425,42.5,21.995,14.776,185.82,63
308,78,1425,43,21.985,14.766,185.82,63.5
308,78,1425,43.5,21.995,14.776,185.82,64
308,78,1425,44,21.997,14.766,185.82,64.5
308,78,1425,44.5,21.987,14.756,185.82,65
308,78,1425,45,22.007,14.776,185.82,65.5
308,78,1425,45.5,22.007,14.776,185.82,66
308,78,1425,46,22.02,14.776,185.82,66.5
308,78,1425,46.5,22.02,14.776,185.82,67
308,78,1425,47,22.02,14.776,185.82,67.5
308,78,1425,47.5,22.02,14.776,185.82,68
308,78,1425,48,22.03,14.787,185.82,68.5
308,78,1425,48.5,22.02,14.776,185.82,69
308,78,1425,49,22.01,14.766,185.5,69.5
308,78,1425,49.5,22.02,14.776,185.82,70
308,78,1425,50,22.03,14.787,185.82,70.5
308,78,1425,50.5,22.02,14.776,185.5,71
308,78,1425,51,22.02,14.776,185.18,71.5
308,78,1425,51.5,22.04,14.797,184.54,72
308,78,1425,52,22.02,14.776,185.18,72.5
308,78,1425,52.5,22.02,14.776,185.18,73
308,78,1425,53,22.02,14.776,184.54,73.5
308,78,1425,53.5,22.03,14.787,185.18,74
308,78,1425,54,22.03,14.787,185.18,74.5
308,78,1425,54.5,22.052,14.797,185.18,75
308,78,1425,55,22.03,14.787,185.18,75.5
308,78,1425,55.5,22.042,14.787,185.18,76
308,78,1425,56,22.032,14.776,185.18,76.5
308,78,1425,56.5,22.044,14.776,185.18,77
308,78,1425,57,22.052,14.797,185.18,77.5
308,78,1425,57.5,22.032,14.776,185.18,78
308,78,1425,58,22.032,14.776,183.89,78.5
308,78,1425,58.5,22.067,14.787,185.18,79
308,78,1425,59,22.052,14.797,185.18,79.5
308,78,1425,59.5,22.052,14.797,185.18,80
308,78,1426,0,22.055,14.787,185.82,80.5
308,78,1426,0.5,22.065,14.797,185.82,81
308,78,1426,1,22.077,14.797,185.82,81.5
308,78,1426,1.5,22.067,14.787,185.82,82
308,78,1426,2,22.109,14.817,185.82,82.5
308,78,1426,2.5,22.099,14.807,185.82,83
308,78,1426,3,22.079,14.787,185.82,83.5
308,78,1426,3.5,22.079,14.787,185.82,84
308,78,1426,4,22.067,14.787,185.82,84.5
308,78,1426,4.5,22.109,14.817,185.82,85
308,78,1426,5,22.099,14.807,185.82,85.5
308,78,1426,5.5,22.089,14.797,185.82,86
308,78,1426,6,22.089,14.797,185.5,86.5
308,78,1426,6.5,22.089,14.797,185.5,87
308,78,1426,7,22.089,14.797,185.82,87.5
308,78,1426,7.5,22.079,14.787,185.82,88
308,78,1426,8,22.089,14.797,185.82,88.5
308,78,1426,8.5,22.089,14.797,185.82,89
308,78,1426,9,22.099,14.807,185.82,89.5
308,78,1426,9.5,22.109,14.817,185.82,90
308,78,1426,10,22.089,14.797,185.82,90.5
308,78,1426,10.5,22.089,14.797,185.82,91
308,78,1426,11,22.099,14.807,185.18,91.5
308,78,1426,11.5,22.089,14.797,185.5,92
308,78,1426,12,22.099,14.807,185.5,92.5
308,78,1426,12.5,22.099,14.807,185.82,93
308,78,1426,13,22.099,14.807,185.18,93.5
308,78,1426,13.5,22.099,14.807,185.18,94
308,78,1426,14,22.099,14.807,185.18,94.5
308,78,1426,14.5,22.099,14.807,185.18,95
308,78,1426,15,22.099,14.807,185.18,95.5
308,78,1426,15.5,22.109,14.817,185.18,96
308,78,1426,16,22.099,14.807,185.18,96.5
308,78,1426,16.5,22.109,14.817,185.18,97
308,78,1426,17,22.109,14.817,185.18,97.5
308,78,1426,17.5,22.122,14.817,185.18,98
308,78,1426,18,22.099,14.807,185.18,98.5
308,78,1426,18.5,22.109,14.817,185.18,99
308,78,1426,19,22.099,14.807,185.5,99.5
308,78,1426,19.5,22.109,14.817,185.5,100
308,78,1426,20,22.109,14.817,185.5,100.5
308,78,1426,20.5,22.109,14.817,185.5,101
308,78,1426,21,22.109,14.817,185.82,101.5
308,78,1426,21.5,22.122,14.817,185.82,102
308,78,1426,22,22.099,14.807,185.5,102.5
308,78,1426,22.5,22.119,14.827,185.82,103
308,78,1426,23,22.119,14.827,185.5,103.5
308,78,1426,23.5,22.132,14.827,185.5,104
308,78,1426,24,22.132,14.827,185.5,104.5
308,78,1426,24.5,22.132,14.827,185.5,105
308,78,1426,25,22.132,14.827,185.5,105.5
308,78,1426,25.5,22.132,14.827,185.18,106
308,78,1426,26,22.132,14.827,185.18,106.5
308,78,1426,26.5,22.132,14.827,185.18,107
308,78,1426,27,22.159,14.817,185.18,107.5
308,78,1426,27.5,22.132,14.827,185.18,108
308,78,1426,28,22.154,14.838,185.18,108.5
308,78,1426,28.5,22.169,14.827,185.18,109
308,78,1426,29,22.144,14.827,185.18,109.5
308,78,1426,29.5,22.144,14.827,185.18,110
308,78,1426,30,22.167,14.838,185.18,110.5
308,78,1426,30.5,22.144,14.827,184.54,111
308,78,1426,31,22.154,14.838,185.18,111.5
308,78,1426,31.5,22.134,14.817,185.18,112
308,78,1426,32,22.124,14.807,185.18,112.5
308,78,1426,32.5,22.144,14.827,185.5,113
308,78,1426,33,22.167,14.838,185.5,113.5
308,78,1426,33.5,22.167,14.838,185.5,114
308,78,1426,34,22.157,14.827,185.5,114.5
308,78,1426,34.5,22.179,14.838,185.5,115
308,78,1426,35,22.144,14.827,185.5,115.5
308,78,1426,35.5,22.157,14.827,185.5,116
308,78,1426,36,22.157,14.827,185.5,116.5
308,78,1426,36.5,22.179,14.838,185.5,117
308,78,1426,37,22.157,14.827,185.5,117.5
308,78,1426,37.5,22.144,14.827,185.5,118
308,78,1426,38,22.187,14.858,185.5,118.5
308,78,1426,38.5,22.167,14.838,185.5,119
308,78,1426,39,22.189,14.848,185.5,119.5
308,78,1426,39.5,22.179,14.838,185.5,120
308,78,1426,40,22.189,14.848,185.5,120.5
308,78,1426,40.5,22.189,14.848,185.82,121
308,78,1426,41,22.177,14.848,185.5,121.5
308,78,1426,41.5,22.179,14.838,185.5,122
308,78,1426,42,22.189,14.848,185.5,122.5
308,78,1426,42.5,22.189,14.848,185.5,123
308,78,1426,43,22.189,14.848,185.5,123.5
308,78,1426,43.5,22.189,14.848,185.5,124
308,78,1426,44,22.189,14.848,185.5,124.5
308,78,1426,44.5,22.177,14.848,185.5,125
308,78,1426,45,22.189,14.848,185.5,125.5
308,78,1426,45.5,22.189,14.848,185.5,126
308,78,1426,46,22.189,14.848,185.5,126.5
308,78,1426,46.5,22.199,14.858,185.5,127
308,78,1426,47,22.199,14.858,185.5,127.5
308,78,1426,47.5,22.189,14.848,185.5,128
308,78,1426,48,22.199,14.858,185.5,128.5
308,78,1426,48.5,22.189,14.848,185.5,129
308,78,1426,49,22.177,14.848,185.5,129.5
308,78,1426,49.5,22.199,14.858,185.5,130
308,78,1426,50,22.199,14.858,185.5,130.5
308,78,1426,50.5,22.199,14.858,185.5,131
308,78,1426,51,22.189,14.848,185.5,131.5
308,78,1426,51.5,22.189,14.848,185.5,132
308,78,1426,52,22.199,14.858,185.5,132.5
308,78,1426,52.5,22.199,14.858,185.5,133
308,78,1426,53,22.199,14.858,185.5,133.5
308,78,1426,53.5,22.199,14.858,185.5,134
308,78,1426,54,22.199,14.858,185.5,134.5
308,78,1426,54.5,22.209,14.868,185.5,135
308,78,1426,55,22.209,14.868,185.5,135.5
308,78,1426,55.5,22.199,14.858,185.5,136
308,78,1426,56,22.199,14.858,185.5,136.5
308,78,1426,56.5,22.199,14.858,185.5,137
308,78,1426,57,22.199,14.858,185.5,137.5
308,78,1426,57.5,22.209,14.868,185.5,138
308,78,1426,58,22.199,14.858,185.82,138.5
308,78,1426,58.5,22.199,14.858,185.5,139
308,78,1426,59,22.199,14.858,185.5,139.5
308,78,1426,59.5,22.209,14.868,185.5,140
308,78,1427,0,22.199,14.858,185.5,140.5
308,78,1427,0.5,22.209,14.868,185.82,141
308,78,1427,1,22.209,14.868,185.82,141.5
308,78,1427,1.5,22.209,14.868,185.82,142
308,78,1427,2,22.199,14.858,185.82,142.5
308,78,1427,2.5,22.199,14.858,185.82,143
308,78,1427,3,22.219,14.878,185.82,143.5
308,78,1427,3.5,22.209,14.868,185.82,144
308,78,1427,4,22.209,14.868,185.82,144.5
308,78,1427,4.5,22.219,14.878,185.82,145
308,78,1427,5,22.209,14.868,185.82,145.5
308,78,1427,5.5,22.219,14.878,185.82,146
308,78,1427,6,22.209,14.868,185.82,146.5
308,78,1427,6.5,22.229,14.889,185.82,147
308,78,1427,7,22.219,14.879,185.82,147.5
308,78,1427,7.5,22.219,14.879,185.82,148
308,78,1427,8,22.229,14.889,185.82,148.5
308,78,1427,8.5,22.219,14.879,185.82,149
308,78,1427,9,22.242,14.889,185.82,149.5
308,78,1427,9.5,22.219,14.879,185.82,150
308,78,1427,10,22.219,14.879,185.82,150.5
308,78,1427,10.5,22.209,14.868,185.82,151
308,78,1427,11,22.219,14.879,185.82,151.5
308,78,1427,11.5,22.229,14.889,185.82,152
308,78,1427,12,22.219,14.879,185.82,152.5
308,78,1427,12.5,22.244,14.879,185.82,153
308,78,1427,13,22.242,14.889,185.82,153.5
308,78,1427,13.5,22.232,14.879,185.82,154
308,78,1427,14,22.222,14.868,185.82,154.5
308,78,1427,14.5,22.229,14.889,185.82,155
308,78,1427,15,22.254,14.889,185.82,155.5
308,78,1427,15.5,22.219,14.879,185.82,156
308,78,1427,16,22.244,14.879,185.82,156.5
308,78,1427,16.5,22.229,14.889,185.82,157
308,78,1427,17,22.229,14.889,185.82,157.5
308,78,1427,17.5,22.229,14.889,185.82,158
308,78,1427,18,22.24,14.899,185.82,158.5
308,78,1427,18.5,22.232,14.879,185.82,159
308,78,1427,19,22.242,14.889,185.82,159.5
308,78,1427,19.5,22.219,14.879,185.82,160
308,78,1427,20,22.24,14.899,185.82,160.5
308,78,1427,20.5,22.242,14.889,185.82,161
308,78,1427,21,22.242,14.889,185.82,161.5
308,78,1427,21.5,22.264,14.899,185.82,162
308,78,1427,22,22.229,14.889,185.82,162.5
308,78,1427,22.5,22.264,14.899,186.14,163
308,78,1427,23,22.254,14.889,186.14,163.5
308,78,1427,23.5,22.254,14.889,185.82,164
308,78,1427,24,22.25,14.909,185.82,164.5
308,78,1427,24.5,22.264,14.899,185.82,165
308,78,1427,25,22.254,14.889,185.82,165.5
308,78,1427,25.5,22.252,14.899,186.47,166
308,78,1427,26,22.252,14.899,186.14,166.5
308,78,1427,26.5,22.264,14.899,186.14,167
308,78,1427,27,22.264,14.899,186.14,167.5
308,78,1427,27.5,22.274,14.909,186.14,168
308,78,1427,28,22.252,14.899,186.14,168.5
308,78,1427,28.5,22.254,14.889,186.14,169
308,78,1427,29,22.242,14.889,186.14,169.5
308,78,1427,29.5,22.242,14.889,186.14,170
308,78,1427,30,22.264,14.899,186.14,170.5
308,78,1427,30.5,22.252,14.899,186.14,171
308,78,1427,31,22.252,14.899,186.14,171.5
308,78,1427,31.5,22.252,14.899,186.47,172
308,78,1427,32,22.274,14.909,185.82,172.5
308,78,1427,32.5,22.264,14.899,186.47,173
308,78,1427,33,22.252,14.899,186.47,173.5
308,78,1427,33.5,22.274,14.909,186.14,174
308,78,1427,34,22.252,14.899,186.47,174.5
308,78,1427,34.5,22.274,14.909,186.47,175
308,78,1427,35,22.262,14.909,186.47,175.5
308,78,1427,35.5,22.262,14.909,186.14,176
308,78,1427,36,22.25,14.909,186.47,176.5
308,78,1427,36.5,22.25,14.909,186.14,177
308,78,1427,37,22.25,14.909,186.47,177.5
308,78,1427,37.5,22.26,14.92,186.47,178
308,78,1427,38,22.25,14.909,186.47,178.5
308,78,1427,38.5,22.262,14.909,186.47,179
308,78,1427,39,22.26,14.92,186.47,179.5
308,78,1427,39.5,22.262,14.909,186.47,180
308,78,1427,40,22.274,14.909,186.47,180.5
308,78,1427,40.5,22.262,14.909,186.47,181
308,78,1427,41,22.272,14.92,186.47,181.5
308,78,1427,41.5,22.272,14.92,186.47,182
308,78,1427,42,22.272,14.92,186.47,182.5
308,78,1427,42.5,22.272,14.92,186.47,183
308,78,1427,43,22.25,14.909,186.47,183.5
308,78,1427,43.5,22.274,14.909,186.47,184
308,78,1427,44,22.262,14.909,186.47,184.5
308,78,1427,44.5,22.262,14.909,186.47,185
308,78,1427,45,22.284,14.92,186.47,185.5
308,78,1427,45.5,22.282,14.93,186.47,186
308,78,1427,46,22.26,14.92,186.47,186.5
308,78,1427,46.5,22.294,14.93,186.47,187
308,78,1427,47,22.27,14.93,186.14,187.5
308,78,1427,47.5,22.27,14.93,186.47,188
308,78,1427,48,22.284,14.92,186.47,188.5
308,78,1427,48.5,22.284,14.92,186.47,189
308,78,1427,49,22.294,14.93,186.47,189.5
308,78,1427,49.5,22.294,14.93,186.47,190
308,78,1427,50,22.272,14.92,186.47,190.5
308,78,1427,50.5,22.292,14.94,186.47,191
308,78,1427,51,22.284,14.92,186.47,191.5
308,78,1427,51.5,22.272,14.92,186.47,192
308,78,1427,52,22.282,14.93,186.47,192.5
308,78,1427,52.5,22.282,14.93,186.47,193
308,78,1427,53,22.282,14.93,186.47,193.5
308,78,1427,53.5,22.317,14.94,186.47,194
308,78,1427,54,22.292,14.94,186.47,194.5
308,78,1427,54.5,22.305,14.94,186.47,195
308,78,1427,55,22.294,14.93,186.47,195.5
308,78,1427,55.5,22.305,14.94,186.47,196
308,78,1427,56,22.282,14.93,186.47,196.5
308,78,1427,56.5,22.272,14.92,186.47,197
308,78,1427,57,22.305,14.94,186.47,197.5
308,78,1427,57.5,22.305,14.94,186.47,198
308,78,1427,58,22.305,14.94,186.47,198.5
308,78,1427,58.5,22.315,14.95,186.47,199
308,78,1427,59,22.305,14.94,186.47,199.5
308,78,1427,59.5,22.305,14.94,186.47,200
308,78,1428,0,22.315,14.95,186.14,200.5
308,78,1428,0.5,22.315,14.95,186.47,201
308,78,1428,1,22.305,14.94,186.14,201.5
308,78,1428,1.5,22.305,14.94,186.14,202
308,78,1428,2,22.305,14.94,186.47,202.5
308,78,1428,2.5,22.305,14.94,186.14,203
308,78,1428,3,22.305,14.94,186.47,203.5
308,78,1428,3.5,22.305,14.94,186.47,204
308,78,1428,4,22.305,14.94,186.14,204.5
308,78,1428,4.5,22.292,14.94,186.47,205
308,78,1428,5,22.305,14.94,186.47,205.5
308,78,1428,5.5,22.305,14.94,186.47,206
308,78,1428,6,22.292,14.94,186.47,206.5
308,78,1428,6.5,22.294,14.93,186.47,207
308,78,1428,7,22.305,14.94,186.47,207.5
308,78,1428,7.5,22.305,14.94,186.47,208
308,78,1428,8,22.305,14.94,186.47,208.5
308,78,1428,8.5,22.315,14.95,186.47,209
308,78,1428,9,22.292,14.94,186.47,209.5
308,78,1428,9.5,22.305,14.94,186.47,210
308,78,1428,10,22.315,14.95,186.47,210.5
308,78,1428,10.5,22.325,14.96,186.47,211
308,78,1428,11,22.315,14.95,186.47,211.5
308,78,1428,11.5,22.305,14.94,186.47,212
308,78,1428,12,22.315,14.95,186.14,212.5
308,78,1428,12.5,22.305,14.94,186.47,213
308,78,1428,13,22.315,14.95,186.47,213.5
308,78,1428,13.5,22.315,14.95,186.47,214
308,78,1428,14,22.325,14.96,186.47,214.5
308,78,1428,14.5,22.325,14.96,186.47,215
308,78,1428,15,22.315,14.95,186.47,215.5
308,78,1428,15.5,22.325,14.96,186.47,216
308,78,1428,16,22.325,14.96,186.47,216.5
308,78,1428,16.5,22.325,14.96,186.47,217
308,78,1428,17,22.325,14.96,186.47,217.5
308,78,1428,17.5,22.325,14.96,186.47,218
308,78,1428,18,22.335,14.971,186.47,218.5
308,78,1428,18.5,22.325,14.96,186.47,219
308,78,1428,19,22.325,14.96,186.47,219.5
308,78,1428,19.5,22.312,14.96,186.47,220
308,78,1428,20,22.315,14.95,186.47,220.5
308,78,1428,20.5,22.315,14.95,186.47,221
308,78,1428,21,22.315,14.95,186.47,221.5
308,78,1428,21.5,22.312,14.96,186.47,222
308,78,1428,22,22.325,14.96,186.47,222.5
308,78,1428,22.5,22.312,14.96,186.47,223
308,78,1428,23,22.305,14.94,186.47,223.5
308,78,1428,23.5,22.325,14.96,186.47,224
308,78,1428,24,22.325,14.96,186.47,224.5
308,78,1428,24.5,22.347,14.971,186.47,225
308,78,1428,25,22.335,14.971,186.47,225.5
308,78,1428,25.5,22.335,14.971,186.47,226
308,78,1428,26,22.345,14.981,186.47,226.5
308,78,1428,26.5,22.335,14.971,186.47,227
308,78,1428,27,22.335,14.971,186.47,227.5
308,78,1428,27.5,22.345,14.981,186.47,228
308,78,1428,28,22.335,14.971,186.47,228.5
308,78,1428,28.5,22.335,14.971,186.14,229
308,78,1428,29,22.325,14.96,186.47,229.5
308,78,1428,29.5,22.325,14.96,186.47,230
308,78,1428,30,22.345,14.981,186.47,230.5
308,78,1428,30.5,22.345,14.981,186.47,231
308,78,1428,31,22.345,14.981,186.47,231.5
308,78,1428,31.5,22.335,14.971,186.47,232
308,78,1428,32,22.357,14.981,186.47,232.5
308,78,1428,32.5,22.345,14.981,186.47,233
308,78,1428,33,22.345,14.981,186.47,233.5
308,78,1428,33.5,22.335,14.971,186.47,234
308,78,1428,34,22.345,14.981,186.47,234.5
308,78,1428,34.5,22.332,14.981,186.47,235
308,78,1428,35,22.355,14.991,186.47,235.5
308,78,1428,35.5,22.345,14.981,186.47,236
308,78,1428,36,22.335,14.971,186.47,236.5
308,78,1428,36.5,22.312,14.96,186.47,237
308,78,1428,37,22.343,14.991,186.47,237.5
308,78,1428,37.5,22.345,14.981,186.47,238
308,78,1428,38,22.355,14.991,186.47,238.5
308,78,1428,38.5,22.345,14.981,186.47,239
308,78,1428,39,22.345,14.981,186.47,239.5
308,78,1428,39.5,22.355,14.991,186.47,240
308,78,1428,40,22.355,14.991,186.47,240.5
308,78,1428,40.5,22.345,14.981,186.47,241
308,78,1428,41,22.335,14.971,186.47,241.5
308,78,1428,41.5,22.355,14.991,186.47,242
308,78,1428,42,22.345,14.981,186.47,242.5
308,78,1428,42.5,22.355,14.991,186.47,243
308,78,1428,43,22.345,14.981,186.47,243.5
308,78,1428,43.5,22.355,14.991,186.47,244
308,78,1428,44,22.345,14.981,186.47,244.5
308,78,1428,44.5,22.355,14.991,186.47,245
308,78,1428,45,22.345,14.981,186.47,245.5
308,78,1428,45.5,22.365,15.001,186.47,246
308,78,1428,46,22.332,14.981,186.47,246.5
308,78,1428,46.5,22.365,15.001,186.47,247
308,78,1428,47,22.365,15.001,186.47,247.5
308,78,1428,47.5,22.365,15.001,186.47,248
308,78,1428,48,22.365,15.001,186.47,248.5
308,78,1428,48.5,22.345,14.981,186.47,249
308,78,1428,49,22.332,14.981,186.47,249.5
308,78,1428,49.5,22.365,15.001,186.47,250
308,78,1428,50,22.355,14.991,186.47,250.5
308,78,1428,50.5,22.365,15.001,186.47,251
308,78,1428,51,22.365,15.001,186.47,251.5
308,78,1428,51.5,22.365,15.001,186.47,252
308,78,1428,52,22.375,15.012,186.47,252.5
308,78,1428,52.5,22.365,15.001,186.47,253
308,78,1428,53,22.353,15.001,186.47,253.5
308,78,1428,53.5,22.355,14.991,186.47,254
308,78,1428,54,22.375,15.012,186.47,254.5
308,78,1428,54.5,22.355,14.991,186.47,255
308,78,1428,55,22.353,15.001,186.47,255.5
308,78,1428,55.5,22.353,15.001,186.47,256
308,78,1428,56,22.353,15.001,186.47,256.5
308,78,1428,56.5,22.353,15.001,186.47,257
308,78,1428,57,22.365,15.001,186.47,257.5
308,78,1428,57.5,22.385,15.022,186.47,258
308,78,1428,58,22.375,15.012,186.47,258.5
308,78,1428,58.5,22.363,15.012,186.47,259
308,78,1428,59,22.35,15.012,186.47,259.5
308,78,1428,59.5,22.375,15.012,186.47,260
308,78,1429,0,22.353,15.001,186.47,260.5
308,78,1429,0.5,22.373,15.022,186.47,261
308,78,1429,1,22.363,15.012,186.47,261.5
308,78,1429,1.5,22.35,15.012,186.47,262
308,78,1429,2,22.35,15.012,186.47,262.5
308,78,1429,2.5,22.363,15.012,186.47,263
308,78,1429,3,22.375,15.012,186.47,263.5
308,78,1429,3.5,22.36,15.022,186.47,264
308,78,1429,4,22.385,15.022,186.47,264.5
308,78,1429,4.5,22.375,15.012,186.47,265
308,78,1429,5,22.385,15.022,186.47,265.5
308,78,1429,5.5,22.383,15.032,186.47,266
308,78,1429,6,22.363,15.012,186.47,266.5
308,78,1429,6.5,22.385,15.022,186.47,267
308,78,1429,7,22.36,15.022,186.47,267.5
308,78,1429,7.5,22.385,15.022,186.47,268
308,78,1429,8,22.375,15.012,186.47,268.5
308,78,1429,8.5,22.373,15.022,186.47,269
308,78,1429,9,22.373,15.022,186.47,269.5
308,78,1429,9.5,22.373,15.022,186.47,270
308,78,1429,10,22.385,15.022,186.47,270.5
308,78,1429,10.5,22.395,15.032,186.47,271
308,78,1429,11,22.373,15.022,186.47,271.5
308,78,1429,11.5,22.385,15.022,186.47,272
308,78,1429,12,22.371,15.032,186.47,272.5
308,78,1429,12.5,22.35,15.012,186.47,273
308,78,1429,13,22.385,15.022,186.47,273.5
308,78,1429,13.5,22.385,15.022,186.47,274
308,78,1429,14,22.395,15.032,186.47,274.5
308,78,1429,14.5,22.385,15.022,186.47,275
308,78,1429,15,22.36,15.022,186.47,275.5
308,78,1429,15.5,22.395,15.032,186.47,276
308,78,1429,16,22.371,15.032,186.47,276.5
308,78,1429,16.5,22.36,15.022,186.47,277
308,78,1429,17,22.373,15.022,186.47,277.5
308,78,1429,17.5,22.393,15.042,186.47,278
308,78,1429,18,22.381,15.042,186.47,278.5
308,78,1429,18.5,22.383,15.032,186.47,279
308,78,1429,19,22.395,15.032,186.47,279.5
308,78,1429,19.5,22.381,15.042,186.47,280
308,78,1429,20,22.381,15.042,186.47,280.5
308,78,1429,20.5,22.371,15.032,186.47,281
308,78,1429,21,22.385,15.022,186.47,281.5
308,78,1429,21.5,22.373,15.022,186.47,282
308,78,1429,22,22.383,15.032,186.47,282.5
308,78,1429,22.5,22.393,15.042,186.47,283
308,78,1429,23,22.371,15.032,186.47,283.5
308,78,1429,23.5,22.371,15.032,186.47,284
308,78,1429,24,22.381,15.042,186.47,284.5
308,78,1429,24.5,22.381,15.042,186.47,285
308,78,1429,25,22.381,15.042,186.47,285.5
308,78,1429,25.5,22.381,15.042,186.47,286
308,78,1429,26,22.403,15.053,186.47,286.5
308,78,1429,26.5,22.415,15.053,186.47,287
308,78,1429,27,22.403,15.053,186.47,287.5
308,78,1429,27.5,22.383,15.032,186.47,288
308,78,1429,28,22.383,15.032,186.47,288.5
308,78,1429,28.5,22.393,15.042,186.47,289
308,78,1429,29,22.393,15.042,186.47,289.5
308,78,1429,29.5,22.403,15.053,186.47,290
308,78,1429,30,22.403,15.053,186.47,290.5
308,78,1429,30.5,22.371,15.032,186.47,291
308,78,1429,31,22.393,15.042,186.47,291.5
308,78,1429,31.5,22.403,15.053,186.47,292
308,78,1429,32,22.391,15.053,186.47,292.5
308,78,1429,32.5,22.371,15.032,186.47,293
308,78,1429,33,22.401,15.063,186.47,293.5
308,78,1429,33.5,22.403,15.053,186.47,294
308,78,1429,34,22.381,15.042,186.47,294.5
308,78,1429,34.5,22.391,15.053,186.47,295
308,78,1429,35,22.415,15.053,186.47,295.5
308,78,1429,35.5,22.393,15.042,186.47,296
308,78,1429,36,22.413,15.063,186.47,296.5
308,78,1429,36.5,22.393,15.042,186.47,297
308,78,1429,37,22.381,15.042,186.47,297.5
308,78,1429,37.5,22.381,15.042,186.47,298
308,78,1429,38,22.401,15.063,186.47,298.5
308,78,1429,38.5,22.411,15.073,186.47,299
308,78,1429,39,22.391,15.053,186.47,299.5
308,78,1429,39.5,22.401,15.063,186.47,300
308,78,1429,40,22.401,15.063,186.47,300.5
308,78,1429,40.5,22.391,15.053,186.47,301
308,78,1429,41,22.391,15.053,186.47,301.5
308,78,1429,41.5,22.413,15.063,186.47,302
308,78,1429,42,22.391,15.053,186.47,302.5
308,78,1429,42.5,22.391,15.053,186.47,303
308,78,1429,43,22.401,15.063,186.47,303.5
308,78,1429,43.5,22.401,15.063,186.47,304
308,78,1429,44,22.401,15.063,186.47,304.5
308,78,1429,44.5,22.391,15.053,186.47,305
308,78,1429,45,22.401,15.063,186.47,305.5
308,78,1429,45.5,22.401,15.063,186.47,306
308,78,1429,46,22.391,15.053,186.47,306.5
308,78,1429,46.5,22.401,15.063,186.47,307
308,78,1429,47,22.401,15.063,186.47,307.5
308,78,1429,47.5,22.401,15.063,186.47,308
308,78,1429,48,22.401,15.063,186.47,308.5
308,78,1429,48.5,22.421,15.083,186.47,309
308,78,1429,49,22.421,15.083,186.47,309.5
308,78,1429,49.5,22.413,15.063,186.47,310
308,78,1429,50,22.411,15.073,186.47,310.5
308,78,1429,50.5,22.421,15.083,186.47,311
308,78,1429,51,22.421,15.083,186.47,311.5
308,78,1429,51.5,22.401,15.063,186.47,312
308,78,1429,52,22.411,15.073,186.47,312.5
308,78,1429,52.5,22.411,15.073,186.47,313
308,78,1429,53,22.421,15.083,186.47,313.5
308,78,1429,53.5,22.401,15.063,186.47,314
308,78,1429,54,22.411,15.073,186.47,314.5
308,78,1429,54.5,22.411,15.073,186.47,315
308,78,1429,55,22.421,15.083,186.47,315.5
308,78,1429,55.5,22.411,15.073,186.47,316
308,78,1429,56,22.411,15.073,186.47,316.5
308,78,1429,56.5,22.411,15.073,186.47,317
308,78,1429,57,22.421,15.083,186.47,317.5
308,78,1429,57.5,22.421,15.083,186.47,318
308,78,1429,58,22.411,15.073,186.47,318.5
308,78,1429,58.5,22.421,15.083,186.47,319
308,78,1429,59,22.411,15.073,186.47,319.5
308,78,1429,59.5,22.411,15.073,186.47,320
308,78,1430,0,22.421,15.083,186.47,320.5
308,78,1430,0.5,22.411,15.073,186.47,321
308,78,1430,1,22.421,15.083,186.47,321.5
308,78,1430,1.5,22.431,15.094,186.47,322
308,78,1430,2,22.421,15.084,186.47,322.5
308,78,1430,2.5,22.421,15.084,186.47,323
308,78,1430,3,22.421,15.084,186.47,323.5
308,78,1430,3.5,22.421,15.084,186.47,324
308,78,1430,4,22.421,15.084,186.47,324.5
308,78,1430,4.5,22.411,15.073,186.47,325
308,78,1430,5,22.431,15.094,186.47,325.5
308,78,1430,5.5,22.431,15.094,186.47,326
308,78,1430,6,22.421,15.084,186.47,326.5
308,78,1430,6.5,22.431,15.094,186.47,327
308,78,1430,7,22.431,15.094,186.47,327.5
308,78,1430,7.5,22.431,15.094,186.47,328
308,78,1430,8,22.431,15.094,186.47,328.5
308,78,1430,8.5,22.441,15.104,186.47,329
308,78,1430,9,22.431,15.094,186.47,329.5
308,78,1430,9.5,22.431,15.094,186.47,330
308,78,1430,10,22.441,15.104,186.47,330.5
308,78,1430,10.5,22.431,15.094,186.47,331
308,78,1430,11,22.431,15.094,186.47,331.5
308,78,1430,11.5,22.431,15.094,186.47,332
308,78,1430,12,22.431,15.094,186.47,332.5
308,78,1430,12.5,22.421,15.084,186.47,333
308,78,1430,13,22.419,15.094,186.47,333.5
308,78,1430,13.5,22.431,15.094,186.47,334
308,78,1430,14,22.441,15.104,186.47,334.5
308,78,1430,14.5,22.431,15.094,186.47,335
308,78,1430,15,22.441,15.104,186.47,335.5
308,78,1430,15.5,22.431,15.094,186.47,336
308,78,1430,16,22.452,15.114,186.47,336.5
308,78,1430,16.5,22.441,15.104,186.47,337
308,78,1430,17,22.429,15.104,186.47,337.5
308,78,1430,17.5,22.441,15.104,186.47,338
308,78,1430,18,22.441,15.104,186.47,338.5
308,78,1430,18.5,22.452,15.114,186.47,339
308,78,1430,19,22.441,15.104,186.47,339.5
308,78,1430,19.5,22.462,15.125,186.47,340
308,78,1430,20,22.431,15.094,186.47,340.5
308,78,1430,20.5,22.429,15.104,186.47,341
308,78,1430,21,22.441,15.104,186.47,341.5
308,78,1430,21.5,22.427,15.114,186.47,342
308,78,1430,22,22.452,15.114,186.47,342.5
308,78,1430,22.5,22.441,15.104,186.47,343
308,78,1430,23,22.441,15.104,186.47,343.5
308,78,1430,23.5,22.452,15.114,186.47,344
308,78,1430,24,22.452,15.114,186.47,344.5
308,78,1430,24.5,22.441,15.104,186.47,345
308,78,1430,25,22.409,15.084,186.47,345.5
308,78,1430,25.5,22.439,15.114,186.47,346
308,78,1430,26,22.452,15.114,186.47,346.5
308,78,1430,26.5,22.462,15.125,186.47,347
308,78,1430,27,22.452,15.114,186.47,347.5
308,78,1430,27.5,22.452,15.114,186.47,348
308,78,1430,28,22.452,15.114,186.47,348.5
308,78,1430,28.5,22.441,15.104,186.47,349
308,78,1430,29,22.462,15.125,186.47,349.5
308,78,1430,29.5,22.462,15.125,186.47,350
308,78,1430,30,22.462,15.125,186.47,350.5
308,78,1430,30.5,22.452,15.114,186.47,351
308,78,1430,31,22.452,15.114,186.47,351.5
308,78,1430,31.5,22.462,15.125,186.47,352
308,78,1430,32,22.462,15.125,186.47,352.5
308,78,1430,32.5,22.472,15.135,186.47,353
308,78,1430,33,22.449,15.125,186.47,353.5
308,78,1430,33.5,22.462,15.125,186.47,354
308,78,1430,34,22.462,15.125,186.47,354.5
308,78,1430,34.5,22.472,15.135,186.47,355
308,78,1430,35,22.472,15.135,186.47,355.5
308,78,1430,35.5,22.462,15.125,186.47,356
308,78,1430,36,22.472,15.135,186.47,356.5
308,78,1430,36.5,22.472,15.135,186.47,357
308,78,1430,37,22.472,15.135,186.47,357.5
308,78,1430,37.5,22.472,15.135,186.47,358
308,78,1430,38,22.462,15.125,186.47,358.5
308,78,1430,38.5,22.462,15.125,186.47,359
308,78,1430,39,22.462,15.125,186.47,359.5
308,78,1430,39.5,22.482,15.145,186.47,360
308,78,1430,40,22.373,15.135,0,360.5
308,78,1430,40.5,22.324,15.135,0,361
308,78,1430,41,22.287,15.135,0,361.5
308,78,1430,41.5,22.25,15.135,0,362
308,78,1430,42,22.225,15.135,0,362.5
308,78,1430,42.5,22.186,15.145,0,363
308,78,1430,43,22.186,15.145,0,363.5
308,78,1430,43.5,22.136,15.145,0,364
308,78,1430,44,22.114,15.135,0,364.5
308,78,1430,44.5,22.087,15.145,0,365
308,78,1430,45,22.077,15.135,0,365.5
308,78,1430,45.5,22.074,15.145,0,366
308,78,1430,46,22.037,15.145,0.32149,366.5
308,78,1430,46.5,22.027,15.135,0,367
308,78,1430,47,22,15.145,0,367.5
308,78,1430,47.5,21.988,15.145,0,368
308,78,1430,48,21.998,15.155,0,368.5
308,78,1430,48.5,21.928,15.135,0,369
308,78,1430,49,21.939,15.145,0,369.5
308,78,1430,49.5,21.949,15.155,0,370
308,78,1430,50,21.926,15.145,0,370.5
308,78,1430,50.5,21.914,15.145,0,371
308,78,1430,51,21.889,15.145,0,371.5
308,78,1430,51.5,21.889,15.145,0,372
308,78,1430,52,21.899,15.155,0,372.5
308,78,1430,52.5,21.887,15.155,0,373
308,78,1430,53,21.852,15.145,0,373.5
308,78,1430,53.5,21.862,15.155,0,374
308,78,1430,54,21.84,15.145,0,374.5
308,78,1430,54.5,21.84,15.145,0,375
308,78,1430,55,21.817,15.135,0,375.5
308,78,1430,55.5,21.815,15.145,0,376
308,78,1430,56,21.813,15.155,0,376.5
308,78,1430,56.5,21.79,15.145,0,377
308,78,1430,57,21.81,15.166,0,377.5
308,78,1430,57.5,21.788,15.155,0,378
308,78,1430,58,21.751,15.155,0,378.5
308,78,1430,58.5,21.751,15.155,0,379
308,78,1430,59,21.751,15.155,0,379.5
308,78,1430,59.5,21.751,15.155,0,380
308,78,1431,0,21.761,15.166,0,380.5
308,78,1431,0.5,21.749,15.166,0,381
308,78,1431,1,21.726,15.155,0,381.5
308,78,1431,1.5,21.736,15.166,0,382
308,78,1431,2,21.712,15.166,0,382.5
308,78,1431,2.5,21.712,15.166,0,383
308,78,1431,3,21.701,15.155,0,383.5
308,78,1431,3.5,21.701,15.155,0,384
308,78,1431,4,21.712,15.166,0,384.5
308,78,1431,4.5,21.709,15.176,0,385
308,78,1431,5,21.687,15.166,0,385.5
308,78,1431,5.5,21.685,15.176,0,386
308,78,1431,6,21.662,15.166,0,386.5
308,78,1431,6.5,21.662,15.166,0,387
308,78,1431,7,21.652,15.155,0,387.5
308,78,1431,7.5,21.672,15.176,0,388
308,78,1431,8,21.662,15.166,0,388.5
308,78,1431,8.5,21.672,15.176,0,389
308,78,1431,9,21.648,15.176,0,389.5
308,78,1431,9.5,21.648,15.176,0,390
308,78,1431,10,21.613,15.166,0,390.5
308,78,1431,10.5,21.625,15.166,0,391
308,78,1431,11,21.623,15.176,0,391.5
308,78,1431,11.5,21.623,15.176,0,392
308,78,1431,12,21.603,15.155,0,392.5
308,78,1431,12.5,21.613,15.166,0,393
308,78,1431,13,21.61,15.176,0,393.5
308,78,1431,13.5,21.61,15.176,0,394
308,78,1431,14,21.578,15.155,0,394.5
308,78,1431,14.5,21.596,15.186,0,395
308,78,1431,15,21.586,15.176,0,395.5
308,78,1431,15.5,21.598,15.176,0,396
308,78,1431,16,21.573,15.176,0,396.5
308,78,1431,16.5,21.583,15.186,0,397
308,78,1431,17,21.573,15.176,0,397.5
308,78,1431,17.5,21.573,15.176,0,398
308,78,1431,18,21.573,15.176,0,398.5
308,78,1431,18.5,21.551,15.166,0,399
308,78,1431,19,21.571,15.186,0,399.5
308,78,1431,19.5,21.549,15.176,0,400
308,78,1431,20,21.559,15.186,0,400.5
308,78,1431,20.5,21.549,15.176,0,401
308,78,1431,21,21.536,15.176,0,401.5
308,78,1431,21.5,21.536,15.176,0,402
308,78,1431,22,21.534,15.186,0,402.5
308,78,1431,22.5,21.524,15.176,0,403
308,78,1431,23,21.534,15.186,0,403.5
308,78,1431,23.5,21.534,15.186,0,404
308,78,1431,24,21.534,15.186,0,404.5
308,78,1431,24.5,21.534,15.186,0,405
308,78,1431,25,21.534,15.186,0,405.5
308,78,1431,25.5,21.544,15.196,0,406
308,78,1431,26,21.534,15.186,0,406.5
308,78,1431,26.5,21.532,15.196,0,407
308,78,1431,27,21.522,15.186,0,407.5
308,78,1431,27.5,21.522,15.186,0,408
308,78,1431,28,21.519,15.196,0,408.5
308,78,1431,28.5,21.53,15.207,0,409
308,78,1431,29,21.495,15.196,0,409.5
308,78,1431,29.5,21.507,15.196,0,410
308,78,1431,30,21.527,15.217,0,410.5
308,78,1431,30.5,21.519,15.196,0,411
308,78,1431,31,21.507,15.196,0,411.5
308,78,1431,31.5,21.495,15.196,0,412
308,78,1431,32,21.505,15.207,0,412.5
308,78,1431,32.5,21.495,15.196,0,413
308,78,1431,33,21.495,15.196,0,413.5
308,78,1431,33.5,21.505,15.207,0,414
308,78,1431,34,21.505,15.207,0,414.5
308,78,1431,34.5,21.495,15.196,0,415
308,78,1431,35,21.515,15.217,0,415.5
308,78,1431,35.5,21.505,15.207,0,416
308,78,1431,36,21.492,15.207,0,416.5
308,78,1431,36.5,21.48,15.207,0,417
308,78,1431,37,21.48,15.207,0,417.5
308,78,1431,37.5,21.48,15.207,0,418
308,78,1431,38,21.48,15.207,0,418.5
308,78,1431,38.5,21.492,15.207,0,419
308,78,1431,39,21.49,15.217,0,419.5
308,78,1431,39.5,21.48,15.207,0,420
308,78,1431,40,21.445,15.196,0,420.5
308,78,1431,40.5,21.465,15.217,0,421
308,78,1431,41,21.468,15.207,0,421.5
308,78,1431,41.5,21.455,15.207,0,422
308,78,1431,42,21.445,15.196,0,422.5
308,78,1431,42.5,21.445,15.196,0,423
308,78,1431,43,21.455,15.207,0,423.5
308,78,1431,43.5,21.453,15.217,0,424
308,78,1431,44,21.476,15.227,0,424.5
308,78,1431,44.5,21.455,15.207,0,425
308,78,1431,45,21.453,15.217,0,425.5
308,78,1431,45.5,21.463,15.227,0,426
308,78,1431,46,21.431,15.207,0,426.5
308,78,1431,46.5,21.441,15.217,0,427
308,78,1431,47,21.428,15.217,0,427.5
308,78,1431,47.5,21.441,15.217,0,428
308,78,1431,48,21.441,15.217,0,428.5
308,78,1431,48.5,21.441,15.217,0,429
308,78,1431,49,21.416,15.217,0,429.5
308,78,1431,49.5,21.439,15.227,0,430
308,78,1431,50,21.416,15.217,0,430.5
308,78,1431,50.5,21.416,15.217,0,431
308,78,1431,51,21.416,15.217,0,431.5
308,78,1431,51.5,21.416,15.217,0,432
308,78,1431,52,21.416,15.217,0,432.5
308,78,1431,52.5,21.404,15.217,0,433
308,78,1431,53,21.414,15.227,0,433.5
308,78,1431,53.5,21.424,15.237,0,434
308,78,1431,54,21.426,15.227,0,434.5
308,78,1431,54.5,21.404,15.217,0,435
308,78,1431,55,21.401,15.227,0,435.5
308,78,1431,55.5,21.424,15.237,0,436
308,78,1431,56,21.401,15.227,0,436.5
308,78,1431,56.5,21.401,15.227,0,437
308,78,1431,57,21.422,15.248,0,437.5
308,78,1431,57.5,21.412,15.237,0,438
308,78,1431,58,21.412,15.237,0,438.5
308,78,1431,58.5,21.422,15.248,0,439
308,78,1431,59,21.401,15.227,0,439.5
308,78,1431,59.5,21.399,15.237,0,440
308,78,1432,0,21.422,15.248,0,440.5
308,78,1432,0.5,21.399,15.237,0,441
308,78,1432,1,21.422,15.248,0,441.5
308,78,1432,1.5,21.409,15.248,0,442
308,78,1432,2,21.387,15.237,0,442.5
308,78,1432,2.5,21.387,15.237,0,443
308,78,1432,3,21.377,15.227,0,443.5
308,78,1432,3.5,21.387,15.237,0,444
308,78,1432,4,21.397,15.248,0,444.5
308,78,1432,4.5,21.377,15.227,0,445
308,78,1432,5,21.385,15.248,0,445.5
308,78,1432,5.5,21.397,15.248,0,446
308,78,1432,6,21.397,15.248,0,446.5
308,78,1432,6.5,21.372,15.248,0,447
308,78,1432,7,21.374,15.237,0,447.5
308,78,1432,7.5,21.387,15.237,0,448
308,78,1432,8,21.372,15.248,0,448.5
308,78,1432,8.5,21.372,15.248,0,449
308,78,1432,9,21.372,15.248,0,449.5
308,78,1432,9.5,21.372,15.248,0,450
308,78,1432,10,21.372,15.248,0,450.5
308,78,1432,10.5,21.362,15.237,0,451
308,78,1432,11,21.372,15.248,0,451.5
308,78,1432,11.5,21.362,15.237,0,452
308,78,1432,12,21.382,15.258,0,452.5
308,78,1432,12.5,21.382,15.258,0,453
308,78,1432,13,21.372,15.248,0,453.5
308,78,1432,13.5,21.372,15.248,0,454
308,78,1432,14,21.382,15.258,0,454.5
308,78,1432,14.5,21.36,15.248,0,455
308,78,1432,15,21.37,15.258,0,455.5
308,78,1432,15.5,21.358,15.258,0,456
308,78,1432,16,21.36,15.248,0,456.5
308,78,1432,16.5,21.36,15.248,0,457
308,78,1432,17,21.37,15.258,0,457.5
308,78,1432,17.5,21.358,15.258,0,458
308,78,1432,18,21.368,15.268,0,458.5
308,78,1432,18.5,21.37,15.258,0,459
308,78,1432,19,21.358,15.258,0,459.5
308,78,1432,19.5,21.368,15.268,0,460
308,78,1432,20,21.368,15.268,0,460.5
308,78,1432,20.5,21.358,15.258,0,461
308,78,1432,21,21.368,15.268,0,461.5
308,78,1432,21.5,21.358,15.258,0,462
308,78,1432,22,21.345,15.258,0,462.5
308,78,1432,22.5,21.368,15.268,0,463
308,78,1432,23,21.358,15.258,0,463.5
308,78,1432,23.5,21.345,15.258,0,464
308,78,1432,24,21.368,15.268,0,464.5
308,78,1432,24.5,21.345,15.258,0,465
308,78,1432,25,21.355,15.268,0,465.5
308,78,1432,25.5,21.353,15.279,0,466
308,78,1432,26,21.355,15.268,0,466.5
308,78,1432,26.5,21.343,15.268,0,467
308,78,1432,27,21.343,15.268,0,467.5
308,78,1432,27.5,21.353,15.279,0,468
308,78,1432,28,21.353,15.279,0,468.5
308,78,1432,28.5,21.343,15.268,0,469
308,78,1432,29,21.353,15.279,0,469.5
308,78,1432,29.5,21.331,15.268,0,470
308,78,1432,30,21.353,15.279,0,470.5
308,78,1432,30.5,21.333,15.258,0,471
308,78,1432,31,21.331,15.268,0,471.5
308,78,1432,31.5,21.331,15.268,0,472
308,78,1432,32,21.341,15.279,0,472.5
308,78,1432,32.5,21.341,15.279,0,473
308,78,1432,33,21.328,15.279,0,473.5
308,78,1432,33.5,21.341,15.279,0,474
308,78,1432,34,21.339,15.289,0,474.5
308,78,1432,34.5,21.328,15.279,0,475
308,78,1432,35,21.316,15.279,0,475.5
308,78,1432,35.5,21.318,15.268,0,476
308,78,1432,36,21.328,15.279,0,476.5
308,78,1432,36.5,21.339,15.289,0,477
308,78,1432,37,21.339,15.289,0,477.5
308,78,1432,37.5,21.328,15.279,0,478
308,78,1432,38,21.304,15.279,0,478.5
308,78,1432,38.5,21.304,15.279,0,479
308,78,1432,39,21.314,15.289,0,479.5
308,78,1432,39.5,21.304,15.279,0,480
308,78,1432,40,21.304,15.279,0,480.5
308,78,1432,40.5,21.314,15.289,0,481
308,78,1432,41,21.316,15.279,0,481.5
308,78,1432,41.5,21.304,15.279,0,482
308,78,1432,42,21.314,15.289,0,482.5
308,78,1432,42.5,21.324,15.299,0,483
308,78,1432,43,21.314,15.289,0,483.5
308,78,1432,43.5,21.314,15.289,0,484
308,78,1432,44,21.314,15.289,0,484.5
308,78,1432,44.5,21.314,15.289,0,485
308,78,1432,45,21.314,15.289,0,485.5
308,78,1432,45.5,21.324,15.299,0,486
308,78,1432,46,21.324,15.299,0,486.5
308,78,1432,46.5,21.322,15.309,0,487
308,78,1432,47,21.289,15.289,0,487.5
308,78,1432,47.5,21.314,15.289,0,488
308,78,1432,48,21.301,15.289,0,488.5
308,78,1432,48.5,21.289,15.289,0,489
308,78,1432,49,21.299,15.299,0,489.5
308,78,1432,49.5,21.299,15.299,0,490
308,78,1432,50,21.322,15.309,0,490.5
308,78,1432,50.5,21.312,15.299,0,491
308,78,1432,51,21.309,15.309,0,491.5
308,78,1432,51.5,21.289,15.289,0,492
308,78,1432,52,21.299,15.299,0,492.5
308,78,1432,52.5,21.299,15.299,0,493
308,78,1432,53,21.287,15.299,0,493.5
308,78,1432,53.5,21.32,15.32,0,494
308,78,1432,54,21.309,15.309,0,494.5
308,78,1432,54.5,21.297,15.309,0,495
308,78,1432,55,21.297,15.309,0,495.5
308,78,1432,55.5,21.287,15.299,0,496
308,78,1432,56,21.287,15.299,0,496.5
308,78,1432,56.5,21.287,15.299,0,497
308,78,1432,57,21.32,15.32,0,497.5
308,78,1432,57.5,21.307,15.32,0,498
308,78,1432,58,21.295,15.32,0,498.5
308,78,1432,58.5,21.285,15.31,0,499
308,78,1432,59,21.285,15.31,0,499.5
308,78,1432,59.5,21.285,15.31,0,500
308,78,1433,0,21.262,15.299,0,500.5
308,78,1433,0.5,21.285,15.31,0,501
308,78,1433,1,21.285,15.31,0,501.5
308,78,1433,1.5,21.283,15.32,0,502
308,78,1433,2,21.295,15.32,0,502.5
308,78,1433,2.5,21.273,15.31,0,503
308,78,1433,3,21.285,15.31,0,503.5
308,78,1433,3.5,21.283,15.32,0,504
308,78,1433,4,21.273,15.31,0,504.5
308,78,1433,4.5,21.293,15.33,0,505
308,78,1433,5,21.283,15.32,0,505.5
308,78,1433,5.5,21.27,15.32,0,506
308,78,1433,6,21.27,15.32,0,506.5
308,78,1433,6.5,21.273,15.31,0,507
308,78,1433,7,21.26,15.31,0,507.5
308,78,1433,7.5,21.281,15.33,0,508
308,78,1433,8,21.27,15.32,0,508.5
308,78,1433,8.5,21.27,15.32,0,509
308,78,1433,9,21.281,15.33,0,509.5
308,78,1433,9.5,21.27,15.32,0,510
308,78,1433,10,21.27,15.32,0,510.5
308,78,1433,10.5,21.281,15.33,0,511
308,78,1433,11,21.281,15.33,0,511.5
308,78,1433,11.5,21.281,15.33,0,512
308,78,1433,12,21.281,15.33,0,512.5
308,78,1433,12.5,21.258,15.32,0,513
308,78,1433,13,21.291,15.341,0,513.5
308,78,1433,13.5,21.268,15.33,0,514
308,78,1433,14,21.258,15.32,0,514.5
308,78,1433,14.5,21.281,15.33,0,515
308,78,1433,15,21.266,15.341,0,515.5
308,78,1433,15.5,21.281,15.33,0,516
308,78,1433,16,21.268,15.33,0,516.5
308,78,1433,16.5,21.278,15.341,0,517
308,78,1433,17,21.281,15.33,0,517.5
308,78,1433,17.5,21.266,15.341,0,518
308,78,1433,18,21.268,15.33,0,518.5
308,78,1433,18.5,21.256,15.33,0,519
308,78,1433,19,21.266,15.341,0,519.5
308,78,1433,19.5,21.266,15.341,0,520
308,78,1433,20,21.266,15.341,0,520.5
308,78,1433,20.5,21.256,15.33,0,521
308,78,1433,21,21.268,15.33,0,521.5
308,78,1433,21.5,21.256,15.33,0,522
308,78,1433,22,21.256,15.33,0,522.5
308,78,1433,22.5,21.256,15.33,0,523
308,78,1433,23,21.266,15.341,0,523.5
308,78,1433,23.5,21.266,15.341,0.32149,524
308,78,1433,24,21.254,15.341,0.32149,524.5
308,78,1433,24.5,21.254,15.341,0.32149,525
308,78,1433,25,21.276,15.351,0,525.5
308,78,1433,25.5,21.266,15.341,0,526
308,78,1433,26,21.266,15.341,0.32149,526.5
308,78,1433,26.5,21.254,15.341,0,527
308,78,1433,27,21.264,15.351,0,527.5
308,78,1433,27.5,21.264,15.351,0,528
308,78,1433,28,21.276,15.351,0,528.5
308,78,1433,28.5,21.254,15.341,0,529
308,78,1433,29,21.266,15.341,0,529.5
308,78,1433,29.5,21.254,15.341,0,530
308,78,1433,30,21.264,15.351,0,530.5
308,78,1433,30.5,21.251,15.351,0,531
308,78,1433,31,21.286,15.361,0,531.5
308,78,1433,31.5,21.251,15.351,0,532
308,78,1433,32,21.276,15.351,0,532.5
308,78,1433,32.5,21.262,15.361,0,533
308,78,1433,33,21.251,15.351,0,533.5
308,78,1433,33.5,21.264,15.351,0,534
308,78,1433,34,21.262,15.361,0,534.5
308,78,1433,34.5,21.264,15.351,0,535
308,78,1433,35,21.251,15.351,0,535.5
308,78,1433,35.5,21.262,15.361,0,536
308,78,1433,36,21.262,15.361,0,536.5
308,78,1433,36.5,21.251,15.351,0,537
308,78,1433,37,21.251,15.351,0,537.5
308,78,1433,37.5,21.262,15.361,0,538
308,78,1433,38,21.262,15.361,0,538.5
308,78,1433,38.5,21.262,15.361,0,539
308,78,1433,39,21.249,15.361,0,539.5
308,78,1433,39.5,21.249,15.361,0,540
308,78,1433,40,21.249,15.361,0,540.5
308,78,1433,40.5,21.262,15.361,0,541
308,78,1433,41,21.237,15.361,0,541.5
308,78,1433,41.5,21.272,15.371,0,542
308,78,1433,42,21.262,15.361,0,542.5
308,78,1433,42.5,21.272,15.371,0,543
308,78,1433,43,21.262,15.361,0,543.5
308,78,1433,43.5,21.247,15.371,0,544
308,78,1433,44,21.257,15.382,0,544.5
308,78,1433,44.5,21.237,15.361,0,545
308,78,1433,45,21.237,15.361,0,545.5
308,78,1433,45.5,21.249,15.361,0,546
308,78,1433,46,21.237,15.361,0,546.5
308,78,1433,46.5,21.237,15.361,0,547
308,78,1433,47,21.247,15.371,0,547.5
308,78,1433,47.5,21.257,15.382,0,548
308,78,1433,48,21.267,15.392,0,548.5
308,78,1433,48.5,21.237,15.361,0,549
308,78,1433,49,21.237,15.361,0,549.5
308,78,1433,49.5,21.235,15.371,0,550
308,78,1433,50,21.247,15.371,0,550.5
308,78,1433,50.5,21.235,15.371,0,551
308,78,1433,51,21.247,15.371,0,551.5
308,78,1433,51.5,21.257,15.382,0,552
308,78,1433,52,21.247,15.371,0,552.5
308,78,1433,52.5,21.257,15.382,0,553
308,78,1433,53,21.235,15.371,0,553.5
308,78,1433,53.5,21.257,15.382,0,554
308,78,1433,54,21.235,15.371,0,554.5
308,78,1433,54.5,21.232,15.382,0,555
308,78,1433,55,21.257,15.382,0,555.5
308,78,1433,55.5,21.243,15.392,0,556
308,78,1433,56,21.235,15.371,0,556.5
308,78,1433,56.5,21.243,15.392,0,557
308,78,1433,57,21.232,15.382,0,557.5
308,78,1433,57.5,21.232,15.382,0,558
308,78,1433,58,21.232,15.382,0,558.5
308,78,1433,58.5,21.232,15.382,0,559
308,78,1433,59,21.243,15.392,0,559.5
308,78,1433,59.5,21.232,15.382,0,560
308,78,1434,0,21.232,15.382,0,560.5
308,78,1434,0.5,21.232,15.382,0,561
308,78,1434,1,21.232,15.382,0,561.5
308,78,1434,1.5,21.253,15.402,0,562
308,78,1434,2,21.243,15.392,0,562.5
308,78,1434,2.5,21.232,15.382,0,563
308,78,1434,3,21.23,15.392,0,563.5
308,78,1434,3.5,21.23,15.392,0,564
308,78,1434,4,21.232,15.382,0,564.5
308,78,1434,4.5,21.253,15.402,0,565
308,78,1434,5,21.243,15.392,0,565.5
308,78,1434,5.5,21.243,15.392,0,566
308,78,1434,6,21.23,15.392,0,566.5
308,78,1434,6.5,21.253,15.402,0,567
308,78,1434,7,21.218,15.392,0,567.5
308,78,1434,7.5,21.251,15.413,0,568
308,78,1434,8,21.228,15.402,0,568.5
308,78,1434,8.5,21.228,15.402,0,569
308,78,1434,9,21.251,15.413,0,569.5
308,78,1434,9.5,21.24,15.402,0,570
308,78,1434,10,21.251,15.413,0,570.5
308,78,1434,10.5,21.218,15.392,0,571
308,78,1434,11,21.228,15.402,0,571.5
308,78,1434,11.5,21.218,15.392,0,572
308,78,1434,12,21.228,15.402,0,572.5
308,78,1434,12.5,21.248,15.423,0,573
308,78,1434,13,21.213,15.413,0,573.5
308,78,1434,13.5,21.226,15.413,0,574
308,78,1434,14,21.203,15.402,0,574.5
308,78,1434,14.5,21.216,15.402,0,575
308,78,1434,15,21.238,15.413,0,575.5
308,78,1434,15.5,21.226,15.413,0,576
308,78,1434,16,21.238,15.413,0,576.5
308,78,1434,16.5,21.226,15.413,0,577
308,78,1434,17,21.213,15.413,0,577.5
308,78,1434,17.5,21.216,15.402,0,578
308,78,1434,18,21.213,15.413,0,578.5
308,78,1434,18.5,21.201,15.413,0,579
308,78,1434,19,21.238,15.413,0,579.5
308,78,1434,19.5,21.224,15.423,0,580
308,78,1434,20,21.213,15.413,0,580.5
308,78,1434,20.5,21.203,15.402,0,581
308,78,1434,21,21.224,15.423,0,581.5
308,78,1434,21.5,21.213,15.413,0,582
308,78,1434,22,21.211,15.423,0,582.5
308,78,1434,22.5,21.211,15.423,0,583
308,78,1434,23,21.224,15.423,0,583.5
308,78,1434,23.5,21.234,15.433,0,584
308,78,1434,24,21.201,15.413,0,584.5
308,78,1434,24.5,21.201,15.413,0,585
308,78,1434,25,21.221,15.433,0,585.5
308,78,1434,25.5,21.221,15.433,0,586
308,78,1434,26,21.221,15.433,0,586.5
308,78,1434,26.5,21.211,15.423,0,587
308,78,1434,27,21.199,15.423,0,587.5
308,78,1434,27.5,21.211,15.423,0,588
308,78,1434,28,21.224,15.423,0,588.5
308,78,1434,28.5,21.213,15.413,0,589
308,78,1434,29,21.199,15.423,0,589.5
308,78,1434,29.5,21.211,15.423,0,590
308,78,1434,30,21.199,15.423,0,590.5
308,78,1434,30.5,21.211,15.423,0,591
308,78,1434,31,21.209,15.433,0,591.5
308,78,1434,31.5,21.209,15.433,0,592
308,78,1434,32,21.199,15.423,0,592.5
308,78,1434,32.5,21.209,15.433,0,593
308,78,1434,33,21.209,15.433,0,593.5
308,78,1434,33.5,21.199,15.423,0,594
308,78,1434,34,21.209,15.433,0,594.5
308,78,1434,34.5,21.219,15.444,0,595
308,78,1434,35,21.209,15.433,0,595.5
308,78,1434,35.5,21.219,15.444,0,596
308,78,1434,36,21.209,15.433,0,596.5
308,78,1434,36.5,21.219,15.444,0,597
308,78,1434,37,21.209,15.433,0,597.5
308,78,1434,37.5,21.209,15.433,0,598
308,78,1434,38,21.209,15.433,0,598.5
308,78,1434,38.5,21.209,15.433,0,599
308,78,1434,39,21.209,15.433,0,599.5
308,78,1434,39.5,21.209,15.433,0,600
308,78,1434,40,21.219,15.444,0,600.5
308,78,1434,40.5,21.209,15.433,0,601
308,78,1434,41,21.197,15.433,0,601.5
308,78,1434,41.5,21.199,15.423,0,602
308,78,1434,42,21.209,15.433,0,602.5
308,78,1434,42.5,21.219,15.444,0,603
308,78,1434,43,21.219,15.444,0,603.5
308,78,1434,43.5,21.197,15.433,0,604
308,78,1434,44,21.207,15.444,0,604.5
308,78,1434,44.5,21.217,15.454,0,605
308,78,1434,45,21.219,15.444,0,605.5
308,78,1434,45.5,21.207,15.444,0,606
308,78,1434,46,21.217,15.454,0,606.5
308,78,1434,46.5,21.207,15.444,0,607
308,78,1434,47,21.219,15.444,0,607.5
308,78,1434,47.5,21.205,15.454,0,608
308,78,1434,48,21.205,15.454,0,608.5
308,78,1434,48.5,21.217,15.454,0,609
308,78,1434,49,21.24,15.464,0,609.5
308,78,1434,49.5,21.205,15.454,0,610
308,78,1434,50,21.205,15.454,0,610.5
308,78,1434,50.5,21.215,15.464,0,611
308,78,1434,51,21.192,15.454,0,611.5
308,78,1434,51.5,21.227,15.464,0,612
308,78,1434,52,21.205,15.454,0,612.5
308,78,1434,52.5,21.205,15.454,0,613
308,78,1434,53,21.205,15.454,0,613.5
308,78,1434,53.5,21.215,15.464,0,614
308,78,1434,54,21.192,15.454,0,614.5
308,78,1434,54.5,21.215,15.464,0,615
308,78,1434,55,21.19,15.464,0,615.5
308,78,1434,55.5,21.18,15.454,0,616
308,78,1434,56,21.205,15.454,0,616.5
308,78,1434,56.5,21.202,15.464,0,617
308,78,1434,57,21.192,15.454,0,617.5
308,78,1434,57.5,21.192,15.454,0,618
308,78,1434,58,21.19,15.464,0,618.5
308,78,1434,58.5,21.18,15.454,0,619
308,78,1434,59,21.225,15.474,0,619.5
308,78,1434,59.5,21.2,15.474,0,620
308,78,1435,0,21.202,15.464,0,620.5
308,78,1435,0.5,21.18,15.454,0,621
308,78,1435,1,21.2,15.474,0,621.5
308,78,1435,1.5,21.18,15.454,0,622
308,78,1435,2,21.19,15.464,0,622.5
308,78,1435,2.5,21.19,15.464,0,623
308,78,1435,3,21.19,15.464,0,623.5
308,78,1435,3.5,21.18,15.454,0,624
308,78,1435,4,21.21,15.485,0,624.5
308,78,1435,4.5,21.19,15.464,0,625
308,78,1435,5,21.21,15.485,0,625.5
308,78,1435,5.5,21.2,15.474,0,626
308,78,1435,6,21.188,15.474,0,626.5
308,78,1435,6.5,21.19,15.464,0,627
308,78,1435,7,21.2,15.474,0,627.5
308,78,1435,7.5,21.188,15.474,0,628
308,78,1435,8,21.188,15.474,0,628.5
308,78,1435,8.5,21.21,15.485,0,629
308,78,1435,9,21.198,15.485,0,629.5
308,78,1435,9.5,21.198,15.485,0,630
308,78,1435,10,21.21,15.485,0,630.5
308,78,1435,10.5,21.176,15.474,0,631
308,78,1435,11,21.198,15.485,0,631.5
308,78,1435,11.5,21.188,15.474,0,632
308,78,1435,12,21.188,15.474,0,632.5
308,78,1435,12.5,21.188,15.474,0,633
308,78,1435,13,21.186,15.485,0,633.5
308,78,1435,13.5,21.221,15.495,0,634
308,78,1435,14,21.206,15.505,0,634.5
308,78,1435,14.5,21.208,15.495,0,635
308,78,1435,15,21.188,15.474,0,635.5
308,78,1435,15.5,21.198,15.485,0,636
308,78,1435,16,21.186,15.485,0,636.5
308,78,1435,16.5,21.186,15.485,0,637
308,78,1435,17,21.208,15.495,0,637.5
308,78,1435,17.5,21.198,15.485,0,638
308,78,1435,18,21.196,15.495,0,638.5
308,78,1435,18.5,21.198,15.485,0,639
308,78,1435,19,21.186,15.485,0,639.5
308,78,1435,19.5,21.184,15.495,0,640
308,78,1435,20,21.206,15.505,0,640.5
308,78,1435,20.5,21.196,15.495,0,641
308,78,1435,21,21.196,15.495,0,641.5
308,78,1435,21.5,21.184,15.495,0,642
308,78,1435,22,21.186,15.485,0,642.5
308,78,1435,22.5,21.173,15.485,0,643
308,78,1435,23,21.206,15.505,0,643.5
308,78,1435,23.5,21.194,15.505,0,644
308,78,1435,24,21.216,15.516,0,644.5
308,78,1435,24.5,21.196,15.495,0,645
308,78,1435,25,21.196,15.495,0,645.5
308,78,1435,25.5,21.181,15.505,0,646
308,78,1435,26,21.204,15.516,0,646.5
308,78,1435,26.5,21.171,15.495,0,647
308,78,1435,27,21.171,15.495,0,647.5
308,78,1435,27.5,21.181,15.505,0,648
308,78,1435,28,21.181,15.505,0,648.5
308,78,1435,28.5,21.181,15.505,0,649
308,78,1435,29,21.184,15.495,0,649.5
308,78,1435,29.5,21.194,15.505,0,650
308,78,1435,30,21.192,15.516,0,650.5
308,78,1435,30.5,21.181,15.505,0,651
308,78,1435,31,21.171,15.495,0,651.5
308,78,1435,31.5,21.181,15.505,0,652
308,78,1435,32,21.192,15.516,0,652.5
308,78,1435,32.5,21.181,15.505,0,653
308,78,1435,33,21.181,15.505,0,653.5
308,78,1435,33.5,21.192,15.516,0,654
308,78,1435,34,21.171,15.495,0,654.5
308,78,1435,34.5,21.169,15.505,0,655
308,78,1435,35,21.171,15.495,0,655.5
308,78,1435,35.5,21.181,15.505,0,656
308,78,1435,36,21.179,15.516,0,656.5
308,78,1435,36.5,21.192,15.516,0,657
308,78,1435,37,21.179,15.516,0,657.5
308,78,1435,37.5,21.202,15.526,0,658
308,78,1435,38,21.167,15.516,0,658.5
308,78,1435,38.5,21.167,15.516,0,659
308,78,1435,39,21.169,15.505,0,659.5
308,78,1435,39.5,21.179,15.516,0,660
308,78,1435,40,21.167,15.516,0,660.5
308,78,1435,40.5,21.167,15.516,0,661
308,78,1435,41,21.192,15.516,0,661.5
308,78,1435,41.5,21.177,15.526,0,662
308,78,1435,42,21.157,15.505,0,662.5
308,78,1435,42.5,21.167,15.516,0,663
308,78,1435,43,21.177,15.526,0,663.5
308,78,1435,43.5,21.167,15.516,0,664
308,78,1435,44,21.167,15.516,0,664.5
308,78,1435,44.5,21.177,15.526,0,665
308,78,1435,45,21.165,15.526,0,665.5
308,78,1435,45.5,21.154,15.516,0,666
308,78,1435,46,21.177,15.526,0,666.5
308,78,1435,46.5,21.177,15.526,0,667
308,78,1435,47,21.152,15.526,0,667.5
308,78,1435,47.5,21.154,15.516,0,668
308,78,1435,48,21.152,15.526,0,668.5
308,78,1435,48.5,21.175,15.536,0,669
308,78,1435,49,21.152,15.526,0,669.5
308,78,1435,49.5,21.165,15.526,0,670
308,78,1435,50,21.152,15.526,0,670.5
308,78,1435,50.5,21.142,15.516,0,671
308,78,1435,51,21.152,15.526,0,671.5
308,78,1435,51.5,21.165,15.526,0,672
308,78,1435,52,21.165,15.526,0,672.5
308,78,1435,52.5,21.152,15.526,0,673
308,78,1435,53,21.162,15.536,0,673.5
308,78,1435,53.5,21.152,15.526,0,674
308,78,1435,54,21.163,15.537,0,674.5
308,78,1435,54.5,21.163,15.537,0,675
308,78,1435,55,21.163,15.537,0,675.5
308,78,1435,55.5,21.153,15.527,0,676
308,78,1435,56,21.153,15.527,0,676.5
308,78,1435,56.5,21.163,15.537,0,677
308,78,1435,57,21.173,15.547,0,677.5
308,78,1435,57.5,21.163,15.537,0,678
308,78,1435,58,21.163,15.537,0,678.5
308,78,1435,58.5,21.163,15.537,0,679
308,78,1435,59,21.163,15.537,0,679.5
308,78,1435,59.5,21.173,15.547,0,680
308,78,1436,0,21.153,15.527,0,680.5
308,78,1436,0.5,21.173,15.547,0,681
308,78,1436,1,21.173,15.547,0,681.5
308,78,1436,1.5,21.163,15.537,0,682
308,78,1436,2,21.163,15.537,0,682.5
308,78,1436,2.5,21.173,15.547,0,683
308,78,1436,3,21.161,15.547,0,683.5
308,78,1436,3.5,21.161,15.547,0,684
308,78,1436,4,21.161,15.547,0,684.5
308,78,1436,4.5,21.148,15.547,0,685
308,78,1436,5,21.148,15.547,0,685.5
308,78,1436,5.5,21.148,15.547,0,686
308,78,1436,6,21.138,15.537,0,686.5
308,78,1436,6.5,21.148,15.547,0,687
308,78,1436,7,21.158,15.557,0,687.5
308,78,1436,7.5,21.148,15.547,0,688
308,78,1436,8,21.158,15.557,0,688.5
308,78,1436,8.5,21.138,15.537,0,689
308,78,1436,9,21.169,15.568,0,689.5
308,78,1436,9.5,21.158,15.557,0,690
308,78,1436,10,21.171,15.557,0,690.5
308,78,1436,10.5,21.158,15.557,0,691
308,78,1436,11,21.148,15.547,0,691.5
308,78,1436,11.5,21.148,15.547,0,692
308,78,1436,12,21.169,15.568,0,692.5
308,78,1436,12.5,21.148,15.547,0,693
308,78,1436,13,21.169,15.568,0,693.5
308,78,1436,13.5,21.169,15.568,0,694
308,78,1436,14,21.158,15.557,0,694.5
308,78,1436,14.5,21.158,15.557,0,695
308,78,1436,15,21.169,15.568,0,695.5
308,78,1436,15.5,21.148,15.547,0,696
308,78,1436,16,21.158,15.557,0,696.5
308,78,1436,16.5,21.158,15.557,0,697
308,78,1436,17,21.146,15.557,0,697.5
308,78,1436,17.5,21.148,15.547,0,698
308,78,1436,18,21.169,15.568,0,698.5
308,78,1436,18.5,21.146,15.557,0,699
308,78,1436,19,21.158,15.557,0,699.5
308,78,1436,19.5,21.144,15.568,0,700
308,78,1436,20,21.156,15.568,0,700.5
308,78,1436,20.5,21.156,15.568,0,701
308,78,1436,21,21.156,15.568,0,701.5
308,78,1436,21.5,21.144,15.568,0,702
308,78,1436,22,21.179,15.578,0,702.5
308,78,1436,22.5,21.167,15.578,0,703
308,78,1436,23,21.134,15.557,0,703.5
308,78,1436,23.5,21.144,15.568,0,704
308,78,1436,24,21.156,15.568,0,704.5
308,78,1436,24.5,21.144,15.568,0,705
308,78,1436,25,21.144,15.568,0,705.5
308,78,1436,25.5,21.144,15.568,0,706
308,78,1436,26,21.154,15.578,0,706.5
308,78,1436,26.5,21.154,15.578,0,707
308,78,1436,27,21.154,15.578,0,707.5
308,78,1436,27.5,21.144,15.568,0,708
308,78,1436,28,21.144,15.568,0,708.5
308,78,1436,28.5,21.154,15.578,0,709
308,78,1436,29,21.164,15.588,0,709.5
308,78,1436,29.5,21.144,15.568,0,710
308,78,1436,30,21.164,15.588,0,710.5
308,78,1436,30.5,21.164,15.588,0,711
308,78,1436,31,21.154,15.578,0,711.5
308,78,1436,31.5,21.154,15.578,0,712
308,78,1436,32,21.144,15.568,0,712.5
308,78,1436,32.5,21.164,15.588,0,713
308,78,1436,33,21.185,15.609,0,713.5
308,78,1436,33.5,21.154,15.578,0,714
308,78,1436,34,21.164,15.588,0,714.5
308,78,1436,34.5,21.164,15.588,0,715
308,78,1436,35,21.154,15.578,0,715.5
308,78,1436,35.5,21.164,15.588,0,716
308,78,1436,36,21.154,15.578,0,716.5
308,78,1436,36.5,21.154,15.578,0,717
308,78,1436,37,21.164,15.588,0,717.5
308,78,1436,37.5,21.185,15.609,0,718
308,78,1436,38,21.164,15.588,0,718.5
308,78,1436,38.5,21.164,15.588,0,719
308,78,1436,39,21.152,15.588,0,719.5
308,78,1436,39.5,21.152,15.588,0,720
308,78,1436,40,21.185,15.609,0,720.5
308,78,1436,40.5,21.175,15.599,0,721
308,78,1436,41,21.172,15.609,0,721.5
308,78,1436,41.5,21.185,15.609,0,722
308,78,1436,42,21.175,15.599,0,722.5
308,78,1436,42.5,21.175,15.599,0,723
308,78,1436,43,21.164,15.588,0,723.5
308,78,1436,43.5,21.175,15.599,0,724
308,78,1436,44,21.172,15.609,0,724.5
308,78,1436,44.5,21.15,15.599,0,725
308,78,1436,45,21.164,15.588,0,725.5
308,78,1436,45.5,21.152,15.588,0,726
308,78,1436,46,21.16,15.609,0,726.5
308,78,1436,46.5,21.162,15.599,0,727
308,78,1436,47,21.15,15.599,0,727.5
308,78,1436,47.5,21.137,15.599,0,728
308,78,1436,48,21.148,15.609,0,728.5
308,78,1436,48.5,21.16,15.609,0,729
308,78,1436,49,21.137,15.599,0,729.5
308,78,1436,49.5,21.135,15.609,0,730
308,78,1436,50,21.137,15.599,0,730.5
308,78,1436,50.5,21.137,15.599,0,731
308,78,1436,51,21.125,15.599,0,731.5
308,78,1436,51.5,21.135,15.609,0,732
308,78,1436,52,21.148,15.609,0,732.5
308,78,1436,52.5,21.158,15.619,0,733
308,78,1436,53,21.145,15.619,0,733.5
308,78,1436,53.5,21.125,15.599,0,734
308,78,1436,54,21.145,15.619,0,734.5
308,78,1436,54.5,21.135,15.609,0,735
308,78,1436,55,21.135,15.609,0,735.5
308,78,1436,55.5,21.145,15.619,0,736
308,78,1436,56,21.125,15.599,0,736.5
308,78,1436,56.5,21.125,15.599,0,737
308,78,1436,57,21.135,15.609,0,737.5
308,78,1436,57.5,21.145,15.619,0,738
308,78,1436,58,21.135,15.609,0,738.5
308,78,1436,58.5,21.135,15.609,0,739
308,78,1436,59,21.156,15.63,0,739.5
308,78,1436,59.5,21.135,15.609,0,740
308,78,1437,0,21.145,15.619,0,740.5
308,78,1437,0.5,21.145,15.619,0,741
308,78,1437,1,21.145,15.619,0,741.5
308,78,1437,1.5,21.125,15.599,0,742
308,78,1437,2,21.145,15.619,0,742.5
308,78,1437,2.5,21.145,15.619,0,743
308,78,1437,3,21.145,15.619,0,743.5
308,78,1437,3.5,21.156,15.63,0,744
308,78,1437,4,21.145,15.619,0,744.5
308,78,1437,4.5,21.145,15.619,0,745
308,78,1437,5,21.156,15.63,0,745.5
308,78,1437,5.5,21.156,15.63,0,746
308,78,1437,6,21.135,15.609,0,746.5
308,78,1437,6.5,21.145,15.619,0,747
308,78,1437,7,21.156,15.63,0,747.5
308,78,1437,7.5,21.145,15.619,0,748
308,78,1437,8,21.156,15.63,0,748.5
308,78,1437,8.5,21.166,15.64,0,749
308,78,1437,9,21.156,15.63,0,749.5
308,78,1437,9.5,21.145,15.619,0,750
308,78,1437,10,21.156,15.63,0,750.5
308,78,1437,10.5,21.133,15.619,0,751
308,78,1437,11,21.156,15.63,0,751.5
308,78,1437,11.5,21.143,15.63,0,752
308,78,1437,12,21.176,15.65,0,752.5
308,78,1437,12.5,21.143,15.63,0,753
308,78,1437,13,21.156,15.63,0,753.5
308,78,1437,13.5,21.154,15.64,0,754
308,78,1437,14,21.156,15.63,0,754.5
308,78,1437,14.5,21.156,15.63,0,755
308,78,1437,15,21.143,15.63,0,755.5
308,78,1437,15.5,21.166,15.64,0,756
308,78,1437,16,21.164,15.65,0,756.5
308,78,1437,16.5,21.121,15.619,0,757
308,78,1437,17,21.154,15.64,0,757.5
308,78,1437,17.5,21.141,15.64,0,758
308,78,1437,18,21.131,15.63,0,758.5
308,78,1437,18.5,21.131,15.63,0,759
308,78,1437,19,21.154,15.64,0,759.5
308,78,1437,19.5,21.151,15.65,0,760
308,78,1437,20,21.151,15.65,0,760.5
308,78,1437,20.5,21.129,15.64,0,761
308,78,1437,21,21.151,15.65,0,761.5
308,78,1437,21.5,21.141,15.64,0,762
308,78,1437,22,21.151,15.65,0,762.5
308,78,1437,22.5,21.151,15.65,0,763
308,78,1437,23,21.162,15.661,0,763.5
308,78,1437,23.5,21.151,15.65,0,764
308,78,1437,24,21.151,15.65,0,764.5
308,78,1437,24.5,21.141,15.64,0,765
308,78,1437,25,21.151,15.65,0,765.5
308,78,1437,25.5,21.162,15.661,0,766
308,78,1437,26,21.151,15.65,0,766.5
308,78,1437,26.5,21.151,15.65,0,767
308,78,1437,27,21.139,15.65,0,767.5
308,78,1437,27.5,21.151,15.65,0,768
308,78,1437,28,21.151,15.65,0,768.5
308,78,1437,28.5,21.139,15.65,0,769
308,78,1437,29,21.151,15.65,0,769.5
308,78,1437,29.5,21.139,15.65,0,770
308,78,1437,30,21.162,15.661,0,770.5
308,78,1437,30.5,21.139,15.65,0,771
308,78,1437,31,21.127,15.65,0,771.5
308,78,1437,31.5,21.147,15.671,0,772
308,78,1437,32,21.149,15.661,0,772.5
308,78,1437,32.5,21.139,15.65,0,773
308,78,1437,33,21.151,15.65,0,773.5
308,78,1437,33.5,21.149,15.661,0,774
308,78,1437,34,21.139,15.65,0,774.5
308,78,1437,34.5,21.137,15.661,0,775
308,78,1437,35,21.147,15.671,0,775.5
308,78,1437,35.5,21.137,15.661,0,776
308,78,1437,36,21.147,15.671,0,776.5
308,78,1437,36.5,21.137,15.661,0,777
308,78,1437,37,21.159,15.671,0,777.5
308,78,1437,37.5,21.137,15.661,0,778
308,78,1437,38,21.137,15.661,0,778.5
308,78,1437,38.5,21.147,15.671,0,779
308,78,1437,39,21.137,15.661,0,779.5
308,78,1437,39.5,21.137,15.661,0,780
308,78,1437,40,21.137,15.661,0,780.5
308,78,1437,40.5,21.137,15.661,0,781
308,78,1437,41,21.147,15.671,0,781.5
308,78,1437,41.5,21.147,15.671,0,782
308,78,1437,42,21.147,15.671,0,782.5
308,78,1437,42.5,21.157,15.682,0,783
308,78,1437,43,21.157,15.682,0,783.5
308,78,1437,43.5,21.147,15.671,0,784
308,78,1437,44,21.147,15.671,0,784.5
308,78,1437,44.5,21.147,15.671,0,785
308,78,1437,45,21.157,15.682,0,785.5
308,78,1437,45.5,21.157,15.682,0,786
308,78,1437,46,21.147,15.671,0,786.5
308,78,1437,46.5,21.168,15.692,0,787
308,78,1437,47,21.168,15.692,0,787.5
308,78,1437,47.5,21.124,15.661,0,788
308,78,1437,48,21.122,15.671,0,788.5
308,78,1437,48.5,21.122,15.671,0,789
308,78,1437,49,21.133,15.682,0,789.5
308,78,1437,49.5,21.133,15.682,0,790
308,78,1437,50,21.143,15.692,0,790.5
308,78,1437,50.5,21.155,15.692,0,791
308,78,1437,51,21.133,15.682,0,791.5
308,78,1437,51.5,21.145,15.682,0,792
308,78,1437,52,21.145,15.682,0,792.5
308,78,1437,52.5,21.133,15.682,0,793
308,78,1437,53,21.168,15.692,0,793.5
308,78,1437,53.5,21.165,15.702,0,794
308,78,1437,54,21.155,15.692,0,794.5
308,78,1437,54.5,21.143,15.692,0,795
308,78,1437,55,21.133,15.682,0,795.5
308,78,1437,55.5,21.143,15.692,0,796
308,78,1437,56,21.12,15.682,0,796.5
308,78,1437,56.5,21.168,15.692,0,797
308,78,1437,57,21.12,15.682,0,797.5
308,78,1437,57.5,21.13,15.692,0,798
308,78,1437,58,21.143,15.692,0,798.5
308,78,1437,58.5,21.118,15.692,0,799
308,78,1437,59,21.118,15.692,0,799.5
308,78,1437,59.5,21.13,15.692,0,800
308,78,1438,0,21.153,15.702,0,800.5
308,78,1438,0.5,21.118,15.692,0,801
308,78,1438,1,21.13,15.692,0,801.5
308,78,1438,1.5,21.118,15.692,0,802
308,78,1438,2,21.128,15.702,0,802.5
308,78,1438,2.5,21.13,15.692,0,803
308,78,1438,3,21.13,15.692,0,803.5
308,78,1438,3.5,21.128,15.702,0,804
308,78,1438,4,21.128,15.702,0,804.5
308,78,1438,4.5,21.128,15.702,0,805
308,78,1438,5,21.128,15.702,0,805.5
308,78,1438,5.5,21.139,15.713,0,806
308,78,1438,6,21.139,15.713,0,806.5
308,78,1438,6.5,21.128,15.702,0,807
308,78,1438,7,21.118,15.692,0,807.5
308,78,1438,7.5,21.118,15.692,0,808
308,78,1438,8,21.128,15.702,0,808.5
308,78,1438,8.5,21.118,15.692,0,809
308,78,1438,9,21.128,15.702,0,809.5
308,78,1438,9.5,21.128,15.702,0,810
308,78,1438,10,21.128,15.702,0,810.5
308,78,1438,10.5,21.128,15.702,0,811
308,78,1438,11,21.128,15.702,0,811.5
308,78,1438,11.5,21.128,15.702,0,812
308,78,1438,12,21.139,15.713,0,812.5
308,78,1438,12.5,21.128,15.702,0,813
308,78,1438,13,21.139,15.713,0,813.5
308,78,1438,13.5,21.128,15.702,0,814
308,78,1438,14,21.139,15.713,0,814.5
308,78,1438,14.5,21.139,15.713,0,815
308,78,1438,15,21.139,15.713,0,815.5
308,78,1438,15.5,21.139,15.713,0,816
308,78,1438,16,21.139,15.713,0,816.5
308,78,1438,16.5,21.116,15.702,0,817
308,78,1438,17,21.139,15.713,0,817.5
308,78,1438,17.5,21.126,15.713,0,818
308,78,1438,18,21.126,15.713,0,818.5
308,78,1438,18.5,21.124,15.723,0,819
308,78,1438,19,21.114,15.713,0,819.5
308,78,1438,19.5,21.124,15.723,0,820
308,78,1438,20,21.126,15.713,0,820.5
308,78,1438,20.5,21.124,15.723,0,821
308,78,1438,21,21.104,15.702,0,821.5
308,78,1438,21.5,21.136,15.723,0,822
308,78,1438,22,21.114,15.713,0,822.5
308,78,1438,22.5,21.136,15.723,0,823
308,78,1438,23,21.124,15.723,0,823.5
308,78,1438,23.5,21.134,15.733,0,824
308,78,1438,24,21.124,15.723,0,824.5
308,78,1438,24.5,21.112,15.723,0,825
308,78,1438,25,21.134,15.733,0,825.5
308,78,1438,25.5,21.134,15.733,0,826
308,78,1438,26,21.112,15.723,0,826.5
308,78,1438,26.5,21.122,15.733,0,827
308,78,1438,27,21.109,15.733,0,827.5
308,78,1438,27.5,21.099,15.723,0,828
308,78,1438,28,21.109,15.733,0,828.5
308,78,1438,28.5,21.112,15.723,0,829
308,78,1438,29,21.112,15.723,0,829.5
308,78,1438,29.5,21.101,15.713,0,830
308,78,1438,30,21.099,15.723,0,830.5
308,78,1438,30.5,21.114,15.713,0,831
308,78,1438,31,21.122,15.733,0,831.5
308,78,1438,31.5,21.089,15.713,0,832
308,78,1438,32,21.134,15.733,0,832.5
308,78,1438,32.5,21.122,15.733,0,833
308,78,1438,33,21.12,15.744,0,833.5
308,78,1438,33.5,21.132,15.744,0,834
308,78,1438,34,21.12,15.744,0,834.5
308,78,1438,34.5,21.122,15.733,0,835
308,78,1438,35,21.12,15.744,0,835.5
308,78,1438,35.5,21.109,15.733,0,836
308,78,1438,36,21.099,15.723,0,836.5
308,78,1438,36.5,21.099,15.723,0,837
308,78,1438,37,21.12,15.744,0,837.5
308,78,1438,37.5,21.12,15.744,0,838
308,78,1438,38,21.12,15.744,0,838.5
308,78,1438,38.5,21.12,15.744,0,839
308,78,1438,39,21.13,15.754,0,839.5
308,78,1438,39.5,21.12,15.744,0,840
308,78,1438,40,21.12,15.744,0,840.5
308,78,1438,40.5,21.14,15.764,0,841
308,78,1438,41,21.109,15.733,0,841.5
308,78,1438,41.5,21.13,15.754,0,842
308,78,1438,42,21.109,15.733,0,842.5
308,78,1438,42.5,21.109,15.733,0,843
308,78,1438,43,21.109,15.733,0,843.5
308,78,1438,43.5,21.12,15.744,0,844
308,78,1438,44,21.13,15.754,0,844.5
308,78,1438,44.5,21.13,15.754,0,845
308,78,1438,45,21.14,15.764,0,845.5
308,78,1438,45.5,21.13,15.754,0,846
308,78,1438,46,21.12,15.744,0,846.5
308,78,1438,46.5,21.107,15.744,0,847
308,78,1438,47,21.13,15.754,0,847.5
308,78,1438,47.5,21.107,15.744,0,848
308,78,1438,48,21.13,15.754,0,848.5
308,78,1438,48.5,21.118,15.754,0,849
308,78,1438,49,21.118,15.754,0,849.5
308,78,1438,49.5,21.13,15.754,0,850
308,78,1438,50,21.13,15.754,0,850.5
308,78,1438,50.5,21.138,15.775,0,851
308,78,1438,51,21.117,15.754,0,851.5
308,78,1438,51.5,21.14,15.764,0,852
308,78,1438,52,21.117,15.754,0,852.5
308,78,1438,52.5,21.107,15.744,0,853
308,78,1438,53,21.14,15.764,0,853.5
308,78,1438,53.5,21.128,15.764,0,854
308,78,1438,54,21.128,15.764,0,854.5
308,78,1438,54.5,21.128,15.764,0,855
308,78,1438,55,21.115,15.764,0,855.5
308,78,1438,55.5,21.115,15.764,0,856
308,78,1438,56,21.117,15.754,0,856.5
308,78,1438,56.5,21.103,15.764,0,857
308,78,1438,57,21.115,15.764,0,857.5
308,78,1438,57.5,21.115,15.764,0,858
308,78,1438,58,21.103,15.764,0,858.5
308,78,1438,58.5,21.123,15.785,0,859
308,78,1438,59,21.103,15.764,0,859.5
308,78,1438,59.5,21.103,15.764,0,860
308,78,1439,0,21.138,15.775,0,860.5
308,78,1439,0.5,21.103,15.764,0,861
308,78,1439,1,21.103,15.764,0,861.5
308,78,1439,1.5,21.101,15.775,0,862
308,78,1439,2,21.103,15.764,0,862.5
308,78,1439,2.5,21.103,15.764,0,863
308,78,1439,3,21.091,15.764,0,863.5
308,78,1439,3.5,21.101,15.775,0,864
308,78,1439,4,21.113,15.775,0,864.5
308,78,1439,4.5,21.091,15.764,0,865
308,78,1439,5,21.113,15.775,0,865.5
308,78,1439,5.5,21.113,15.775,0,866
308,78,1439,6,21.091,15.764,0,866.5
308,78,1439,6.5,21.113,15.775,0,867
308,78,1439,7,21.101,15.775,0,867.5
308,78,1439,7.5,21.091,15.764,0,868
308,78,1439,8,21.091,15.764,0,868.5
308,78,1439,8.5,21.101,15.775,0,869
308,78,1439,9,21.111,15.785,0,869.5
308,78,1439,9.5,21.101,15.775,0,870
308,78,1439,10,21.101,15.775,0,870.5
308,78,1439,10.5,21.111,15.785,0,871
308,78,1439,11,21.111,15.785,0,871.5
308,78,1439,11.5,21.101,15.775,0,872
308,78,1439,12,21.111,15.785,0,872.5
308,78,1439,12.5,21.111,15.785,0,873
308,78,1439,13,21.111,15.785,0,873.5
308,78,1439,13.5,21.101,15.775,0,874
308,78,1439,14,21.121,15.795,0,874.5
308,78,1439,14.5,21.111,15.785,0,875
308,78,1439,15,21.101,15.775,0,875.5
308,78,1439,15.5,21.121,15.795,0,876
308,78,1439,16,21.101,15.775,0,876.5
308,78,1439,16.5,21.111,15.785,0,877
308,78,1439,17,21.111,15.785,0,877.5
308,78,1439,17.5,21.111,15.785,0,878
308,78,1439,18,21.121,15.795,0,878.5
308,78,1439,18.5,21.101,15.775,0,879
308,78,1439,19,21.111,15.785,0,879.5
308,78,1439,19.5,21.111,15.785,0,880
308,78,1439,20,21.111,15.785,0,880.5
308,78,1439,20.5,21.111,15.785,0,881
308,78,1439,21,21.111,15.785,0,881.5
308,78,1439,21.5,21.121,15.795,0,882
308,78,1439,22,21.111,15.785,0,882.5
308,78,1439,22.5,21.132,15.806,0,883
308,78,1439,23,21.111,15.785,0,883.5
308,78,1439,23.5,21.111,15.785,0,884
308,78,1439,24,21.121,15.795,0,884.5
308,78,1439,24.5,21.121,15.795,0,885
308,78,1439,25,21.121,15.795,0,885.5
308,78,1439,25.5,21.121,15.795,0,886
308,78,1439,26,21.121,15.795,0,886.5
308,78,1439,26.5,21.121,15.795,0,887
308,78,1439,27,21.109,15.795,0,887.5
308,78,1439,27.5,21.129,15.816,0,888
308,78,1439,28,21.107,15.806,0,888.5
308,78,1439,28.5,21.132,15.806,0,889
308,78,1439,29,21.119,15.806,0,889.5
308,78,1439,29.5,21.121,15.795,0,890
308,78,1439,30,21.129,15.816,0,890.5
308,78,1439,30.5,21.119,15.806,0,891
308,78,1439,31,21.132,15.806,0,891.5
308,78,1439,31.5,21.132,15.806,0,892
308,78,1439,32,21.119,15.806,0,892.5
308,78,1439,32.5,21.142,15.816,0,893
308,78,1439,33,21.119,15.806,0,893.5
308,78,1439,33.5,21.119,15.806,0,894
308,78,1439,34,21.142,15.816,0,894.5
308,78,1439,34.5,21.129,15.816,0,895
308,78,1439,35,21.132,15.806,0,895.5
308,78,1439,35.5,21.129,15.816,0,896
308,78,1439,36,21.132,15.806,0,896.5
308,78,1439,36.5,21.142,15.816,0,897
308,78,1439,37,21.119,15.806,0,897.5
308,78,1439,37.5,21.129,15.816,0,898
308,78,1439,38,21.117,15.816,0,898.5
308,78,1439,38.5,21.127,15.826,0,899
308,78,1439,39,21.127,15.826,0,899.5
308,78,1439,39.5,21.127,15.826,0,900
