308,81,55,18,21.538,22.082,188.72,0
308,81,55,18.5,21.6,22.07,188.39,0.5
308,81,55,19,21.65,22.07,188.39,1
308,81,55,19.5,21.675,22.07,188.39,1.5
308,81,55,20,21.687,22.058,188.39,2
308,81,55,20.5,21.724,22.07,188.39,2.5
308,81,55,21,21.737,22.058,188.39,3
308,81,55,21.5,21.773,22.07,188.39,3.5
308,81,55,22,21.798,22.082,188.39,4
308,81,55,22.5,21.81,22.082,188.39,4.5
308,81,55,23,21.823,22.07,188.39,5
308,81,55,23.5,21.847,22.07,188.39,5.5
308,81,55,24,21.847,22.07,188.39,6
308,81,55,24.5,21.872,22.082,188.39,6.5
308,81,55,25,21.872,22.07,188.39,7
308,81,55,25.5,21.885,22.07,188.39,7.5
308,81,55,26,21.897,22.07,188.39,8
308,81,55,26.5,21.909,22.082,188.39,8.5
308,81,55,27,21.921,22.082,188.39,9
308,81,55,27.5,21.97,22.093,188.39,9.5
308,81,55,28,21.946,22.082,188.39,10
308,81,55,28.5,21.946,22.07,188.39,10.5
308,81,55,29,21.946,22.07,188.39,11
308,81,55,29.5,21.971,22.07,188.39,11.5
308,81,55,30,21.959,22.07,188.39,12
308,81,55,30.5,21.971,22.07,188.39,12.5
308,81,55,31,21.995,22.093,188.39,13
308,81,55,31.5,21.996,22.07,188.39,13.5
308,81,55,32,21.996,22.07,188.07,14
308,81,55,32.5,21.996,22.07,188.39,14.5
308,81,55,33,22.008,22.07,188.39,15
308,81,55,33.5,22.008,22.07,188.39,15.5
308,81,55,34,22.02,22.07,188.39,16
308,81,55,34.5,22.02,22.07,188.39,16.5
308,81,55,35,22.032,22.082,188.39,17
308,81,55,35.5,22.033,22.07,188.39,17.5
308,81,55,36,22.069,22.093,188.39,18
308,81,55,36.5,22.056,22.093,188.39,18.5
308,81,55,37,22.045,22.07,188.39,19
308,81,55,37.5,22.045,22.07,188.39,19.5
308,81,55,38,22.045,22.07,188.39,20
308,81,55,38.5,22.057,22.082,188.39,20.5
308,81,55,39,22.057,22.07,188.39,21
308,81,55,39.5,22.069,22.082,188.39,21.5
308,81,55,40,22.082,22.082,188.39,22
308,81,55,40.5,22.058,22.058,188.39,22.5
308,81,55,41,22.082,22.082,188.39,23
308,81,55,41.5,22.07,22.07,188.39,23.5
308,81,55,42,22.093,22.093,188.39,24
308,81,55,42.5,22.082,22.07,188.39,24.5
308,81,55,43,22.094,22.082,188.39,25
308,81,55,43.5,22.082,22.07,188.39,25.5
308,81,55,44,22.083,22.058,188.39,26
308,81,55,44.5,22.106,22.082,188.39,26.5
308,81,55,45,22.106,22.082,188.39,27
308,81,55,45.5,22.106,22.082,188.39,27.5
308,81,55,46,22.106,22.082,188.39,28
308,81,55,46.5,22.106,22.082,188.39,28.5
308,81,55,47,22.107,22.07,188.39,29
308,81,55,47.5,22.106,22.082,188.39,29.5
308,81,55,48,22.119,22.07,188.39,30
308,81,55,48.5,22.095,22.07,188.39,30.5
308,81,55,49,22.119,22.07,188.39,31
308,81,55,49.5,22.107,22.07,188.39,31.5
308,81,55,50,22.119,22.07,188.39,32
308,81,55,50.5,22.143,22.093,188.39,32.5
308,81,55,51,22.119,22.07,188.39,33
308,81,55,51.5,22.131,22.082,188.39,33.5
308,81,55,52,22.119,22.07,188.39,34
308,81,55,52.5,22.119,22.07,188.39,34.5
308,81,55,53,22.107,22.058,188.39,35
308,81,55,53.5,22.132,22.07,188.39,35.5
308,81,55,54,22.119,22.07,188.07,36
308,81,55,54.5,22.119,22.07,188.07,36.5
308,81,55,55,22.131,22.082,188.39,37
308,81,55,55.5,22.143,22.082,188.07,37.5
308,81,55,56,22.156,22.082,188.39,38
308,81,55,56.5,22.156,22.082,188.39,38.5
308,81,55,57,22.156,22.082,188.07,39
308,81,55,57.5,22.12,22.046,188.39,39.5
308,81,55,58,22.144,22.07,188.07,40
308,81,55,58.5,22.144,22.07,188.07,40.5
308,81,55,59,22.168,22.082,188.39,41
308,81,55,59.5,22.144,22.07,188.39,41.5
308,81,56,0,22.156,22.082,188.39,42
308,81,56,0.5,22.156,22.07,188.39,42.5
308,81,56,1,22.144,22.07,188.39,43
308,81,56,1.5,22.144,22.07,188.39,43.5
308,81,56,2,22.157,22.058,188.39,44
308,81,56,2.5,22.168,22.082,188.39,44.5
308,81,56,3,22.18,22.082,188.39,45
308,81,56,3.5,22.18,22.082,188.39,45.5
308,81,56,4,22.18,22.082,188.39,46
308,81,56,4.5,22.18,22.082,188.39,46.5
308,81,56,5,22.169,22.07,188.39,47
308,81,56,5.5,22.192,22.093,188.39,47.5
308,81,56,6,22.169,22.07,188.39,48
308,81,56,6.5,22.181,22.07,188.39,48.5
308,81,56,7,22.182,22.058,188.39,49
308,81,56,7.5,22.181,22.07,188.39,49.5
308,81,56,8,22.193,22.082,188.39,50
308,81,56,8.5,22.181,22.07,188.39,50.5
308,81,56,9,22.169,22.07,188.39,51
308,81,56,9.5,22.193,22.07,188.39,51.5
308,81,56,10,22.193,22.082,188.39,52
308,81,56,10.5,22.181,22.07,188.07,52.5
308,81,56,11,22.193,22.07,188.07,53
308,81,56,11.5,22.193,22.07,188.39,53.5
308,81,56,12,22.206,22.07,188.07,54
308,81,56,12.5,22.205,22.082,188.07,54.5
308,81,56,13,22.193,22.07,188.39,55
308,81,56,13.5,22.193,22.07,188.07,55.5
308,81,56,14,22.205,22.082,188.39,56
308,81,56,14.5,22.182,22.058,188.39,56.5
308,81,56,15,22.182,22.058,188.39,57
308,81,56,15.5,22.229,22.093,188.39,57.5
308,81,56,16,22.206,22.07,188.39,58
308,81,56,16.5,22.23,22.082,188.39,58.5
308,81,56,17,22.217,22.082,188.39,59
308,81,56,17.5,22.194,22.058,188.39,59.5
308,81,56,18,22.23,22.082,188.39,60
308,81,56,18.5,22.217,22.082,188.39,60.5
308,81,56,19,22.206,22.058,188.07,61
308,81,56,19.5,22.23,22.082,188.39,61.5
308,81,56,20,22.218,22.07,188.39,62
308,81,56,20.5,22.218,22.07,188.39,62.5
308,81,56,21,22.206,22.07,188.39,63
308,81,56,21.5,22.217,22.082,188.39,63.5
308,81,56,22,22.23,22.07,188.07,64
308,81,56,22.5,22.23,22.082,188.39,64.5
308,81,56,23,22.23,22.082,188.07,65
308,81,56,23.5,22.23,22.082,188.07,65.5
308,81,56,24,22.23,22.082,188.39,66
308,81,56,24.5,22.206,22.058,188.39,66.5
308,81,56,25,22.218,22.07,188.39,67
308,81,56,25.5,22.218,22.07,188.39,67.5
308,81,56,26,22.23,22.07,188.39,68
308,81,56,26.5,22.218,22.07,188.07,68.5
308,81,56,27,22.218,22.07,188.07,69
308,81,56,27.5,22.23,22.082,188.39,69.5
308,81,56,28,22.206,22.058,188.39,70
308,81,56,28.5,22.218,22.07,188.39,70.5
308,81,56,29,22.219,22.058,188.39,71
308,81,56,29.5,22.242,22.082,188.39,71.5
308,81,56,30,22.218,22.07,188.07,72
308,81,56,30.5,22.23,22.07,188.39,72.5
308,81,56,31,22.23,22.07,188.07,73
308,81,56,31.5,22.243,22.07,188.07,73.5
308,81,56,32,22.243,22.07,188.07,74
308,81,56,32.5,22.218,22.07,188.07,74.5
308,81,56,33,22.242,22.082,188.07,75
308,81,56,33.5,22.242,22.082,188.39,75.5
308,81,56,34,22.243,22.07,188.39,76
308,81,56,34.5,22.243,22.07,188.07,76.5
308,81,56,35,22.255,22.07,188.07,77
308,81,56,35.5,22.254,22.082,188.07,77.5
308,81,56,36,22.231,22.058,188.39,78
308,81,56,36.5,22.255,22.07,188.39,78.5
308,81,56,37,22.243,22.07,188.07,79
308,81,56,37.5,22.254,22.082,188.39,79.5
308,81,56,38,22.255,22.07,188.39,80
308,81,56,38.5,22.255,22.07,188.07,80.5
308,81,56,39,22.255,22.07,188.39,81
308,81,56,39.5,22.267,22.07,188.39,81.5
308,81,56,40,22.255,22.07,188.07,82
308,81,56,40.5,22.267,22.082,188.07,82.5
308,81,56,41,22.267,22.07,188.07,83
308,81,56,41.5,22.279,22.082,188.07,83.5
308,81,56,42,22.255,22.07,188.39,84
308,81,56,42.5,22.267,22.082,188.39,84.5
308,81,56,43,22.255,22.07,188.39,85
308,81,56,43.5,22.254,22.082,188.07,85.5
308,81,56,44,22.279,22.082,188.39,86
308,81,56,44.5,22.267,22.082,188.07,86.5
308,81,56,45,22.267,22.07,188.39,87
308,81,56,45.5,22.255,22.07,188.39,87.5
308,81,56,46,22.279,22.082,188.39,88
308,81,56,46.5,22.279,22.082,188.07,88.5
308,81,56,47,22.255,22.07,188.39,89
308,81,56,47.5,22.267,22.07,188.39,89.5
308,81,56,48,22.267,22.07,188.39,90
308,81,56,48.5,22.267,22.07,188.39,90.5
308,81,56,49,22.256,22.058,188.39,91
308,81,56,49.5,22.267,22.07,188.39,91.5
308,81,56,50,22.267,22.07,188.39,92
308,81,56,50.5,22.291,22.093,188.39,92.5
308,81,56,51,22.256,22.058,188.39,93
308,81,56,51.5,22.267,22.07,188.39,93.5
308,81,56,52,22.292,22.07,188.39,94
308,81,56,52.5,22.279,22.082,188.39,94.5
308,81,56,53,22.28,22.07,188.39,95
308,81,56,53.5,22.267,22.07,188.39,95.5
308,81,56,54,22.292,22.082,188.39,96
308,81,56,54.5,22.268,22.058,188.39,96.5
308,81,56,55,22.256,22.058,188.39,97
308,81,56,55.5,22.267,22.07,188.39,97.5
308,81,56,56,22.28,22.07,188.39,98
308,81,56,56.5,22.292,22.082,188.07,98.5
308,81,56,57,22.28,22.07,188.39,99
308,81,56,57.5,22.292,22.082,188.39,99.5
308,81,56,58,22.268,22.058,188.07,100
308,81,56,58.5,22.28,22.07,188.39,100.5
308,81,56,59,22.292,22.07,188.07,101
308,81,56,59.5,22.28,22.058,188.39,101.5
308,81,57,0,22.292,22.082,188.39,102
308,81,57,0.5,22.292,22.07,188.39,102.5
308,81,57,1,22.256,22.058,188.39,103
308,81,57,1.5,22.292,22.07,188.39,103.5
308,81,57,2,22.304,22.082,188.39,104
308,81,57,2.5,22.304,22.082,188.39,104.5
308,81,57,3,22.292,22.07,188.39,105
308,81,57,3.5,22.28,22.058,188.39,105.5
308,81,57,4,22.292,22.07,188.39,106
308,81,57,4.5,22.304,22.082,188.39,106.5
308,81,57,5,22.292,22.07,188.39,107
308,81,57,5.5,22.292,22.07,188.39,107.5
308,81,57,6,22.292,22.07,188.39,108
308,81,57,6.5,22.292,22.07,188.39,108.5
308,81,57,7,22.292,22.07,188.39,109
308,81,57,7.5,22.28,22.058,188.39,109.5
308,81,57,8,22.28,22.058,188.39,110
308,81,57,8.5,22.292,22.07,188.39,110.5
308,81,57,9,22.304,22.082,188.39,111
308,81,57,9.5,22.292,22.07,188.39,111.5
308,81,57,10,22.304,22.082,188.39,112
308,81,57,10.5,22.28,22.058,188.07,112.5
308,81,57,11,22.304,22.082,188.39,113
308,81,57,11.5,22.304,22.082,188.39,113.5
308,81,57,12,22.292,22.07,188.39,114
308,81,57,12.5,22.293,22.058,188.07,114.5
308,81,57,13,22.292,22.07,188.07,115
308,81,57,13.5,22.28,22.058,188.39,115.5
308,81,57,14,22.292,22.07,188.07,116
308,81,57,14.5,22.304,22.082,188.07,116.5
308,81,57,15,22.292,22.07,188.07,117
308,81,57,15.5,22.292,22.07,188.07,117.5
308,81,57,16,22.292,22.07,188.39,118
308,81,57,16.5,22.292,22.07,188.39,118.5
308,81,57,17,22.304,22.082,188.07,119
308,81,57,17.5,22.304,22.082,188.07,119.5
308,81,57,18,22.304,22.07,188.39,120
308,81,57,18.5,22.316,22.082,188.07,120.5
308,81,57,19,22.316,22.082,188.39,121
308,81,57,19.5,22.304,22.082,188.39,121.5
308,81,57,20,22.304,22.07,188.39,122
308,81,57,20.5,22.293,22.058,188.07,122.5
308,81,57,21,22.304,22.07,188.07,123
308,81,57,21.5,22.304,22.07,188.07,123.5
308,81,57,22,22.317,22.07,188.07,124
308,81,57,22.5,22.292,22.07,188.07,124.5
308,81,57,23,22.329,22.082,188.07,125
308,81,57,23.5,22.317,22.07,188.07,125.5
308,81,57,24,22.304,22.07,188.07,126
308,81,57,24.5,22.329,22.082,188.07,126.5
308,81,57,25,22.317,22.07,188.07,127
308,81,57,25.5,22.304,22.07,188.07,127.5
308,81,57,26,22.293,22.058,188.07,128
308,81,57,26.5,22.316,22.082,188.07,128.5
308,81,57,27,22.328,22.093,188.07,129
308,81,57,27.5,22.305,22.058,188.07,129.5
308,81,57,28,22.305,22.058,188.39,130
308,81,57,28.5,22.316,22.082,188.07,130.5
308,81,57,29,22.329,22.082,188.07,131
308,81,57,29.5,22.304,22.07,188.39,131.5
308,81,57,30,22.317,22.07,188.07,132
308,81,57,30.5,22.317,22.07,188.07,132.5
308,81,57,31,22.317,22.07,188.07,133
308,81,57,31.5,22.305,22.058,188.07,133.5
308,81,57,32,22.317,22.07,188.07,134
308,81,57,32.5,22.305,22.058,188.39,134.5
308,81,57,33,22.305,22.058,188.39,135
308,81,57,33.5,22.317,22.07,188.07,135.5
308,81,57,34,22.329,22.082,188.39,136
308,81,57,34.5,22.317,22.07,188.39,136.5
308,81,57,35,22.329,22.082,188.39,137
308,81,57,35.5,22.305,22.058,188.39,137.5
308,81,57,36,22.317,22.07,188.39,138
308,81,57,36.5,22.317,22.07,188.39,138.5
308,81,57,37,22.305,22.058,188.07,139
308,81,57,37.5,22.329,22.082,188.07,139.5
308,81,57,38,22.329,22.082,188.07,140
308,81,57,38.5,22.317,22.07,188.07,140.5
308,81,57,39,22.317,22.07,188.07,141
308,81,57,39.5,22.317,22.07,188.07,141.5
308,81,57,40,22.293,22.046,188.39,142
308,81,57,40.5,22.329,22.082,188.39,142.5
308,81,57,41,22.317,22.07,188.39,143
308,81,57,41.5,22.329,22.082,188.39,143.5
308,81,57,42,22.317,22.07,188.39,144
308,81,57,42.5,22.329,22.082,188.39,144.5
308,81,57,43,22.317,22.07,188.39,145
308,81,57,43.5,22.305,22.058,188.39,145.5
308,81,57,44,22.317,22.07,188.39,146
308,81,57,44.5,22.317,22.058,188.39,146.5
308,81,57,45,22.317,22.07,188.39,147
308,81,57,45.5,22.341,22.082,188.39,147.5
308,81,57,46,22.317,22.07,188.39,148
308,81,57,46.5,22.329,22.082,188.39,148.5
308,81,57,47,22.329,22.082,188.39,149
308,81,57,47.5,22.305,22.058,188.39,149.5
308,81,57,48,22.317,22.07,188.39,150
308,81,57,48.5,22.305,22.058,188.07,150.5
308,81,57,49,22.317,22.07,188.39,151
308,81,57,49.5,22.305,22.058,188.07,151.5
308,81,57,50,22.317,22.07,188.07,152
308,81,57,50.5,22.317,22.07,188.07,152.5
308,81,57,51,22.329,22.07,188.07,153
308,81,57,51.5,22.329,22.07,188.07,153.5
308,81,57,52,22.341,22.082,188.07,154
308,81,57,52.5,22.341,22.082,188.39,154.5
308,81,57,53,22.329,22.07,188.39,155
308,81,57,53.5,22.317,22.07,188.39,155.5
308,81,57,54,22.353,22.082,188.39,156
308,81,57,54.5,22.341,22.07,188.39,156.5
308,81,57,55,22.341,22.07,188.39,157
308,81,57,55.5,22.341,22.07,188.39,157.5
308,81,57,56,22.33,22.058,188.39,158
308,81,57,56.5,22.329,22.07,188.39,158.5
308,81,57,57,22.33,22.058,188.39,159
308,81,57,57.5,22.329,22.07,188.39,159.5
308,81,57,58,22.341,22.082,188.07,160
308,81,57,58.5,22.329,22.07,188.39,160.5
308,81,57,59,22.329,22.07,188.39,161
308,81,57,59.5,22.329,22.07,188.07,161.5
308,81,58,0,22.341,22.07,188.07,162
308,81,58,0.5,22.341,22.082,188.07,162.5
308,81,58,1,22.341,22.082,188.07,163
308,81,58,1.5,22.341,22.07,188.39,163.5
308,81,58,2,22.341,22.07,188.39,164
308,81,58,2.5,22.353,22.082,188.39,164.5
308,81,58,3,22.329,22.07,188.39,165
308,81,58,3.5,22.341,22.07,188.39,165.5
308,81,58,4,22.353,22.082,188.39,166
308,81,58,4.5,22.341,22.07,188.39,166.5
308,81,58,5,22.353,22.082,188.39,167
308,81,58,5.5,22.365,22.093,188.39,167.5
308,81,58,6,22.353,22.082,188.39,168
308,81,58,6.5,22.353,22.082,188.39,168.5
308,81,58,7,22.366,22.082,188.39,169
308,81,58,7.5,22.329,22.07,188.39,169.5
308,81,58,8,22.341,22.07,188.39,170
308,81,58,8.5,22.354,22.07,188.07,170.5
308,81,58,9,22.365,22.093,188.07,171
308,81,58,9.5,22.354,22.07,188.07,171.5
308,81,58,10,22.366,22.082,188.07,172
308,81,58,10.5,22.378,22.082,188.07,172.5
308,81,58,11,22.378,22.082,188.07,173
308,81,58,11.5,22.341,22.07,188.39,173.5
308,81,58,12,22.354,22.07,188.39,174
308,81,58,12.5,22.366,22.07,188.07,174.5
308,81,58,13,22.354,22.07,188.39,175
308,81,58,13.5,22.33,22.058,188.39,175.5
308,81,58,14,22.33,22.058,188.07,176
308,81,58,14.5,22.366,22.07,188.07,176.5
308,81,58,15,22.366,22.082,188.07,177
308,81,58,15.5,22.342,22.058,188.39,177.5
308,81,58,16,22.329,22.07,188.39,178
308,81,58,16.5,22.366,22.07,188.07,178.5
308,81,58,17,22.378,22.082,188.07,179
308,81,58,17.5,22.354,22.07,188.39,179.5
308,81,58,18,22.354,22.07,188.07,180
308,81,58,18.5,22.342,22.058,188.07,180.5
308,81,58,19,22.354,22.058,188.07,181
308,81,58,19.5,22.354,22.058,188.39,181.5
308,81,58,20,22.366,22.082,188.39,182
308,81,58,20.5,22.353,22.082,188.39,182.5
308,81,58,21,22.354,22.07,188.39,183
308,81,58,21.5,22.366,22.082,188.39,183.5
308,81,58,22,22.354,22.07,188.39,184
308,81,58,22.5,22.366,22.082,188.39,184.5
308,81,58,23,22.354,22.07,188.39,185
308,81,58,23.5,22.366,22.082,188.39,185.5
308,81,58,24,22.366,22.07,188.07,186
308,81,58,24.5,22.366,22.07,188.39,186.5
308,81,58,25,22.354,22.07,188.39,187
308,81,58,25.5,22.378,22.082,188.39,187.5
308,81,58,26,22.366,22.07,188.07,188
308,81,58,26.5,22.366,22.07,188.07,188.5
308,81,58,27,22.366,22.07,188.07,189
308,81,58,27.5,22.366,22.07,188.39,189.5
308,81,58,28,22.354,22.058,188.07,190
308,81,58,28.5,22.366,22.07,188.39,190.5
308,81,58,29,22.366,22.07,188.07,191
308,81,58,29.5,22.354,22.07,188.07,191.5
308,81,58,30,22.354,22.058,188.39,192
308,81,58,30.5,22.366,22.082,188.39,192.5
308,81,58,31,22.354,22.058,188.39,193
308,81,58,31.5,22.366,22.07,188.07,193.5
308,81,58,32,22.378,22.082,188.07,194
308,81,58,32.5,22.366,22.07,188.07,194.5
308,81,58,33,22.366,22.07,188.39,195
308,81,58,33.5,22.366,22.07,188.07,195.5
308,81,58,34,22.378,22.082,188.39,196
308,81,58,34.5,22.366,22.07,188.39,196.5
308,81,58,35,22.354,22.058,188.07,197
308,81,58,35.5,22.378,22.082,188.07,197.5
308,81,58,36,22.366,22.07,188.07,198
308,81,58,36.5,22.354,22.058,188.07,198.5
308,81,58,37,22.378,22.082,188.07,199
308,81,58,37.5,22.366,22.07,188.07,199.5
308,81,58,38,22.366,22.07,188.07,200
308,81,58,38.5,22.378,22.082,188.07,200.5
308,81,58,39,22.366,22.07,188.07,201
308,81,58,39.5,22.366,22.07,188.07,201.5
308,81,58,40,22.366,22.07,188.07,202
308,81,58,40.5,22.378,22.082,188.07,202.5
308,81,58,41,22.366,22.07,188.07,203
308,81,58,41.5,22.366,22.07,188.07,203.5
308,81,58,42,22.378,22.082,188.07,204
308,81,58,42.5,22.366,22.07,188.07,204.5
308,81,58,43,22.366,22.07,188.07,205
308,81,58,43.5,22.343,22.046,188.07,205.5
308,81,58,44,22.378,22.082,188.07,206
308,81,58,44.5,22.367,22.058,188.07,206.5
308,81,58,45,22.354,22.058,188.07,207
308,81,58,45.5,22.366,22.07,188.07,207.5
308,81,58,46,22.366,22.07,188.07,208
308,81,58,46.5,22.366,22.07,188.07,208.5
308,81,58,47,22.354,22.058,188.07,209
308,81,58,47.5,22.366,22.07,188.07,209.5
308,81,58,48,22.39,22.082,188.07,210
308,81,58,48.5,22.379,22.07,188.07,210.5
308,81,58,49,22.378,22.082,188.07,211
308,81,58,49.5,22.366,22.07,188.39,211.5
308,81,58,50,22.367,22.058,188.39,212
308,81,58,50.5,22.39,22.082,188.39,212.5
308,81,58,51,22.379,22.07,188.39,213
308,81,58,51.5,22.379,22.07,188.39,213.5
308,81,58,52,22.366,22.07,188.39,214
308,81,58,52.5,22.391,22.07,188.39,214.5
308,81,58,53,22.391,22.07,188.39,215
308,81,58,53.5,22.403,22.082,188.39,215.5
308,81,58,54,22.391,22.07,188.39,216
308,81,58,54.5,22.403,22.082,188.39,216.5
308,81,58,55,22.379,22.07,188.39,217
308,81,58,55.5,22.403,22.082,188.39,217.5
308,81,58,56,22.379,22.07,188.39,218
308,81,58,56.5,22.379,22.058,188.39,218.5
308,81,58,57,22.379,22.058,188.39,219
308,81,58,57.5,22.379,22.058,188.07,219.5
308,81,58,58,22.403,22.082,188.39,220
308,81,58,58.5,22.39,22.082,188.07,220.5
308,81,58,59,22.391,22.07,188.39,221
308,81,58,59.5,22.379,22.058,188.39,221.5
308,81,59,0,22.403,22.082,188.39,222
308,81,59,0.5,22.391,22.07,188.39,222.5
308,81,59,1,22.391,22.07,188.39,223
308,81,59,1.5,22.391,22.07,188.39,223.5
308,81,59,2,22.379,22.058,188.39,224
308,81,59,2.5,22.391,22.07,188.07,224.5
308,81,59,3,22.39,22.082,188.39,225
308,81,59,3.5,22.391,22.07,188.39,225.5
308,81,59,4,22.379,22.07,188.39,226
308,81,59,4.5,22.367,22.058,188.07,226.5
308,81,59,5,22.379,22.058,188.07,227
308,81,59,5.5,22.391,22.07,188.39,227.5
308,81,59,6,22.391,22.07,188.39,228
308,81,59,6.5,22.39,22.082,188.39,228.5
308,81,59,7,22.391,22.07,188.39,229
308,81,59,7.5,22.403,22.082,188.39,229.5
308,81,59,8,22.391,22.07,188.07,230
308,81,59,8.5,22.367,22.046,188.39,230.5
308,81,59,9,22.379,22.07,188.07,231
308,81,59,9.5,22.403,22.082,188.07,231.5
308,81,59,10,22.391,22.07,188.07,232
308,81,59,10.5,22.391,22.07,188.07,232.5
308,81,59,11,22.403,22.082,188.07,233
308,81,59,11.5,22.391,22.07,188.07,233.5
308,81,59,12,22.403,22.082,188.39,234
308,81,59,12.5,22.414,22.094,188.39,234.5
308,81,59,13,22.391,22.07,188.39,235
308,81,59,13.5,22.39,22.082,188.07,235.5
308,81,59,14,22.403,22.082,188.39,236
308,81,59,14.5,22.403,22.082,188.39,236.5
308,81,59,15,22.391,22.07,188.39,237
308,81,59,15.5,22.391,22.07,188.07,237.5
308,81,59,16,22.391,22.07,188.39,238
308,81,59,16.5,22.391,22.07,188.07,238.5
308,81,59,17,22.391,22.07,188.07,239
308,81,59,17.5,22.403,22.082,188.07,239.5
308,81,59,18,22.403,22.07,188.07,240
308,81,59,18.5,22.391,22.07,188.07,240.5
308,81,59,19,22.415,22.082,188.07,241
308,81,59,19.5,22.403,22.082,188.39,241.5
308,81,59,20,22.403,22.07,188.39,242
308,81,59,20.5,22.391,22.07,188.39,242.5
308,81,59,21,22.403,22.082,188.39,243
308,81,59,21.5,22.403,22.082,188.39,243.5
308,81,59,22,22.403,22.082,188.39,244
308,81,59,22.5,22.391,22.058,188.39,244.5
308,81,59,23,22.391,22.07,188.07,245
308,81,59,23.5,22.391,22.07,188.07,245.5
308,81,59,24,22.403,22.082,188.39,246
308,81,59,24.5,22.403,22.082,188.07,246.5
308,81,59,25,22.415,22.082,188.07,247
308,81,59,25.5,22.391,22.058,188.07,247.5
308,81,59,26,22.403,22.07,188.07,248
308,81,59,26.5,22.427,22.082,188.07,248.5
308,81,59,27,22.416,22.07,188.07,249
308,81,59,27.5,22.403,22.082,188.07,249.5
308,81,59,28,22.403,22.07,188.07,250
308,81,59,28.5,22.391,22.058,188.07,250.5
308,81,59,29,22.391,22.058,188.07,251
308,81,59,29.5,22.415,22.082,188.07,251.5
308,81,59,30,22.403,22.07,188.07,252
308,81,59,30.5,22.391,22.07,188.07,252.5
308,81,59,31,22.403,22.07,188.07,253
308,81,59,31.5,22.416,22.07,188.07,253.5
308,81,59,32,22.403,22.07,188.07,254
308,81,59,32.5,22.403,22.082,188.07,254.5
308,81,59,33,22.403,22.07,188.07,255
308,81,59,33.5,22.415,22.082,188.07,255.5
308,81,59,34,22.379,22.058,188.07,256
308,81,59,34.5,22.379,22.058,188.39,256.5
308,81,59,35,22.415,22.082,188.07,257
308,81,59,35.5,22.415,22.082,188.07,257.5
308,81,59,36,22.415,22.082,188.07,258
308,81,59,36.5,22.403,22.082,188.39,258.5
308,81,59,37,22.403,22.07,188.07,259
308,81,59,37.5,22.403,22.082,188.07,259.5
308,81,59,38,22.439,22.094,188.07,260
308,81,59,38.5,22.416,22.07,188.07,260.5
308,81,59,39,22.415,22.082,188.07,261
308,81,59,39.5,22.427,22.082,188.07,261.5
308,81,59,40,22.427,22.082,188.39,262
308,81,59,40.5,22.439,22.094,188.39,262.5
308,81,59,41,22.416,22.07,188.07,263
308,81,59,41.5,22.391,22.058,188.07,263.5
308,81,59,42,22.414,22.094,188.07,264
308,81,59,42.5,22.403,22.07,188.39,264.5
308,81,59,43,22.403,22.07,188.39,265
308,81,59,43.5,22.391,22.07,188.39,265.5
308,81,59,44,22.403,22.082,188.39,266
308,81,59,44.5,22.403,22.082,188.07,266.5
308,81,59,45,22.404,22.058,188.07,267
308,81,59,45.5,22.403,22.07,188.07,267.5
308,81,59,46,22.416,22.07,188.07,268
308,81,59,46.5,22.403,22.07,188.07,268.5
308,81,59,47,22.403,22.07,188.07,269
308,81,59,47.5,22.404,22.058,188.07,269.5
308,81,59,48,22.427,22.082,188.39,270
308,81,59,48.5,22.427,22.082,188.07,270.5
308,81,59,49,22.427,22.082,188.07,271
308,81,59,49.5,22.427,22.082,188.07,271.5
308,81,59,50,22.404,22.058,188.07,272
308,81,59,50.5,22.416,22.07,188.07,272.5
308,81,59,51,22.403,22.07,188.39,273
308,81,59,51.5,22.427,22.082,188.39,273.5
308,81,59,52,22.427,22.082,188.39,274
308,81,59,52.5,22.416,22.07,188.07,274.5
308,81,59,53,22.416,22.07,188.07,275
308,81,59,53.5,22.439,22.094,188.39,275.5
308,81,59,54,22.416,22.07,188.07,276
308,81,59,54.5,22.427,22.082,188.07,276.5
308,81,59,55,22.416,22.07,188.07,277
308,81,59,55.5,22.404,22.058,188.07,277.5
308,81,59,56,22.391,22.058,188.39,278
308,81,59,56.5,22.416,22.07,188.07,278.5
308,81,59,57,22.416,22.07,188.39,279
308,81,59,57.5,22.416,22.07,188.07,279.5
308,81,59,58,22.416,22.07,188.07,280
308,81,59,58.5,22.427,22.082,188.07,280.5
308,81,59,59,22.416,22.07,188.39,281
308,81,59,59.5,22.427,22.082,188.07,281.5
308,81,100,0,22.416,22.07,188.07,282
308,81,100,0.5,22.416,22.07,188.07,282.5
308,81,100,1,22.416,22.07,188.39,283
308,81,100,1.5,22.427,22.082,188.39,283.5
308,81,100,2,22.427,22.082,188.39,284
308,81,100,2.5,22.416,22.07,188.07,284.5
308,81,100,3,22.416,22.07,188.07,285
308,81,100,3.5,22.404,22.058,188.39,285.5
308,81,100,4,22.416,22.07,188.39,286
308,81,100,4.5,22.427,22.082,188.39,286.5
308,81,100,5,22.416,22.07,188.39,287
308,81,100,5.5,22.416,22.07,188.39,287.5
308,81,100,6,22.427,22.082,188.07,288
308,81,100,6.5,22.427,22.082,188.07,288.5
308,81,100,7,22.404,22.058,188.07,289
308,81,100,7.5,22.416,22.07,188.39,289.5
308,81,100,8,22.404,22.058,188.07,290
308,81,100,8.5,22.416,22.07,188.07,290.5
308,81,100,9,22.404,22.058,188.07,291
308,81,100,9.5,22.427,22.082,188.07,291.5
308,81,100,10,22.427,22.082,188.07,292
308,81,100,10.5,22.427,22.082,188.07,292.5
308,81,100,11,22.416,22.07,188.07,293
308,81,100,11.5,22.404,22.058,188.07,293.5
308,81,100,12,22.416,22.07,188.39,294
308,81,100,12.5,22.427,22.082,188.07,294.5
308,81,100,13,22.416,22.07,188.07,295
308,81,100,13.5,22.427,22.082,188.07,295.5
308,81,100,14,22.416,22.07,188.07,296
308,81,100,14.5,22.416,22.07,188.39,296.5
308,81,100,15,22.44,22.082,188.07,297
308,81,100,15.5,22.427,22.082,188.07,297.5
308,81,100,16,22.427,22.082,188.07,298
308,81,100,16.5,22.416,22.07,188.07,298.5
308,81,100,17,22.416,22.07,188.07,299
308,81,100,17.5,22.427,22.082,188.07,299.5
308,81,100,18,22.427,22.082,188.07,300
308,81,100,18.5,22.416,22.07,188.07,300.5
308,81,100,19,22.427,22.082,188.07,301
308,81,100,19.5,22.404,22.058,188.07,301.5
308,81,100,20,22.427,22.082,188.39,302
308,81,100,20.5,22.416,22.07,188.07,302.5
308,81,100,21,22.416,22.07,188.07,303
308,81,100,21.5,22.427,22.082,188.07,303.5
308,81,100,22,22.416,22.07,188.07,304
308,81,100,22.5,22.404,22.058,188.39,304.5
308,81,100,23,22.416,22.07,188.39,305
308,81,100,23.5,22.416,22.07,188.07,305.5
308,81,100,24,22.404,22.058,188.07,306
308,81,100,24.5,22.416,22.07,188.07,306.5
308,81,100,25,22.404,22.058,188.07,307
308,81,100,25.5,22.416,22.07,188.07,307.5
308,81,100,26,22.427,22.082,188.07,308
308,81,100,26.5,22.416,22.07,188.39,308.5
308,81,100,27,22.416,22.07,188.07,309
308,81,100,27.5,22.428,22.07,188.07,309.5
308,81,100,28,22.416,22.07,188.07,310
308,81,100,28.5,22.416,22.07,188.39,310.5
308,81,100,29,22.428,22.07,188.39,311
308,81,100,29.5,22.44,22.082,188.39,311.5
308,81,100,30,22.404,22.058,188.39,312
308,81,100,30.5,22.416,22.07,188.39,312.5
308,81,100,31,22.427,22.082,188.39,313
308,81,100,31.5,22.427,22.082,188.39,313.5
308,81,100,32,22.404,22.058,188.07,314
308,81,100,32.5,22.428,22.07,188.39,314.5
308,81,100,33,22.416,22.058,188.07,315
308,81,100,33.5,22.392,22.046,188.39,315.5
308,81,100,34,22.404,22.058,188.07,316
308,81,100,34.5,22.427,22.082,188.39,316.5
308,81,100,35,22.416,22.07,188.39,317
308,81,100,35.5,22.404,22.058,188.07,317.5
308,81,100,36,22.427,22.082,188.07,318
308,81,100,36.5,22.416,22.07,188.07,318.5
308,81,100,37,22.416,22.07,188.07,319
308,81,100,37.5,22.416,22.07,188.07,319.5
308,81,100,38,22.427,22.082,188.07,320
308,81,100,38.5,22.416,22.07,188.07,320.5
308,81,100,39,22.427,22.082,188.07,321
308,81,100,39.5,22.427,22.082,188.07,321.5
308,81,100,40,22.427,22.082,188.07,322
308,81,100,40.5,22.404,22.058,188.07,322.5
308,81,100,41,22.427,22.082,188.07,323
308,81,100,41.5,22.427,22.082,188.07,323.5
308,81,100,42,22.404,22.058,188.07,324
308,81,100,42.5,22.427,22.082,188.07,324.5
308,81,100,43,22.427,22.082,188.07,325
308,81,100,43.5,22.416,22.058,188.07,325.5
308,81,100,44,22.416,22.07,188.07,326
308,81,100,44.5,22.427,22.082,188.39,326.5
308,81,100,45,22.427,22.082,188.07,327
308,81,100,45.5,22.428,22.07,188.39,327.5
308,81,100,46,22.416,22.058,188.07,328
308,81,100,46.5,22.416,22.07,188.07,328.5
308,81,100,47,22.427,22.082,188.39,329
308,81,100,47.5,22.452,22.082,188.07,329.5
308,81,100,48,22.44,22.082,188.39,330
308,81,100,48.5,22.428,22.07,188.39,330.5
308,81,100,49,22.428,22.07,188.39,331
308,81,100,49.5,22.44,22.07,188.39,331.5
308,81,100,50,22.416,22.058,188.39,332
308,81,100,50.5,22.428,22.07,188.39,332.5
308,81,100,51,22.416,22.07,188.07,333
308,81,100,51.5,22.416,22.07,188.39,333.5
308,81,100,52,22.44,22.082,188.39,334
308,81,100,52.5,22.427,22.082,188.39,334.5
308,81,100,53,22.416,22.058,188.07,335
308,81,100,53.5,22.416,22.058,188.39,335.5
308,81,100,54,22.427,22.082,188.39,336
308,81,100,54.5,22.428,22.07,188.39,336.5
308,81,100,55,22.427,22.082,188.39,337
308,81,100,55.5,22.428,22.058,188.39,337.5
308,81,100,56,22.427,22.082,188.07,338
308,81,100,56.5,22.428,22.07,188.07,338.5
308,81,100,57,22.427,22.082,188.07,339
308,81,100,57.5,22.428,22.07,188.07,339.5
308,81,100,58,22.44,22.082,188.07,340
308,81,100,58.5,22.416,22.058,188.07,340.5
308,81,100,59,22.416,22.07,188.07,341
308,81,100,59.5,22.427,22.082,188.07,341.5
308,81,101,0,22.416,22.07,188.07,342
308,81,101,0.5,22.452,22.082,188.07,342.5
308,81,101,1,22.428,22.07,188.07,343
308,81,101,1.5,22.416,22.058,188.07,343.5
308,81,101,2,22.428,22.07,188.07,344
308,81,101,2.5,22.44,22.082,188.07,344.5
308,81,101,3,22.44,22.082,188.07,345
308,81,101,3.5,22.428,22.07,188.07,345.5
308,81,101,4,22.427,22.082,188.07,346
308,81,101,4.5,22.428,22.07,188.07,346.5
308,81,101,5,22.416,22.07,188.07,347
308,81,101,5.5,22.428,22.07,188.07,347.5
308,81,101,6,22.44,22.082,188.07,348
308,81,101,6.5,22.427,22.082,188.07,348.5
308,81,101,7,22.427,22.082,188.07,349
308,81,101,7.5,22.427,22.082,188.07,349.5
308,81,101,8,22.44,22.082,188.07,350
308,81,101,8.5,22.44,22.07,188.39,350.5
308,81,101,9,22.452,22.082,188.39,351
308,81,101,9.5,22.44,22.07,188.07,351.5
308,81,101,10,22.452,22.082,188.07,352
308,81,101,10.5,22.453,22.07,188.07,352.5
308,81,101,11,22.428,22.058,188.07,353
308,81,101,11.5,22.427,22.082,188.07,353.5
308,81,101,12,22.44,22.07,188.39,354
308,81,101,12.5,22.44,22.082,188.07,354.5
308,81,101,13,22.428,22.058,188.07,355
308,81,101,13.5,22.452,22.082,188.07,355.5
308,81,101,14,22.428,22.07,188.07,356
308,81,101,14.5,22.427,22.082,188.07,356.5
308,81,101,15,22.428,22.058,188.07,357
308,81,101,15.5,22.44,22.07,188.39,357.5
308,81,101,16,22.452,22.082,188.07,358
308,81,101,16.5,22.427,22.082,188.07,358.5
308,81,101,17,22.452,22.082,188.07,359
308,81,101,17.5,22.452,22.082,188.07,359.5
308,81,101,18,22.452,22.082,188.39,360
308,81,101,18.5,22.378,22.082,0,360.5
308,81,101,19,22.316,22.082,0,361
308,81,101,19.5,22.267,22.07,0,361.5
308,81,101,20,22.255,22.07,0,362
308,81,101,20.5,22.23,22.082,0,362.5
308,81,101,21,22.217,22.082,0,363
308,81,101,21.5,22.18,22.082,0,363.5
308,81,101,22,22.169,22.07,0,364
308,81,101,22.5,22.144,22.07,0,364.5
308,81,101,23,22.119,22.07,0,365
308,81,101,23.5,22.131,22.082,0,365.5
308,81,101,24,22.106,22.082,0,366
308,81,101,24.5,22.094,22.082,0,366.5
308,81,101,25,22.07,22.07,0,367
308,81,101,25.5,22.07,22.07,0,367.5
308,81,101,26,22.069,22.082,0,368
308,81,101,26.5,22.069,22.094,0,368.5
308,81,101,27,22.045,22.082,0,369
308,81,101,27.5,22.021,22.07,0,369.5
308,81,101,28,22.021,22.07,0,370
308,81,101,28.5,22.009,22.058,0,370.5
308,81,101,29,22.008,22.07,0,371
308,81,101,29.5,22.008,22.082,0,371.5
308,81,101,30,22.008,22.082,0,372
308,81,101,30.5,21.971,22.07,0,372.5
308,81,101,31,21.971,22.07,0,373
308,81,101,31.5,21.995,22.094,0,373.5
308,81,101,32,21.983,22.082,0,374
308,81,101,32.5,21.971,22.07,0,374.5
308,81,101,33,21.971,22.07,0,375
308,81,101,33.5,21.946,22.07,0,375.5
308,81,101,34,21.947,22.07,0,376
308,81,101,34.5,21.934,22.07,0,376.5
308,81,101,35,21.922,22.07,0,377
308,81,101,35.5,21.934,22.082,0,377.5
308,81,101,36,21.922,22.07,0,378
308,81,101,36.5,21.934,22.082,0,378.5
308,81,101,37,21.922,22.07,0,379
308,81,101,37.5,21.933,22.094,0,379.5
308,81,101,38,21.91,22.07,0,380
308,81,101,38.5,21.921,22.082,0,380.5
308,81,101,39,21.897,22.07,0,381
308,81,101,39.5,21.885,22.058,0,381.5
308,81,101,40,21.885,22.07,0,382
308,81,101,40.5,21.884,22.082,0,382.5
308,81,101,41,21.872,22.07,0,383
308,81,101,41.5,21.884,22.082,0,383.5
308,81,101,42,21.884,22.082,0,384
308,81,101,42.5,21.884,22.082,0,384.5
308,81,101,43,21.872,22.07,0,385
308,81,101,43.5,21.884,22.082,0,385.5
308,81,101,44,21.884,22.082,0,386
308,81,101,44.5,21.884,22.082,0,386.5
308,81,101,45,21.872,22.07,0,387
308,81,101,45.5,21.884,22.082,0,387.5
308,81,101,46,21.872,22.07,0,388
308,81,101,46.5,21.872,22.07,0,388.5
308,81,101,47,21.86,22.07,0,389
308,81,101,47.5,21.86,22.082,0,389.5
308,81,101,48,21.848,22.07,0,390
308,81,101,48.5,21.86,22.082,0,390.5
308,81,101,49,21.835,22.082,0,391
308,81,101,49.5,21.835,22.082,0,391.5
308,81,101,50,21.835,22.082,0,392
308,81,101,50.5,21.835,22.082,0,392.5
308,81,101,51,21.847,22.082,0,393
308,81,101,51.5,21.835,22.07,0,393.5
308,81,101,52,21.835,22.082,0,394
308,81,101,52.5,21.823,22.07,0,394.5
308,81,101,53,21.823,22.07,0,395
308,81,101,53.5,21.823,22.07,0,395.5
308,81,101,54,21.835,22.082,0,396
308,81,101,54.5,21.823,22.07,0,396.5
308,81,101,55,21.835,22.082,0,397
308,81,101,55.5,21.835,22.082,0,397.5
308,81,101,56,21.835,22.082,0,398
308,81,101,56.5,21.835,22.082,0,398.5
308,81,101,57,21.835,22.082,0,399
308,81,101,57.5,21.823,22.07,0,399.5
308,81,101,58,21.835,22.082,0,400
308,81,101,58.5,21.835,22.082,0,400.5
308,81,101,59,21.823,22.07,0,401
308,81,101,59.5,21.798,22.07,0,401.5
308,81,102,0,21.81,22.082,0,402
308,81,102,0.5,21.823,22.082,0,402.5
308,81,102,1,21.823,22.082,0,403
308,81,102,1.5,21.81,22.082,0,403.5
308,81,102,2,21.822,22.094,0,404
308,81,102,2.5,21.81,22.082,0,404.5
308,81,102,3,21.798,22.082,0,405
308,81,102,3.5,21.81,22.082,0,405.5
308,81,102,4,21.785,22.082,0,406
308,81,102,4.5,21.774,22.07,0,406.5
308,81,102,5,21.81,22.094,0,407
308,81,102,5.5,21.785,22.082,0,407.5
308,81,102,6,21.785,22.082,0,408
308,81,102,6.5,21.785,22.082,0,408.5
308,81,102,7,21.785,22.082,0,409
308,81,102,7.5,21.785,22.082,0,409.5
308,81,102,8,21.785,22.082,0,410
308,81,102,8.5,21.762,22.058,0,410.5
308,81,102,9,21.785,22.082,0,411
308,81,102,9.5,21.785,22.082,0,411.5
308,81,102,10,21.774,22.07,0,412
308,81,102,10.5,21.785,22.082,0,412.5
308,81,102,11,21.797,22.094,0,413
308,81,102,11.5,21.774,22.07,0,413.5
308,81,102,12,21.774,22.07,0,414
308,81,102,12.5,21.785,22.082,0,414.5
308,81,102,13,21.762,22.058,0,415
308,81,102,13.5,21.761,22.07,0,415.5
308,81,102,14,21.785,22.082,0,416
308,81,102,14.5,21.761,22.082,0,416.5
308,81,102,15,21.774,22.07,0,417
308,81,102,15.5,21.774,22.07,0,417.5
308,81,102,16,21.761,22.07,0,418
308,81,102,16.5,21.785,22.082,0,418.5
308,81,102,17,21.761,22.07,0,419
308,81,102,17.5,21.773,22.082,0,419.5
308,81,102,18,21.761,22.082,0,420
308,81,102,18.5,21.761,22.082,0,420.5
308,81,102,19,21.761,22.082,0,421
308,81,102,19.5,21.749,22.07,0,421.5
308,81,102,20,21.773,22.082,0,422
308,81,102,20.5,21.761,22.082,0,422.5
308,81,102,21,21.773,22.094,0,423
308,81,102,21.5,21.749,22.07,0,423.5
308,81,102,22,21.761,22.082,0,424
308,81,102,22.5,21.748,22.082,0,424.5
308,81,102,23,21.748,22.082,0,425
308,81,102,23.5,21.724,22.07,0,425.5
308,81,102,24,21.712,22.058,0,426
308,81,102,24.5,21.748,22.094,0,426.5
308,81,102,25,21.724,22.07,0,427
308,81,102,25.5,21.736,22.082,0,427.5
308,81,102,26,21.736,22.082,0,428
308,81,102,26.5,21.725,22.058,0,428.5
308,81,102,27,21.761,22.082,0,429
308,81,102,27.5,21.736,22.082,0,429.5
308,81,102,28,21.748,22.094,0,430
308,81,102,28.5,21.736,22.082,0,430.5
308,81,102,29,21.724,22.07,0,431
308,81,102,29.5,21.736,22.082,0,431.5
308,81,102,30,21.724,22.07,0,432
308,81,102,30.5,21.724,22.07,0,432.5
308,81,102,31,21.724,22.07,0,433
308,81,102,31.5,21.748,22.094,0,433.5
308,81,102,32,21.736,22.082,0,434
308,81,102,32.5,21.736,22.082,0,434.5
308,81,102,33,21.724,22.07,0,435
308,81,102,33.5,21.736,22.082,0,435.5
308,81,102,34,21.736,22.082,0,436
308,81,102,34.5,21.724,22.07,0,436.5
308,81,102,35,21.736,22.082,0,437
308,81,102,35.5,21.724,22.082,0.32149,437.5
308,81,102,36,21.736,22.082,0,438
308,81,102,36.5,21.736,22.082,0,438.5
308,81,102,37,21.724,22.07,0,439
308,81,102,37.5,21.736,22.082,0,439.5
308,81,102,38,21.724,22.07,0,440
308,81,102,38.5,21.736,22.082,0,440.5
308,81,102,39,21.748,22.094,0,441
308,81,102,39.5,21.724,22.07,0,441.5
308,81,102,40,21.736,22.082,0,442
308,81,102,40.5,21.712,22.058,0,442.5
308,81,102,41,21.736,22.082,0,443
308,81,102,41.5,21.724,22.07,0,443.5
308,81,102,42,21.736,22.082,0,444
308,81,102,42.5,21.724,22.07,0,444.5
308,81,102,43,21.736,22.082,0,445
308,81,102,43.5,21.736,22.082,0,445.5
308,81,102,44,21.724,22.07,0,446
308,81,102,44.5,21.736,22.082,0,446.5
308,81,102,45,21.724,22.082,0,447
308,81,102,45.5,21.748,22.094,0,447.5
308,81,102,46,21.711,22.082,0,448
308,81,102,46.5,21.724,22.082,0,448.5
308,81,102,47,21.736,22.082,0,449
308,81,102,47.5,21.736,22.082,0,449.5
308,81,102,48,21.724,22.082,0,450
308,81,102,48.5,21.712,22.07,0,450.5
308,81,102,49,21.724,22.082,0,451
308,81,102,49.5,21.711,22.082,0,451.5
308,81,102,50,21.711,22.082,0,452
308,81,102,50.5,21.712,22.07,0,452.5
308,81,102,51,21.711,22.082,0,453
308,81,102,51.5,21.675,22.07,0,453.5
308,81,102,52,21.699,22.082,0,454
308,81,102,52.5,21.699,22.082,0,454.5
308,81,102,53,21.699,22.082,0,455
308,81,102,53.5,21.699,22.082,0,455.5
308,81,102,54,21.699,22.082,0,456
308,81,102,54.5,21.687,22.07,0,456.5
308,81,102,55,21.687,22.082,0,457
308,81,102,55.5,21.699,22.082,0,457.5
308,81,102,56,21.711,22.094,0,458
308,81,102,56.5,21.687,22.082,0,458.5
308,81,102,57,21.699,22.082,0,459
308,81,102,57.5,21.687,22.07,0,459.5
308,81,102,58,21.687,22.07,0,460
308,81,102,58.5,21.711,22.094,0,460.5
308,81,102,59,21.698,22.094,0,461
308,81,102,59.5,21.699,22.082,0,461.5
308,81,103,0,21.687,22.082,0,462
308,81,103,0.5,21.687,22.082,0,462.5
308,81,103,1,21.687,22.082,0,463
308,81,103,1.5,21.675,22.07,0,463.5
308,81,103,2,21.687,22.082,0,464
308,81,103,2.5,21.687,22.082,0,464.5
308,81,103,3,21.687,22.082,0,465
308,81,103,3.5,21.687,22.082,0,465.5
308,81,103,4,21.687,22.082,0,466
308,81,103,4.5,21.687,22.082,0,466.5
308,81,103,5,21.698,22.094,0,467
308,81,103,5.5,21.675,22.07,0,467.5
308,81,103,6,21.687,22.082,0,468
308,81,103,6.5,21.687,22.082,0,468.5
308,81,103,7,21.687,22.082,0,469
308,81,103,7.5,21.687,22.082,0,469.5
308,81,103,8,21.687,22.082,0,470
308,81,103,8.5,21.687,22.082,0,470.5
308,81,103,9,21.687,22.082,0,471
308,81,103,9.5,21.687,22.082,0,471.5
308,81,103,10,21.675,22.07,0,472
308,81,103,10.5,21.675,22.07,0,472.5
308,81,103,11,21.687,22.082,0,473
308,81,103,11.5,21.698,22.094,0,473.5
308,81,103,12,21.698,22.094,0,474
308,81,103,12.5,21.687,22.082,0,474.5
308,81,103,13,21.687,22.082,0,475
308,81,103,13.5,21.687,22.082,0,475.5
308,81,103,14,21.698,22.094,0,476
308,81,103,14.5,21.687,22.082,0,476.5
308,81,103,15,21.687,22.082,0,477
308,81,103,15.5,21.687,22.082,0,477.5
308,81,103,16,21.675,22.07,0,478
308,81,103,16.5,21.687,22.082,0,478.5
308,81,103,17,21.675,22.07,0,479
308,81,103,17.5,21.687,22.082,0,479.5
308,81,103,18,21.687,22.082,0,480
308,81,103,18.5,21.687,22.082,0,480.5
308,81,103,19,21.687,22.082,0,481
308,81,103,19.5,21.687,22.082,0,481.5
308,81,103,20,21.698,22.094,0,482
308,81,103,20.5,21.687,22.082,0,482.5
308,81,103,21,21.687,22.082,0,483
308,81,103,21.5,21.687,22.082,0,483.5
308,81,103,22,21.687,22.082,0,484
308,81,103,22.5,21.698,22.094,0,484.5
308,81,103,23,21.698,22.094,0,485
308,81,103,23.5,21.675,22.07,0,485.5
308,81,103,24,21.687,22.082,0,486
308,81,103,24.5,21.687,22.082,0,486.5
308,81,103,25,21.675,22.07,0,487
308,81,103,25.5,21.674,22.082,0,487.5
308,81,103,26,21.71,22.106,0,488
308,81,103,26.5,21.698,22.094,0,488.5
308,81,103,27,21.686,22.094,0,489
308,81,103,27.5,21.662,22.07,0,489.5
308,81,103,28,21.698,22.094,0,490
308,81,103,28.5,21.674,22.082,0,490.5
308,81,103,29,21.698,22.094,0,491
308,81,103,29.5,21.686,22.094,0,491.5
308,81,103,30,21.698,22.094,0,492
308,81,103,30.5,21.674,22.094,0,492.5
308,81,103,31,21.686,22.094,0,493
308,81,103,31.5,21.71,22.106,0,493.5
308,81,103,32,21.65,22.07,0,494
308,81,103,32.5,21.674,22.082,0,494.5
308,81,103,33,21.662,22.082,0,495
308,81,103,33.5,21.686,22.094,0,495.5
308,81,103,34,21.674,22.094,0,496
308,81,103,34.5,21.662,22.082,0,496.5
308,81,103,35,21.662,22.082,0,497
308,81,103,35.5,21.662,22.082,0,497.5
308,81,103,36,21.662,22.082,0,498
308,81,103,36.5,21.662,22.082,0,498.5
308,81,103,37,21.674,22.082,0,499
308,81,103,37.5,21.65,22.07,0,499.5
308,81,103,38,21.674,22.094,0,500
308,81,103,38.5,21.674,22.082,0,500.5
308,81,103,39,21.674,22.094,0,501
308,81,103,39.5,21.662,22.082,0,501.5
308,81,103,40,21.662,22.082,0,502
308,81,103,40.5,21.674,22.094,0,502.5
308,81,103,41,21.662,22.082,0,503
308,81,103,41.5,21.674,22.094,0,503.5
308,81,103,42,21.662,22.082,0,504
308,81,103,42.5,21.662,22.082,0,504.5
308,81,103,43,21.65,22.07,0,505
308,81,103,43.5,21.65,22.082,0,505.5
308,81,103,44,21.638,22.07,0,506
308,81,103,44.5,21.65,22.082,0,506.5
308,81,103,45,21.674,22.094,0,507
308,81,103,45.5,21.662,22.082,0,507.5
308,81,103,46,21.65,22.082,0,508
308,81,103,46.5,21.661,22.094,0,508.5
308,81,103,47,21.661,22.094,0,509
308,81,103,47.5,21.65,22.082,0,509.5
308,81,103,48,21.662,22.082,0,510
308,81,103,48.5,21.662,22.082,0,510.5
308,81,103,49,21.661,22.094,0,511
308,81,103,49.5,21.662,22.082,0,511.5
308,81,103,50,21.662,22.082,0,512
308,81,103,50.5,21.662,22.082,0,512.5
308,81,103,51,21.662,22.082,0,513
308,81,103,51.5,21.661,22.106,0,513.5
308,81,103,52,21.65,22.082,0,514
308,81,103,52.5,21.637,22.082,0,514.5
308,81,103,53,21.661,22.094,0,515
308,81,103,53.5,21.65,22.082,0,515.5
308,81,103,54,21.661,22.094,0,516
308,81,103,54.5,21.65,22.082,0,516.5
308,81,103,55,21.662,22.082,0,517
308,81,103,55.5,21.65,22.082,0,517.5
308,81,103,56,21.637,22.082,0,518
308,81,103,56.5,21.649,22.094,0,518.5
308,81,103,57,21.661,22.094,0,519
308,81,103,57.5,21.649,22.094,0,519.5
308,81,103,58,21.674,22.094,0,520
308,81,103,58.5,21.637,22.082,0,520.5
308,81,103,59,21.661,22.094,0,521
308,81,103,59.5,21.637,22.082,0,521.5
308,81,104,0,21.685,22.106,0,522
308,81,104,0.5,21.673,22.106,0,522.5
308,81,104,1,21.674,22.094,0,523
308,81,104,1.5,21.661,22.106,0,523.5
308,81,104,2,21.661,22.094,0,524
308,81,104,2.5,21.674,22.094,0,524.5
308,81,104,3,21.661,22.094,0,525
308,81,104,3.5,21.637,22.082,0,525.5
308,81,104,4,21.661,22.094,0,526
308,81,104,4.5,21.649,22.094,0,526.5
308,81,104,5,21.649,22.094,0,527
308,81,104,5.5,21.637,22.082,0,527.5
308,81,104,6,21.673,22.106,0,528
308,81,104,6.5,21.65,22.082,0,528.5
308,81,104,7,21.637,22.082,0,529
308,81,104,7.5,21.637,22.082,0,529.5
308,81,104,8,21.637,22.082,0,530
308,81,104,8.5,21.625,22.07,0,530.5
308,81,104,9,21.661,22.106,0,531
308,81,104,9.5,21.649,22.094,0,531.5
308,81,104,10,21.672,22.117,0,532
308,81,104,10.5,21.637,22.082,0,532.5
308,81,104,11,21.649,22.094,0,533
308,81,104,11.5,21.661,22.106,0,533.5
308,81,104,12,21.637,22.082,0,534
308,81,104,12.5,21.649,22.094,0,534.5
308,81,104,13,21.637,22.082,0,535
308,81,104,13.5,21.661,22.106,0,535.5
308,81,104,14,21.649,22.094,0,536
308,81,104,14.5,21.649,22.094,0,536.5
308,81,104,15,21.649,22.094,0,537
308,81,104,15.5,21.661,22.106,0,537.5
308,81,104,16,21.649,22.094,0,538
308,81,104,16.5,21.649,22.094,0,538.5
308,81,104,17,21.649,22.094,0,539
308,81,104,17.5,21.685,22.106,0,539.5
308,81,104,18,21.637,22.082,0,540
308,81,104,18.5,21.637,22.082,0,540.5
308,81,104,19,21.649,22.094,0,541
308,81,104,19.5,21.637,22.082,0,541.5
308,81,104,20,21.649,22.094,0,542
308,81,104,20.5,21.637,22.082,0,542.5
308,81,104,21,21.637,22.082,0,543
308,81,104,21.5,21.637,22.082,0,543.5
308,81,104,22,21.649,22.094,0,544
308,81,104,22.5,21.637,22.082,0,544.5
308,81,104,23,21.649,22.094,0,545
308,81,104,23.5,21.661,22.106,0,545.5
308,81,104,24,21.649,22.094,0,546
308,81,104,24.5,21.649,22.094,0,546.5
308,81,104,25,21.649,22.094,0,547
308,81,104,25.5,21.637,22.082,0,547.5
308,81,104,26,21.649,22.094,0,548
308,81,104,26.5,21.637,22.082,0,548.5
308,81,104,27,21.637,22.082,0,549
308,81,104,27.5,21.637,22.082,0,549.5
308,81,104,28,21.649,22.094,0,550
308,81,104,28.5,21.661,22.106,0,550.5
308,81,104,29,21.649,22.094,0,551
308,81,104,29.5,21.637,22.082,0,551.5
308,81,104,30,21.649,22.094,0,552
308,81,104,30.5,21.649,22.094,0,552.5
308,81,104,31,21.661,22.106,0,553
308,81,104,31.5,21.649,22.094,0,553.5
308,81,104,32,21.649,22.094,0,554
308,81,104,32.5,21.637,22.082,0,554.5
308,81,104,33,21.637,22.082,0,555
308,81,104,33.5,21.649,22.094,0,555.5
308,81,104,34,21.649,22.094,0,556
308,81,104,34.5,21.661,22.106,0,556.5
308,81,104,35,21.649,22.094,0,557
308,81,104,35.5,21.637,22.082,0,557.5
308,81,104,36,21.649,22.094,0,558
308,81,104,36.5,21.649,22.094,0,558.5
308,81,104,37,21.649,22.094,0,559
308,81,104,37.5,21.649,22.094,0,559.5
308,81,104,38,21.637,22.082,0,560
308,81,104,38.5,21.637,22.082,0,560.5
308,81,104,39,21.637,22.082,0,561
308,81,104,39.5,21.649,22.094,0,561.5
308,81,104,40,21.649,22.094,0,562
308,81,104,40.5,21.626,22.07,0,562.5
308,81,104,41,21.649,22.094,0,563
308,81,104,41.5,21.649,22.094,0,563.5
308,81,104,42,21.637,22.082,0,564
308,81,104,42.5,21.649,22.094,0,564.5
308,81,104,43,21.661,22.106,0,565
308,81,104,43.5,21.661,22.106,0,565.5
308,81,104,44,21.649,22.094,0,566
308,81,104,44.5,21.661,22.106,0,566.5
308,81,104,45,21.649,22.094,0,567
308,81,104,45.5,21.661,22.106,0,567.5
308,81,104,46,21.637,22.082,0,568
308,81,104,46.5,21.649,22.094,0,568.5
308,81,104,47,21.637,22.082,0,569
308,81,104,47.5,21.661,22.106,0,569.5
308,81,104,48,21.661,22.106,0,570
308,81,104,48.5,21.661,22.106,0,570.5
308,81,104,49,21.649,22.094,0,571
308,81,104,49.5,21.637,22.082,0,571.5
308,81,104,50,21.649,22.094,0,572
308,81,104,50.5,21.637,22.082,0,572.5
308,81,104,51,21.649,22.094,0,573
308,81,104,51.5,21.637,22.094,0,573.5
308,81,104,52,21.625,22.082,0,574
308,81,104,52.5,21.637,22.094,0,574.5
308,81,104,53,21.637,22.082,0,575
308,81,104,53.5,21.649,22.094,0,575.5
308,81,104,54,21.649,22.094,0,576
308,81,104,54.5,21.649,22.094,0,576.5
308,81,104,55,21.613,22.082,0,577
308,81,104,55.5,21.649,22.094,0,577.5
308,81,104,56,21.624,22.094,0,578
308,81,104,56.5,21.636,22.106,0,578.5
308,81,104,57,21.624,22.094,0,579
308,81,104,57.5,21.625,22.082,0,579.5
308,81,104,58,21.648,22.106,0,580
308,81,104,58.5,21.637,22.094,0,580.5
308,81,104,59,21.636,22.106,0,581
308,81,104,59.5,21.636,22.106,0,581.5
308,81,105,0,21.637,22.094,0,582
308,81,105,0.5,21.624,22.094,0,582.5
308,81,105,1,21.637,22.094,0,583
308,81,105,1.5,21.649,22.094,0,583.5
308,81,105,2,21.624,22.094,0,584
308,81,105,2.5,21.649,22.094,0,584.5
308,81,105,3,21.624,22.094,0,585
308,81,105,3.5,21.637,22.094,0,585.5
308,81,105,4,21.636,22.106,0,586
308,81,105,4.5,21.637,22.094,0,586.5
308,81,105,5,21.624,22.094,0,587
308,81,105,5.5,21.636,22.106,0,587.5
308,81,105,6,21.637,22.094,0,588
308,81,105,6.5,21.624,22.094,0,588.5
308,81,105,7,21.624,22.094,0,589
308,81,105,7.5,21.625,22.082,0,589.5
308,81,105,8,21.637,22.094,0,590
308,81,105,8.5,21.624,22.094,0,590.5
308,81,105,9,21.636,22.106,0,591
308,81,105,9.5,21.648,22.106,0,591.5
308,81,105,10,21.625,22.082,0,592
308,81,105,10.5,21.624,22.094,0,592.5
308,81,105,11,21.637,22.082,0,593
308,81,105,11.5,21.637,22.094,0,593.5
308,81,105,12,21.612,22.094,0,594
308,81,105,12.5,21.636,22.106,0,594.5
308,81,105,13,21.625,22.082,0,595
308,81,105,13.5,21.612,22.094,0,595.5
308,81,105,14,21.636,22.106,0,596
308,81,105,14.5,21.612,22.094,0,596.5
308,81,105,15,21.625,22.082,0,597
308,81,105,15.5,21.624,22.094,0,597.5
308,81,105,16,21.636,22.117,0,598
308,81,105,16.5,21.611,22.106,0,598.5
308,81,105,17,21.612,22.094,0,599
308,81,105,17.5,21.612,22.094,0,599.5
308,81,105,18,21.611,22.106,0,600
308,81,105,18.5,21.612,22.094,0,600.5
308,81,105,19,21.611,22.106,0,601
308,81,105,19.5,21.612,22.094,0,601.5
308,81,105,20,21.648,22.106,0,602
308,81,105,20.5,21.66,22.117,0,602.5
308,81,105,21,21.611,22.106,0,603
308,81,105,21.5,21.648,22.106,0,603.5
308,81,105,22,21.611,22.106,0,604
308,81,105,22.5,21.624,22.094,0,604.5
308,81,105,23,21.612,22.094,0,605
308,81,105,23.5,21.648,22.117,0,605.5
308,81,105,24,21.624,22.094,0,606
308,81,105,24.5,21.611,22.106,0,606.5
308,81,105,25,21.611,22.106,0,607
308,81,105,25.5,21.588,22.082,0,607.5
308,81,105,26,21.636,22.106,0,608
308,81,105,26.5,21.6,22.094,0,608.5
308,81,105,27,21.624,22.106,0,609
308,81,105,27.5,21.624,22.106,0,609.5
308,81,105,28,21.6,22.094,0,610
308,81,105,28.5,21.611,22.106,0,610.5
308,81,105,29,21.612,22.094,0,611
308,81,105,29.5,21.624,22.106,0,611.5
308,81,105,30,21.588,22.082,0,612
308,81,105,30.5,21.6,22.094,0,612.5
308,81,105,31,21.612,22.094,0,613
308,81,105,31.5,21.611,22.106,0,613.5
308,81,105,32,21.611,22.106,0,614
308,81,105,32.5,21.6,22.094,0,614.5
308,81,105,33,21.611,22.106,0,615
308,81,105,33.5,21.611,22.106,0,615.5
308,81,105,34,21.611,22.106,0,616
308,81,105,34.5,21.588,22.082,0,616.5
308,81,105,35,21.6,22.094,0,617
308,81,105,35.5,21.611,22.106,0,617.5
308,81,105,36,21.611,22.106,0,618
308,81,105,36.5,21.611,22.106,0,618.5
308,81,105,37,21.612,22.094,0,619
308,81,105,37.5,21.624,22.106,0,619.5
308,81,105,38,21.611,22.106,0,620
308,81,105,38.5,21.623,22.117,0,620.5
308,81,105,39,21.611,22.106,0,621
308,81,105,39.5,21.624,22.106,0,621.5
308,81,105,40,21.6,22.094,0,622
308,81,105,40.5,21.611,22.106,0,622.5
308,81,105,41,21.611,22.106,0,623
308,81,105,41.5,21.6,22.094,0,623.5
308,81,105,42,21.611,22.106,0,624
308,81,105,42.5,21.624,22.106,0,624.5
308,81,105,43,21.6,22.094,0,625
308,81,105,43.5,21.611,22.106,0,625.5
308,81,105,44,21.611,22.106,0,626
308,81,105,44.5,21.611,22.106,0,626.5
308,81,105,45,21.624,22.106,0,627
308,81,105,45.5,21.611,22.106,0,627.5
308,81,105,46,21.611,22.106,0,628
308,81,105,46.5,21.611,22.106,0,628.5
308,81,105,47,21.6,22.094,0,629
308,81,105,47.5,21.6,22.094,0,629.5
308,81,105,48,21.611,22.106,0,630
308,81,105,48.5,21.611,22.106,0,630.5
308,81,105,49,21.624,22.106,0,631
308,81,105,49.5,21.623,22.117,0,631.5
308,81,105,50,21.611,22.106,0,632
308,81,105,50.5,21.624,22.106,0,632.5
308,81,105,51,21.624,22.106,0,633
308,81,105,51.5,21.6,22.094,0,633.5
308,81,105,52,21.611,22.106,0,634
308,81,105,52.5,21.6,22.094,0,634.5
308,81,105,53,21.6,22.094,0,635
308,81,105,53.5,21.611,22.106,0,635.5
308,81,105,54,21.611,22.106,0,636
308,81,105,54.5,21.6,22.094,0,636.5
308,81,105,55,21.611,22.106,0,637
308,81,105,55.5,21.623,22.117,0,637.5
308,81,105,56,21.6,22.094,0,638
308,81,105,56.5,21.6,22.094,0,638.5
308,81,105,57,21.623,22.117,0,639
308,81,105,57.5,21.611,22.106,0,639.5
308,81,105,58,21.6,22.094,0,640
308,81,105,58.5,21.611,22.106,0,640.5
308,81,105,59,21.611,22.106,0,641
308,81,105,59.5,21.611,22.106,0,641.5
308,81,106,0,21.6,22.094,0,642
308,81,106,0.5,21.623,22.117,0,642.5
308,81,106,1,21.611,22.106,0,643
308,81,106,1.5,21.611,22.106,0,643.5
308,81,106,2,21.611,22.106,0,644
308,81,106,2.5,21.611,22.106,0,644.5
308,81,106,3,21.611,22.106,0,645
308,81,106,3.5,21.611,22.106,0,645.5
308,81,106,4,21.611,22.106,0,646
308,81,106,4.5,21.611,22.106,0,646.5
308,81,106,5,21.623,22.117,0,647
308,81,106,5.5,21.623,22.117,0,647.5
308,81,106,6,21.611,22.106,0,648
308,81,106,6.5,21.611,22.106,0,648.5
308,81,106,7,21.623,22.117,0,649
308,81,106,7.5,21.6,22.094,0,649.5
308,81,106,8,21.611,22.106,0,650
308,81,106,8.5,21.611,22.106,0,650.5
308,81,106,9,21.623,22.117,0,651
308,81,106,9.5,21.623,22.117,0,651.5
308,81,106,10,21.611,22.106,0,652
308,81,106,10.5,21.611,22.106,0,652.5
308,81,106,11,21.623,22.117,0,653
308,81,106,11.5,21.611,22.106,0,653.5
308,81,106,12,21.611,22.106,0,654
308,81,106,12.5,21.623,22.117,0,654.5
308,81,106,13,21.6,22.094,0,655
308,81,106,13.5,21.611,22.106,0,655.5
308,81,106,14,21.6,22.094,0,656
308,81,106,14.5,21.611,22.106,0,656.5
308,81,106,15,21.611,22.106,0,657
308,81,106,15.5,21.623,22.117,0,657.5
308,81,106,16,21.6,22.094,0,658
308,81,106,16.5,21.611,22.106,0,658.5
308,81,106,17,21.611,22.106,0,659
308,81,106,17.5,21.623,22.117,0,659.5
308,81,106,18,21.611,22.106,0,660
308,81,106,18.5,21.635,22.129,0,660.5
308,81,106,19,21.6,22.094,0,661
308,81,106,19.5,21.6,22.094,0,661.5
308,81,106,20,21.6,22.094,0,662
308,81,106,20.5,21.623,22.117,0,662.5
308,81,106,21,21.599,22.106,0,663
308,81,106,21.5,21.611,22.106,0,663.5
308,81,106,22,21.599,22.106,0,664
308,81,106,22.5,21.611,22.106,0,664.5
308,81,106,23,21.611,22.106,0,665
308,81,106,23.5,21.587,22.094,0,665.5
308,81,106,24,21.599,22.106,0,666
308,81,106,24.5,21.599,22.106,0,666.5
308,81,106,25,21.599,22.106,0,667
308,81,106,25.5,21.611,22.106,0,667.5
308,81,106,26,21.598,22.117,0,668
308,81,106,26.5,21.611,22.117,0,668.5
308,81,106,27,21.611,22.117,0,669
308,81,106,27.5,21.611,22.106,0,669.5
308,81,106,28,21.6,22.094,0,670
308,81,106,28.5,21.599,22.106,0,670.5
308,81,106,29,21.599,22.106,0,671
308,81,106,29.5,21.6,22.094,0,671.5
308,81,106,30,21.611,22.117,0,672
308,81,106,30.5,21.611,22.117,0,672.5
308,81,106,31,21.575,22.094,0,673
308,81,106,31.5,21.611,22.117,0,673.5
308,81,106,32,21.598,22.117,0,674
308,81,106,32.5,21.611,22.106,0,674.5
308,81,106,33,21.623,22.117,0,675
308,81,106,33.5,21.599,22.106,0,675.5
308,81,106,34,21.623,22.117,0,676
308,81,106,34.5,21.623,22.117,0,676.5
308,81,106,35,21.587,22.106,0,677
308,81,106,35.5,21.623,22.117,0,677.5
308,81,106,36,21.611,22.117,0,678
308,81,106,36.5,21.599,22.106,0,678.5
308,81,106,37,21.587,22.094,0,679
308,81,106,37.5,21.587,22.106,0,679.5
308,81,106,38,21.599,22.106,0,680
308,81,106,38.5,21.587,22.094,0,680.5
308,81,106,39,21.611,22.106,0,681
308,81,106,39.5,21.611,22.117,0,681.5
308,81,106,40,21.611,22.106,0,682
308,81,106,40.5,21.598,22.117,0,682.5
308,81,106,41,21.599,22.106,0,683
308,81,106,41.5,21.599,22.106,0,683.5
308,81,106,42,21.611,22.117,0,684
308,81,106,42.5,21.599,22.106,0,684.5
308,81,106,43,21.599,22.106,0,685
308,81,106,43.5,21.598,22.117,0,685.5
308,81,106,44,21.587,22.106,0,686
308,81,106,44.5,21.611,22.106,0,686.5
308,81,106,45,21.587,22.106,0,687
308,81,106,45.5,21.611,22.117,0,687.5
308,81,106,46,21.586,22.117,0,688
308,81,106,46.5,21.598,22.117,0,688.5
308,81,106,47,21.599,22.106,0,689
308,81,106,47.5,21.587,22.106,0,689.5
308,81,106,48,21.611,22.106,0,690
308,81,106,48.5,21.611,22.117,0,690.5
308,81,106,49,21.598,22.117,0,691
308,81,106,49.5,21.598,22.117,0,691.5
308,81,106,50,21.598,22.117,0,692
308,81,106,50.5,21.587,22.106,0,692.5
308,81,106,51,21.587,22.106,0,693
308,81,106,51.5,21.598,22.117,0,693.5
308,81,106,52,21.598,22.117,0,694
308,81,106,52.5,21.586,22.129,0,694.5
308,81,106,53,21.574,22.106,0,695
308,81,106,53.5,21.598,22.117,0,695.5
308,81,106,54,21.598,22.117,0,696
308,81,106,54.5,21.586,22.117,0,696.5
308,81,106,55,21.598,22.117,0,697
308,81,106,55.5,21.587,22.106,0,697.5
308,81,106,56,21.598,22.117,0,698
308,81,106,56.5,21.598,22.117,0,698.5
308,81,106,57,21.586,22.117,0,699
308,81,106,57.5,21.563,22.094,0,699.5
308,81,106,58,21.599,22.106,0,700
308,81,106,58.5,21.598,22.117,0,700.5
308,81,106,59,21.574,22.117,0,701
308,81,106,59.5,21.562,22.106,0,701.5
308,81,107,0,21.598,22.117,0,702
308,81,107,0.5,21.598,22.117,0,702.5
308,81,107,1,21.598,22.117,0,703
308,81,107,1.5,21.587,22.106,0,703.5
308,81,107,2,21.574,22.106,0,704
308,81,107,2.5,21.598,22.117,0,704.5
308,81,107,3,21.586,22.129,0,705
308,81,107,3.5,21.562,22.106,0,705.5
308,81,107,4,21.598,22.117,0,706
308,81,107,4.5,21.586,22.117,0,706.5
308,81,107,5,21.574,22.106,0,707
308,81,107,5.5,21.586,22.117,0,707.5
308,81,107,6,21.574,22.106,0,708
308,81,107,6.5,21.586,22.117,0,708.5
308,81,107,7,21.574,22.106,0,709
308,81,107,7.5,21.574,22.117,0,709.5
308,81,107,8,21.586,22.117,0,710
308,81,107,8.5,21.586,22.117,0,710.5
308,81,107,9,21.574,22.117,0,711
308,81,107,9.5,21.586,22.117,0,711.5
308,81,107,10,21.586,22.117,0,712
308,81,107,10.5,21.562,22.106,0,712.5
308,81,107,11,21.562,22.106,0,713
308,81,107,11.5,21.587,22.106,0,713.5
308,81,107,12,21.574,22.106,0,714
308,81,107,12.5,21.574,22.106,0,714.5
308,81,107,13,21.562,22.106,0,715
308,81,107,13.5,21.562,22.106,0,715.5
308,81,107,14,21.586,22.129,0,716
308,81,107,14.5,21.586,22.117,0,716.5
308,81,107,15,21.586,22.129,0,717
308,81,107,15.5,21.562,22.106,0,717.5
308,81,107,16,21.586,22.117,0,718
308,81,107,16.5,21.574,22.117,0,718.5
308,81,107,17,21.586,22.129,0,719
308,81,107,17.5,21.574,22.117,0,719.5
308,81,107,18,21.598,22.117,0,720
308,81,107,18.5,21.586,22.117,0,720.5
308,81,107,19,21.586,22.117,0,721
308,81,107,19.5,21.586,22.117,0,721.5
308,81,107,20,21.586,22.129,0,722
308,81,107,20.5,21.574,22.117,0,722.5
308,81,107,21,21.574,22.117,0,723
308,81,107,21.5,21.574,22.117,0,723.5
308,81,107,22,21.574,22.117,0,724
308,81,107,22.5,21.586,22.117,0,724.5
308,81,107,23,21.574,22.106,0,725
308,81,107,23.5,21.574,22.117,0,725.5
308,81,107,24,21.574,22.117,0,726
308,81,107,24.5,21.574,22.117,0,726.5
308,81,107,25,21.574,22.117,0,727
308,81,107,25.5,21.586,22.117,0,727.5
308,81,107,26,21.587,22.118,0,728
308,81,107,26.5,21.586,22.13,0,728.5
308,81,107,27,21.562,22.106,0,729
308,81,107,27.5,21.562,22.106,0,729.5
308,81,107,28,21.562,22.106,0,730
308,81,107,28.5,21.586,22.13,0,730.5
308,81,107,29,21.562,22.106,0,731
308,81,107,29.5,21.574,22.118,0,731.5
308,81,107,30,21.562,22.106,0,732
308,81,107,30.5,21.574,22.118,0,732.5
308,81,107,31,21.586,22.13,0,733
308,81,107,31.5,21.574,22.118,0,733.5
308,81,107,32,21.586,22.13,0,734
308,81,107,32.5,21.586,22.13,0,734.5
308,81,107,33,21.562,22.106,0,735
308,81,107,33.5,21.574,22.118,0,735.5
308,81,107,34,21.562,22.106,0,736
308,81,107,34.5,21.574,22.118,0,736.5
308,81,107,35,21.562,22.106,0,737
308,81,107,35.5,21.574,22.118,0,737.5
308,81,107,36,21.574,22.118,0,738
308,81,107,36.5,21.586,22.13,0,738.5
308,81,107,37,21.574,22.118,0,739
308,81,107,37.5,21.574,22.118,0,739.5
308,81,107,38,21.562,22.106,0,740
308,81,107,38.5,21.574,22.118,0,740.5
308,81,107,39,21.574,22.118,0,741
308,81,107,39.5,21.574,22.118,0,741.5
308,81,107,40,21.574,22.118,0,742
308,81,107,40.5,21.574,22.118,0,742.5
308,81,107,41,21.574,22.118,0,743
308,81,107,41.5,21.586,22.13,0,743.5
308,81,107,42,21.586,22.13,0,744
308,81,107,42.5,21.574,22.118,0,744.5
308,81,107,43,21.574,22.118,0,745
308,81,107,43.5,21.586,22.13,0,745.5
308,81,107,44,21.562,22.106,0,746
308,81,107,44.5,21.574,22.118,0,746.5
308,81,107,45,21.586,22.13,0,747
308,81,107,45.5,21.586,22.13,0,747.5
308,81,107,46,21.574,22.118,0,748
308,81,107,46.5,21.562,22.106,0,748.5
308,81,107,47,21.598,22.141,0,749
308,81,107,47.5,21.574,22.118,0,749.5
308,81,107,48,21.586,22.13,0,750
308,81,107,48.5,21.574,22.118,0,750.5
308,81,107,49,21.574,22.118,0,751
308,81,107,49.5,21.574,22.118,0,751.5
308,81,107,50,21.586,22.13,0,752
308,81,107,50.5,21.574,22.118,0,752.5
308,81,107,51,21.574,22.118,0.32149,753
308,81,107,51.5,21.574,22.118,0,753.5
308,81,107,52,21.574,22.118,0,754
308,81,107,52.5,21.574,22.118,0,754.5
308,81,107,53,21.574,22.118,0,755
308,81,107,53.5,21.574,22.118,0,755.5
308,81,107,54,21.574,22.118,0,756
308,81,107,54.5,21.574,22.118,0,756.5
308,81,107,55,21.574,22.118,0,757
308,81,107,55.5,21.562,22.106,0,757.5
308,81,107,56,21.562,22.106,0,758
308,81,107,56.5,21.585,22.141,0,758.5
308,81,107,57,21.551,22.094,0,759
308,81,107,57.5,21.574,22.118,0,759.5
308,81,107,58,21.574,22.118,0,760
308,81,107,58.5,21.574,22.118,0,760.5
308,81,107,59,21.574,22.118,0,761
308,81,107,59.5,21.562,22.106,0,761.5
308,81,108,0,21.574,22.118,0,762
308,81,108,0.5,21.574,22.118,0,762.5
308,81,108,1,21.586,22.13,0.32149,763
308,81,108,1.5,21.586,22.13,0,763.5
308,81,108,2,21.598,22.141,0,764
308,81,108,2.5,21.574,22.118,0,764.5
308,81,108,3,21.574,22.118,0,765
308,81,108,3.5,21.586,22.13,0,765.5
308,81,108,4,21.574,22.118,0,766
308,81,108,4.5,21.574,22.118,0,766.5
308,81,108,5,21.586,22.13,0,767
308,81,108,5.5,21.574,22.118,0,767.5
308,81,108,6,21.562,22.118,0,768
308,81,108,6.5,21.598,22.141,0,768.5
308,81,108,7,21.574,22.118,0,769
308,81,108,7.5,21.562,22.106,0,769.5
308,81,108,8,21.574,22.118,0,770
308,81,108,8.5,21.574,22.118,0,770.5
308,81,108,9,21.574,22.118,0,771
308,81,108,9.5,21.574,22.118,0,771.5
308,81,108,10,21.574,22.118,0,772
308,81,108,10.5,21.574,22.118,0,772.5
308,81,108,11,21.574,22.118,0,773
308,81,108,11.5,21.586,22.13,0,773.5
308,81,108,12,21.574,22.118,0,774
308,81,108,12.5,21.574,22.118,0,774.5
308,81,108,13,21.586,22.13,0,775
308,81,108,13.5,21.598,22.141,0,775.5
308,81,108,14,21.562,22.106,0,776
308,81,108,14.5,21.574,22.118,0,776.5
308,81,108,15,21.562,22.106,0,777
308,81,108,15.5,21.574,22.118,0,777.5
308,81,108,16,21.586,22.13,0,778
308,81,108,16.5,21.586,22.13,0,778.5
308,81,108,17,21.562,22.106,0,779
308,81,108,17.5,21.598,22.141,0,779.5
308,81,108,18,21.562,22.118,0,780
308,81,108,18.5,21.574,22.118,0,780.5
308,81,108,19,21.574,22.118,0,781
308,81,108,19.5,21.574,22.118,0,781.5
308,81,108,20,21.586,22.13,0,782
308,81,108,20.5,21.574,22.118,0,782.5
308,81,108,21,21.586,22.13,0,783
308,81,108,21.5,21.598,22.141,0,783.5
308,81,108,22,21.586,22.13,0,784
308,81,108,22.5,21.586,22.13,0,784.5
308,81,108,23,21.598,22.141,0,785
308,81,108,23.5,21.574,22.118,0,785.5
308,81,108,24,21.574,22.118,0,786
308,81,108,24.5,21.574,22.118,0,786.5
308,81,108,25,21.586,22.13,0,787
308,81,108,25.5,21.586,22.13,0,787.5
308,81,108,26,21.586,22.13,0,788
308,81,108,26.5,21.574,22.118,0,788.5
308,81,108,27,21.574,22.118,0,789
308,81,108,27.5,21.586,22.13,0,789.5
308,81,108,28,21.586,22.13,0,790
308,81,108,28.5,21.574,22.118,0,790.5
308,81,108,29,21.562,22.106,0,791
308,81,108,29.5,21.598,22.141,0,791.5
308,81,108,30,21.574,22.118,0,792
308,81,108,30.5,21.586,22.13,0,792.5
308,81,108,31,21.598,22.141,0,793
308,81,108,31.5,21.586,22.13,0,793.5
308,81,108,32,21.597,22.153,0,794
308,81,108,32.5,21.586,22.13,0,794.5
308,81,108,33,21.598,22.141,0,795
308,81,108,33.5,21.574,22.118,0,795.5
308,81,108,34,21.574,22.118,0,796
308,81,108,34.5,21.562,22.118,0,796.5
308,81,108,35,21.574,22.118,0,797
308,81,108,35.5,21.562,22.118,0,797.5
308,81,108,36,21.562,22.118,0,798
308,81,108,36.5,21.585,22.141,0,798.5
308,81,108,37,21.586,22.13,0,799
308,81,108,37.5,21.574,22.118,0,799.5
308,81,108,38,21.562,22.118,0,800
308,81,108,38.5,21.586,22.13,0,800.5
308,81,108,39,21.562,22.118,0,801
308,81,108,39.5,21.562,22.118,0,801.5
308,81,108,40,21.549,22.118,0,802
308,81,108,40.5,21.585,22.141,0,802.5
308,81,108,41,21.561,22.13,0,803
308,81,108,41.5,21.561,22.13,0,803.5
308,81,108,42,21.574,22.13,0,804
308,81,108,42.5,21.561,22.13,0,804.5
308,81,108,43,21.574,22.13,0,805
308,81,108,43.5,21.549,22.118,0,805.5
308,81,108,44,21.574,22.13,0,806
308,81,108,44.5,21.586,22.13,0,806.5
308,81,108,45,21.562,22.118,0,807
308,81,108,45.5,21.598,22.141,0,807.5
308,81,108,46,21.598,22.141,0,808
308,81,108,46.5,21.586,22.13,0,808.5
308,81,108,47,21.574,22.13,0,809
308,81,108,47.5,21.574,22.13,0,809.5
308,81,108,48,21.574,22.118,0,810
308,81,108,48.5,21.586,22.13,0,810.5
308,81,108,49,21.586,22.13,0,811
308,81,108,49.5,21.561,22.13,0,811.5
308,81,108,50,21.574,22.13,0,812
308,81,108,50.5,21.562,22.118,0,812.5
308,81,108,51,21.574,22.13,0,813
308,81,108,51.5,21.574,22.13,0,813.5
308,81,108,52,21.574,22.118,0,814
308,81,108,52.5,21.586,22.13,0,814.5
308,81,108,53,21.574,22.118,0,815
308,81,108,53.5,21.562,22.118,0,815.5
308,81,108,54,21.585,22.141,0,816
308,81,108,54.5,21.561,22.13,0,816.5
308,81,108,55,21.562,22.118,0,817
308,81,108,55.5,21.573,22.141,0,817.5
308,81,108,56,21.561,22.13,0,818
308,81,108,56.5,21.562,22.118,0,818.5
308,81,108,57,21.561,22.13,0,819
308,81,108,57.5,21.585,22.141,0,819.5
308,81,108,58,21.598,22.141,0,820
308,81,108,58.5,21.585,22.141,0,820.5
308,81,108,59,21.585,22.141,0,821
308,81,108,59.5,21.574,22.13,0,821.5
308,81,109,0,21.574,22.118,0,822
308,81,109,0.5,21.549,22.118,0,822.5
308,81,109,1,21.562,22.118,0,823
308,81,109,1.5,21.574,22.13,0,823.5
308,81,109,2,21.561,22.13,0,824
308,81,109,2.5,21.561,22.13,0,824.5
308,81,109,3,21.561,22.13,0,825
308,81,109,3.5,21.573,22.141,0,825.5
308,81,109,4,21.549,22.118,0,826
308,81,109,4.5,21.574,22.13,0,826.5
308,81,109,5,21.561,22.13,0,827
308,81,109,5.5,21.549,22.118,0,827.5
308,81,109,6,21.562,22.118,0,828
308,81,109,6.5,21.549,22.118,0,828.5
308,81,109,7,21.561,22.13,0,829
308,81,109,7.5,21.574,22.118,0,829.5
308,81,109,8,21.561,22.13,0,830
308,81,109,8.5,21.585,22.141,0,830.5
308,81,109,9,21.561,22.13,0,831
308,81,109,9.5,21.574,22.13,0,831.5
308,81,109,10,21.561,22.13,0,832
308,81,109,10.5,21.573,22.141,0,832.5
308,81,109,11,21.574,22.118,0,833
308,81,109,11.5,21.561,22.13,0,833.5
308,81,109,12,21.574,22.13,0,834
308,81,109,12.5,21.585,22.141,0,834.5
308,81,109,13,21.574,22.13,0,835
308,81,109,13.5,21.562,22.118,0,835.5
308,81,109,14,21.586,22.13,0,836
308,81,109,14.5,21.585,22.141,0,836.5
308,81,109,15,21.549,22.118,0,837
308,81,109,15.5,21.573,22.141,0,837.5
308,81,109,16,21.549,22.118,0,838
308,81,109,16.5,21.561,22.13,0,838.5
308,81,109,17,21.573,22.141,0,839
308,81,109,17.5,21.573,22.141,0,839.5
308,81,109,18,21.562,22.118,0,840
308,81,109,18.5,21.561,22.13,0,840.5
308,81,109,19,21.561,22.13,0,841
308,81,109,19.5,21.598,22.141,0,841.5
308,81,109,20,21.549,22.13,0,842
308,81,109,20.5,21.574,22.13,0,842.5
308,81,109,21,21.573,22.141,0,843
308,81,109,21.5,21.561,22.13,0,843.5
308,81,109,22,21.573,22.141,0,844
308,81,109,22.5,21.549,22.13,0,844.5
308,81,109,23,21.574,22.13,0,845
308,81,109,23.5,21.561,22.13,0,845.5
308,81,109,24,21.561,22.13,0,846
308,81,109,24.5,21.561,22.13,0,846.5
308,81,109,25,21.561,22.13,0,847
308,81,109,25.5,21.561,22.13,0,847.5
308,81,109,26,21.561,22.13,0,848
308,81,109,26.5,21.561,22.13,0,848.5
308,81,109,27,21.573,22.141,0,849
308,81,109,27.5,21.573,22.141,0,849.5
308,81,109,28,21.549,22.118,0,850
308,81,109,28.5,21.574,22.13,0,850.5
308,81,109,29,21.561,22.13,0,851
308,81,109,29.5,21.561,22.13,0,851.5
308,81,109,30,21.549,22.118,0,852
308,81,109,30.5,21.573,22.141,0,852.5
308,81,109,31,21.573,22.141,0,853
308,81,109,31.5,21.549,22.118,0,853.5
308,81,109,32,21.549,22.118,0,854
308,81,109,32.5,21.561,22.13,0,854.5
308,81,109,33,21.561,22.13,0,855
308,81,109,33.5,21.549,22.118,0,855.5
308,81,109,34,21.561,22.13,0,856
308,81,109,34.5,21.549,22.118,0,856.5
308,81,109,35,21.573,22.141,0,857
308,81,109,35.5,21.549,22.118,0,857.5
308,81,109,36,21.561,22.13,0,858
308,81,109,36.5,21.573,22.141,0,858.5
308,81,109,37,21.549,22.118,0,859
308,81,109,37.5,21.573,22.141,0,859.5
308,81,109,38,21.561,22.13,0,860
308,81,109,38.5,21.573,22.141,0,860.5
308,81,109,39,21.549,22.118,0,861
308,81,109,39.5,21.561,22.13,0,861.5
308,81,109,40,21.561,22.13,0,862
308,81,109,40.5,21.573,22.141,0,862.5
308,81,109,41,21.561,22.13,0,863
308,81,109,41.5,21.561,22.13,0,863.5
308,81,109,42,21.573,22.141,0,864
308,81,109,42.5,21.549,22.118,0,864.5
308,81,109,43,21.561,22.13,0,865
308,81,109,43.5,21.549,22.118,0,865.5
308,81,109,44,21.549,22.118,0,866
308,81,109,44.5,21.561,22.13,0,866.5
308,81,109,45,21.561,22.13,0,867
308,81,109,45.5,21.597,22.153,0,867.5
308,81,109,46,21.561,22.13,0,868
308,81,109,46.5,21.561,22.13,0,868.5
308,81,109,47,21.561,22.13,0,869
308,81,109,47.5,21.561,22.13,0,869.5
308,81,109,48,21.573,22.141,0,870
308,81,109,48.5,21.561,22.13,0,870.5
308,81,109,49,21.561,22.13,0,871
308,81,109,49.5,21.561,22.13,0,871.5
308,81,109,50,21.561,22.141,0,872
308,81,109,50.5,21.549,22.118,0,872.5
308,81,109,51,21.549,22.13,0,873
308,81,109,51.5,21.549,22.13,0,873.5
308,81,109,52,21.537,22.13,0,874
308,81,109,52.5,21.561,22.141,0,874.5
308,81,109,53,21.537,22.118,0,875
308,81,109,53.5,21.585,22.153,0,875.5
308,81,109,54,21.573,22.141,0,876
308,81,109,54.5,21.537,22.118,0,876.5
308,81,109,55,21.573,22.141,0,877
308,81,109,55.5,21.573,22.141,0,877.5
308,81,109,56,21.561,22.13,0,878
308,81,109,56.5,21.549,22.13,0,878.5
308,81,109,57,21.537,22.13,0,879
308,81,109,57.5,21.537,22.118,0,879.5
308,81,109,58,21.56,22.153,0,880
308,81,109,58.5,21.549,22.13,0,880.5
308,81,109,59,21.573,22.141,0,881
308,81,109,59.5,21.573,22.141,0,881.5
308,81,110,0,21.561,22.141,0,882
308,81,110,0.5,21.561,22.13,0,882.5
308,81,110,1,21.549,22.13,0,883
308,81,110,1.5,21.537,22.118,0,883.5
308,81,110,2,21.561,22.13,0,884
308,81,110,2.5,21.549,22.13,0,884.5
308,81,110,3,21.585,22.153,0,885
308,81,110,3.5,21.549,22.118,0,885.5
308,81,110,4,21.549,22.13,0,886
308,81,110,4.5,21.561,22.13,0,886.5
308,81,110,5,21.573,22.141,0,887
308,81,110,5.5,21.561,22.13,0,887.5
308,81,110,6,21.561,22.13,0,888
308,81,110,6.5,21.549,22.118,0,888.5
308,81,110,7,21.561,22.13,0,889
308,81,110,7.5,21.561,22.141,0,889.5
308,81,110,8,21.525,22.118,0,890
308,81,110,8.5,21.513,22.106,0,890.5
308,81,110,9,21.537,22.13,0,891
308,81,110,9.5,21.573,22.141,0,891.5
308,81,110,10,21.548,22.141,0,892
308,81,110,10.5,21.549,22.13,0,892.5
308,81,110,11,21.537,22.13,0,893
308,81,110,11.5,21.561,22.13,0,893.5
308,81,110,12,21.561,22.141,0,894
308,81,110,12.5,21.537,22.13,0,894.5
308,81,110,13,21.561,22.141,0,895
308,81,110,13.5,21.561,22.13,0,895.5
308,81,110,14,21.561,22.13,0,896
308,81,110,14.5,21.573,22.141,0,896.5
308,81,110,15,21.561,22.141,0,897
308,81,110,15.5,21.573,22.141,0,897.5
308,81,110,16,21.573,22.141,0,898
308,81,110,16.5,21.573,22.141,0,898.5
308,81,110,17,21.561,22.13,0,899
308,81,110,17.5,21.561,22.13,0,899.5
308,81,110,18,21.561,22.13,0,900
