0, 0.2, 0.2, 0.2, 0.2, 0.2
0, 0.25, 0.2, 0.25, 0.25, 0.25
0, 0.3, 0.2, 0.3, 0.3, 0.3
0, 0.35, 0.2, 0.35, 0.35, 0.35
0, 0.2, 0.25, 0.2, 0.2, 0.2
0, 0.25, 0.25, 0.25, 0.25, 0.25
0, 0.3, 0.25, 0.3, 0.3, 0.3
0, 0.35, 0.25, 0.35, 0.35, 0.35
0, 0.2, 0.3, 0.2, 0.2, 0.2
0, 0.25, 0.3, 0.25, 0.25, 0.25
0, 0.3, 0.3, 0.3, 0.3, 0.3
0, 0.35, 0.3, 0.35, 0.35, 0.35
0, 0.2, 0.35, 0.2, 0.2, 0.2
0, 0.25, 0.35, 0.25, 0.25, 0.25
0, 0.3, 0.35, 0.3, 0.3, 0.3
0, 0.35, 0.35, 0.35, 0.35, 0.35
1, 0.2, 0.2, 0.2, 0.2, 0.2
1, 0.25, 0.2, 0.250857258093, 0.25, 0.250857258093
1, 0.3, 0.2, 0.301714516186, 0.3, 0.301714516186
1, 0.35, 0.2, 0.352571774279, 0.35, 0.352571774279
1, 0.2, 0.25, 0.199142741907, 0.2, 0.199142741907
1, 0.25, 0.25, 0.25, 0.25, 0.25
1, 0.3, 0.25, 0.300857258093, 0.3, 0.300857258093
1, 0.35, 0.25, 0.351714516186, 0.35, 0.351714516186
1, 0.2, 0.3, 0.198285483814, 0.2, 0.198285483814
1, 0.25, 0.3, 0.249142741907, 0.25, 0.249142741907
1, 0.3, 0.3, 0.3, 0.3, 0.3
1, 0.35, 0.3, 0.350857258093, 0.35, 0.350857258093
1, 0.2, 0.35, 0.197428225721, 0.2, 0.197428225721
1, 0.25, 0.35, 0.248285483814, 0.25, 0.248285483814
1, 0.3, 0.35, 0.299142741907, 0.3, 0.299142741907
1, 0.35, 0.35, 0.35, 0.35, 0.35
2, 0.2, 0.2, 0.2, 0.2, 0.2
2, 0.25, 0.2, 0.2516830131, 0.25, 0.2516830131
2, 0.3, 0.2, 0.3033660262, 0.3, 0.3033660262
2, 0.35, 0.2, 0.3550490393, 0.35, 0.3550490393
2, 0.2, 0.25, 0.1983169869, 0.2, 0.1983169869
2, 0.25, 0.25, 0.25, 0.25, 0.25
2, 0.3, 0.25, 0.3016830131, 0.3, 0.3016830131
2, 0.35, 0.25, 0.3533660262, 0.35, 0.3533660262
2, 0.2, 0.3, 0.1966339738, 0.2, 0.1966339738
2, 0.25, 0.3, 0.2483169869, 0.25, 0.2483169869
2, 0.3, 0.3, 0.3, 0.3, 0.3
2, 0.35, 0.3, 0.3516830131, 0.35, 0.3516830131
2, 0.2, 0.35, 0.1949509607, 0.2, 0.1949509607
2, 0.25, 0.35, 0.2466339738, 0.25, 0.2466339738
2, 0.3, 0.35, 0.2983169869, 0.3, 0.2983169869
2, 0.35, 0.35, 0.35, 0.35, 0.35
3, 0.2, 0.2, 0.2, 0.2, 0.2
3, 0.25, 0.2, 0.252476258966, 0.25, 0.252476258966
3, 0.3, 0.2, 0.304952517932, 0.3, 0.304952517932
3, 0.35, 0.2, 0.357428776898, 0.35, 0.357428776898
3, 0.2, 0.25, 0.197523741034, 0.2, 0.197523741034
3, 0.25, 0.25, 0.25, 0.25, 0.25
3, 0.3, 0.25, 0.302476258966, 0.3, 0.302476258966
3, 0.35, 0.25, 0.354952517932, 0.35, 0.354952517932
3, 0.2, 0.3, 0.195047482068, 0.2, 0.195047482068
3, 0.25, 0.3, 0.247523741034, 0.25, 0.247523741034
3, 0.3, 0.3, 0.3, 0.3, 0.3
3, 0.35, 0.3, 0.352476258966, 0.35, 0.352476258966
3, 0.2, 0.35, 0.192571223102, 0.2, 0.192571223102
3, 0.25, 0.35, 0.245047482068, 0.25, 0.245047482068
3, 0.3, 0.35, 0.297523741034, 0.3, 0.297523741034
3, 0.35, 0.35, 0.35, 0.35, 0.35
4, 0.2, 0.2, 0.2, 0.2, 0.2
4, 0.25, 0.2, 0.253236029243, 0.25, 0.253236029243
4, 0.3, 0.2, 0.306472058485, 0.3, 0.306472058485
4, 0.35, 0.2, 0.359708087728, 0.35, 0.359708087728
4, 0.2, 0.25, 0.196763970757, 0.2, 0.196763970757
4, 0.25, 0.25, 0.25, 0.25, 0.25
4, 0.3, 0.25, 0.303236029243, 0.3, 0.303236029243
4, 0.35, 0.25, 0.356472058485, 0.35, 0.356472058485
4, 0.2, 0.3, 0.193527941515, 0.2, 0.193527941515
4, 0.25, 0.3, 0.246763970757, 0.25, 0.246763970757
4, 0.3, 0.3, 0.3, 0.3, 0.3
4, 0.35, 0.3, 0.353236029243, 0.35, 0.353236029243
4, 0.2, 0.35, 0.190291912272, 0.2, 0.190291912272
4, 0.25, 0.35, 0.243527941515, 0.25, 0.243527941515
4, 0.3, 0.35, 0.296763970757, 0.3, 0.296763970757
4, 0.35, 0.35, 0.35, 0.35, 0.35
5, 0.2, 0.2, 0.2, 0.2, 0.2
5, 0.25, 0.2, 0.253961398267, 0.25, 0.253961398267
5, 0.3, 0.2, 0.307922796534, 0.3, 0.307922796534
5, 0.35, 0.2, 0.361884194801, 0.35, 0.361884194801
5, 0.2, 0.25, 0.196038601733, 0.2, 0.196038601733
5, 0.25, 0.25, 0.25, 0.25, 0.25
5, 0.3, 0.25, 0.303961398267, 0.3, 0.303961398267
5, 0.35, 0.25, 0.357922796534, 0.35, 0.357922796534
5, 0.2, 0.3, 0.192077203466, 0.2, 0.192077203466
5, 0.25, 0.3, 0.246038601733, 0.25, 0.246038601733
5, 0.3, 0.3, 0.3, 0.3, 0.3
5, 0.35, 0.3, 0.353961398267, 0.35, 0.353961398267
5, 0.2, 0.35, 0.188115805199, 0.2, 0.188115805199
5, 0.25, 0.35, 0.242077203466, 0.25, 0.242077203466
5, 0.3, 0.35, 0.296038601733, 0.3, 0.296038601733
5, 0.35, 0.35, 0.35, 0.35, 0.35
6, 0.2, 0.2, 0.2, 0.2, 0.2
6, 0.25, 0.2, 0.254651482289, 0.25, 0.254651482289
6, 0.3, 0.2, 0.309302964578, 0.3, 0.309302964578
6, 0.35, 0.2, 0.363954446866, 0.35, 0.363954446866
6, 0.2, 0.25, 0.195348517711, 0.2, 0.195348517711
6, 0.25, 0.25, 0.25, 0.25, 0.25
6, 0.3, 0.25, 0.304651482289, 0.3, 0.304651482289
6, 0.35, 0.25, 0.359302964578, 0.35, 0.359302964578
6, 0.2, 0.3, 0.190697035422, 0.2, 0.190697035422
6, 0.25, 0.3, 0.245348517711, 0.25, 0.245348517711
6, 0.3, 0.3, 0.3, 0.3, 0.3
6, 0.35, 0.3, 0.354651482289, 0.35, 0.354651482289
6, 0.2, 0.35, 0.186045553134, 0.2, 0.186045553134
6, 0.25, 0.35, 0.240697035422, 0.25, 0.240697035422
6, 0.3, 0.35, 0.295348517711, 0.3, 0.295348517711
6, 0.35, 0.35, 0.35, 0.35, 0.35
7, 0.2, 0.2, 0.2, 0.2, 0.2
7, 0.25, 0.2, 0.255305440547, 0.25, 0.255305440547
7, 0.3, 0.2, 0.310610881094, 0.3, 0.310610881094
7, 0.35, 0.2, 0.365916321641, 0.35, 0.365916321641
7, 0.2, 0.25, 0.194694559453, 0.2, 0.194694559453
7, 0.25, 0.25, 0.25, 0.25, 0.25
7, 0.3, 0.25, 0.305305440547, 0.3, 0.305305440547
7, 0.35, 0.25, 0.360610881094, 0.35, 0.360610881094
7, 0.2, 0.3, 0.189389118906, 0.2, 0.189389118906
7, 0.25, 0.3, 0.244694559453, 0.25, 0.244694559453
7, 0.3, 0.3, 0.3, 0.3, 0.3
7, 0.35, 0.3, 0.355305440547, 0.35, 0.355305440547
7, 0.2, 0.35, 0.184083678359, 0.2, 0.184083678359
7, 0.25, 0.35, 0.239389118906, 0.25, 0.239389118906
7, 0.3, 0.35, 0.294694559453, 0.3, 0.294694559453
7, 0.35, 0.35, 0.35, 0.35, 0.35
8, 0.2, 0.2, 0.2, 0.2, 0.2
8, 0.25, 0.2, 0.255922476294, 0.25, 0.255922476294
8, 0.3, 0.2, 0.311844952588, 0.3, 0.311844952588
8, 0.35, 0.2, 0.367767428882, 0.35, 0.367767428882
8, 0.2, 0.25, 0.194077523706, 0.2, 0.194077523706
8, 0.25, 0.25, 0.25, 0.25, 0.25
8, 0.3, 0.25, 0.305922476294, 0.3, 0.305922476294
8, 0.35, 0.25, 0.361844952588, 0.35, 0.361844952588
8, 0.2, 0.3, 0.188155047412, 0.2, 0.188155047412
8, 0.25, 0.3, 0.244077523706, 0.25, 0.244077523706
8, 0.3, 0.3, 0.3, 0.3, 0.3
8, 0.35, 0.3, 0.355922476294, 0.35, 0.355922476294
8, 0.2, 0.35, 0.182232571118, 0.2, 0.182232571118
8, 0.25, 0.35, 0.238155047412, 0.25, 0.238155047412
8, 0.3, 0.35, 0.294077523706, 0.3, 0.294077523706
8, 0.35, 0.35, 0.35, 0.35, 0.35
9, 0.2, 0.2, 0.2, 0.2, 0.2
9, 0.25, 0.2, 0.256501837767, 0.25, 0.256501837767
9, 0.3, 0.2, 0.313003675534, 0.3, 0.313003675534
9, 0.35, 0.2, 0.3695055133, 0.35, 0.3695055133
9, 0.2, 0.25, 0.193498162233, 0.2, 0.193498162233
9, 0.25, 0.25, 0.25, 0.25, 0.25
9, 0.3, 0.25, 0.306501837767, 0.3, 0.306501837767
9, 0.35, 0.25, 0.363003675534, 0.35, 0.363003675534
9, 0.2, 0.3, 0.186996324466, 0.2, 0.186996324466
9, 0.25, 0.3, 0.243498162233, 0.25, 0.243498162233
9, 0.3, 0.3, 0.3, 0.3, 0.3
9, 0.35, 0.3, 0.356501837767, 0.35, 0.356501837767
9, 0.2, 0.35, 0.1804944867, 0.2, 0.1804944867
9, 0.25, 0.35, 0.236996324466, 0.25, 0.236996324466
9, 0.3, 0.35, 0.293498162233, 0.3, 0.293498162233
9, 0.35, 0.35, 0.35, 0.35, 0.35
10, 0.2, 0.2, 0.2, 0.2, 0.2
10, 0.25, 0.2, 0.257042819103, 0.25, 0.257042819103
10, 0.3, 0.2, 0.314085638206, 0.3, 0.314085638206
10, 0.35, 0.2, 0.371128457308, 0.35, 0.371128457308
10, 0.2, 0.25, 0.192957180897, 0.2, 0.192957180897
10, 0.25, 0.25, 0.25, 0.25, 0.25
10, 0.3, 0.25, 0.307042819103, 0.3, 0.307042819103
10, 0.35, 0.25, 0.364085638206, 0.35, 0.364085638206
10, 0.2, 0.3, 0.185914361794, 0.2, 0.185914361794
10, 0.25, 0.3, 0.242957180897, 0.25, 0.242957180897
10, 0.3, 0.3, 0.3, 0.3, 0.3
10, 0.35, 0.3, 0.357042819103, 0.35, 0.357042819103
10, 0.2, 0.35, 0.178871542692, 0.2, 0.178871542692
10, 0.25, 0.35, 0.235914361794, 0.25, 0.235914361794
10, 0.3, 0.35, 0.292957180897, 0.3, 0.292957180897
10, 0.35, 0.35, 0.35, 0.35, 0.35
11, 0.2, 0.2, 0.2, 0.2, 0.2
11, 0.25, 0.2, 0.2575447612, 0.25, 0.2575447612
11, 0.3, 0.2, 0.315089522399, 0.3, 0.315089522399
11, 0.35, 0.2, 0.372634283599, 0.35, 0.372634283599
11, 0.2, 0.25, 0.1924552388, 0.2, 0.1924552388
11, 0.25, 0.25, 0.25, 0.25, 0.25
11, 0.3, 0.25, 0.3075447612, 0.3, 0.3075447612
11, 0.35, 0.25, 0.365089522399, 0.35, 0.365089522399
11, 0.2, 0.3, 0.184910477601, 0.2, 0.184910477601
11, 0.25, 0.3, 0.2424552388, 0.25, 0.2424552388
11, 0.3, 0.3, 0.3, 0.3, 0.3
11, 0.35, 0.3, 0.3575447612, 0.35, 0.3575447612
11, 0.2, 0.35, 0.177365716401, 0.2, 0.177365716401
11, 0.25, 0.35, 0.234910477601, 0.25, 0.234910477601
11, 0.3, 0.35, 0.2924552388, 0.3, 0.2924552388
11, 0.35, 0.35, 0.35, 0.35, 0.35
12, 0.2, 0.2, 0.2, 0.2, 0.2
12, 0.25, 0.2, 0.258007052518, 0.25, 0.258007052518
12, 0.3, 0.2, 0.316014105036, 0.3, 0.316014105036
12, 0.35, 0.2, 0.374021157554, 0.35, 0.374021157554
12, 0.2, 0.25, 0.191992947482, 0.2, 0.191992947482
12, 0.25, 0.25, 0.25, 0.25, 0.25
12, 0.3, 0.25, 0.308007052518, 0.3, 0.308007052518
12, 0.35, 0.25, 0.366014105036, 0.35, 0.366014105036
12, 0.2, 0.3, 0.183985894964, 0.2, 0.183985894964
12, 0.25, 0.3, 0.241992947482, 0.25, 0.241992947482
12, 0.3, 0.3, 0.3, 0.3, 0.3
12, 0.35, 0.3, 0.358007052518, 0.35, 0.358007052518
12, 0.2, 0.35, 0.175978842446, 0.2, 0.175978842446
12, 0.25, 0.35, 0.233985894964, 0.25, 0.233985894964
12, 0.3, 0.35, 0.291992947482, 0.3, 0.291992947482
12, 0.35, 0.35, 0.35, 0.35, 0.35
13, 0.2, 0.2, 0.2, 0.2, 0.2
13, 0.25, 0.2, 0.258429129827, 0.25, 0.258429129827
13, 0.3, 0.2, 0.316858259654, 0.3, 0.316858259654
13, 0.35, 0.2, 0.375287389482, 0.35, 0.375287389482
13, 0.2, 0.25, 0.191570870173, 0.2, 0.191570870173
13, 0.25, 0.25, 0.25, 0.25, 0.25
13, 0.3, 0.25, 0.308429129827, 0.3, 0.308429129827
13, 0.35, 0.25, 0.366858259654, 0.35, 0.366858259654
13, 0.2, 0.3, 0.183141740346, 0.2, 0.183141740346
13, 0.25, 0.3, 0.241570870173, 0.25, 0.241570870173
13, 0.3, 0.3, 0.3, 0.3, 0.3
13, 0.35, 0.3, 0.358429129827, 0.35, 0.358429129827
13, 0.2, 0.35, 0.174712610518, 0.2, 0.174712610518
13, 0.25, 0.35, 0.233141740346, 0.25, 0.233141740346
13, 0.3, 0.35, 0.291570870173, 0.3, 0.291570870173
13, 0.35, 0.35, 0.35, 0.35, 0.35
14, 0.2, 0.2, 0.2, 0.2, 0.2
14, 0.25, 0.2, 0.258810478891, 0.25, 0.258810478891
14, 0.3, 0.2, 0.317620957782, 0.3, 0.317620957782
14, 0.35, 0.2, 0.376431436673, 0.35, 0.376431436673
14, 0.2, 0.25, 0.191189521109, 0.2, 0.191189521109
14, 0.25, 0.25, 0.25, 0.25, 0.25
14, 0.3, 0.25, 0.308810478891, 0.3, 0.308810478891
14, 0.35, 0.25, 0.367620957782, 0.35, 0.367620957782
14, 0.2, 0.3, 0.182379042218, 0.2, 0.182379042218
14, 0.25, 0.3, 0.241189521109, 0.25, 0.241189521109
14, 0.3, 0.3, 0.3, 0.3, 0.3
14, 0.35, 0.3, 0.358810478891, 0.35, 0.358810478891
14, 0.2, 0.35, 0.173568563327, 0.2, 0.173568563327
14, 0.25, 0.35, 0.232379042218, 0.25, 0.232379042218
14, 0.3, 0.35, 0.291189521109, 0.3, 0.291189521109
14, 0.35, 0.35, 0.35, 0.35, 0.35
15, 0.2, 0.2, 0.2, 0.2, 0.2
15, 0.25, 0.2, 0.259150635095, 0.25, 0.259150635095
15, 0.3, 0.2, 0.318301270189, 0.3, 0.318301270189
15, 0.35, 0.2, 0.377451905284, 0.35, 0.377451905284
15, 0.2, 0.25, 0.190849364905, 0.2, 0.190849364905
15, 0.25, 0.25, 0.25, 0.25, 0.25
15, 0.3, 0.25, 0.309150635095, 0.3, 0.309150635095
15, 0.35, 0.25, 0.368301270189, 0.35, 0.368301270189
15, 0.2, 0.3, 0.181698729811, 0.2, 0.181698729811
15, 0.25, 0.3, 0.240849364905, 0.25, 0.240849364905
15, 0.3, 0.3, 0.3, 0.3, 0.3
15, 0.35, 0.3, 0.359150635095, 0.35, 0.359150635095
15, 0.2, 0.35, 0.172548094716, 0.2, 0.172548094716
15, 0.25, 0.35, 0.231698729811, 0.25, 0.231698729811
15, 0.3, 0.35, 0.290849364905, 0.3, 0.290849364905
15, 0.35, 0.35, 0.35, 0.35, 0.35
16, 0.2, 0.2, 0.2, 0.2, 0.2
16, 0.25, 0.2, 0.25944918401, 0.25, 0.25944918401
16, 0.3, 0.2, 0.318898368019, 0.3, 0.318898368019
16, 0.35, 0.2, 0.378347552029, 0.35, 0.378347552029
16, 0.2, 0.25, 0.19055081599, 0.2, 0.19055081599
16, 0.25, 0.25, 0.25, 0.25, 0.25
16, 0.3, 0.25, 0.30944918401, 0.3, 0.30944918401
16, 0.35, 0.25, 0.368898368019, 0.35, 0.368898368019
16, 0.2, 0.3, 0.181101631981, 0.2, 0.181101631981
16, 0.25, 0.3, 0.24055081599, 0.25, 0.24055081599
16, 0.3, 0.3, 0.3, 0.3, 0.3
16, 0.35, 0.3, 0.35944918401, 0.35, 0.35944918401
16, 0.2, 0.35, 0.171652447971, 0.2, 0.171652447971
16, 0.25, 0.35, 0.231101631981, 0.25, 0.231101631981
16, 0.3, 0.35, 0.29055081599, 0.3, 0.29055081599
16, 0.35, 0.35, 0.35, 0.35, 0.35
17, 0.2, 0.2, 0.2, 0.2, 0.2
17, 0.25, 0.2, 0.259705761901, 0.25, 0.259705761901
17, 0.3, 0.2, 0.319411523801, 0.3, 0.319411523801
17, 0.35, 0.2, 0.379117285702, 0.35, 0.379117285702
17, 0.2, 0.25, 0.190294238099, 0.2, 0.190294238099
17, 0.25, 0.25, 0.25, 0.25, 0.25
17, 0.3, 0.25, 0.309705761901, 0.3, 0.309705761901
17, 0.35, 0.25, 0.369411523801, 0.35, 0.369411523801
17, 0.2, 0.3, 0.180588476199, 0.2, 0.180588476199
17, 0.25, 0.3, 0.240294238099, 0.25, 0.240294238099
17, 0.3, 0.3, 0.3, 0.3, 0.3
17, 0.35, 0.3, 0.359705761901, 0.35, 0.359705761901
17, 0.2, 0.35, 0.170882714298, 0.2, 0.170882714298
17, 0.25, 0.35, 0.230588476199, 0.25, 0.230588476199
17, 0.3, 0.35, 0.290294238099, 0.3, 0.290294238099
17, 0.35, 0.35, 0.35, 0.35, 0.35
18, 0.2, 0.2, 0.2, 0.2, 0.2
18, 0.25, 0.2, 0.259920056167, 0.25, 0.259920056167
18, 0.3, 0.2, 0.319840112333, 0.3, 0.319840112333
18, 0.35, 0.2, 0.3797601685, 0.35, 0.3797601685
18, 0.2, 0.25, 0.190079943833, 0.2, 0.190079943833
18, 0.25, 0.25, 0.25, 0.25, 0.25
18, 0.3, 0.25, 0.309920056167, 0.3, 0.309920056167
18, 0.35, 0.25, 0.369840112333, 0.35, 0.369840112333
18, 0.2, 0.3, 0.180159887667, 0.2, 0.180159887667
18, 0.25, 0.3, 0.240079943833, 0.25, 0.240079943833
18, 0.3, 0.3, 0.3, 0.3, 0.3
18, 0.35, 0.3, 0.359920056167, 0.35, 0.359920056167
18, 0.2, 0.35, 0.1702398315, 0.2, 0.1702398315
18, 0.25, 0.35, 0.230159887667, 0.25, 0.230159887667
18, 0.3, 0.35, 0.290079943833, 0.3, 0.290079943833
18, 0.35, 0.35, 0.35, 0.35, 0.35
19, 0.2, 0.2, 0.2, 0.2, 0.2
19, 0.25, 0.2, 0.260091805723, 0.25, 0.260091805723
19, 0.3, 0.2, 0.320183611447, 0.3, 0.320183611447
19, 0.35, 0.2, 0.38027541717, 0.35, 0.38027541717
19, 0.2, 0.25, 0.189908194277, 0.2, 0.189908194277
19, 0.25, 0.25, 0.25, 0.25, 0.25
19, 0.3, 0.25, 0.310091805723, 0.3, 0.310091805723
19, 0.35, 0.25, 0.370183611447, 0.35, 0.370183611447
19, 0.2, 0.3, 0.179816388553, 0.2, 0.179816388553
19, 0.25, 0.3, 0.239908194277, 0.25, 0.239908194277
19, 0.3, 0.3, 0.3, 0.3, 0.3
19, 0.35, 0.3, 0.360091805723, 0.35, 0.360091805723
19, 0.2, 0.35, 0.16972458283, 0.2, 0.16972458283
19, 0.25, 0.35, 0.229816388553, 0.25, 0.229816388553
19, 0.3, 0.35, 0.289908194277, 0.3, 0.289908194277
19, 0.35, 0.35, 0.35, 0.35, 0.35
20, 0.2, 0.2, 0.2, 0.2, 0.2
20, 0.25, 0.2, 0.26022080132, 0.25, 0.26022080132
20, 0.3, 0.2, 0.32044160264, 0.3, 0.32044160264
20, 0.35, 0.2, 0.38066240396, 0.35, 0.38066240396
20, 0.2, 0.25, 0.18977919868, 0.2, 0.18977919868
20, 0.25, 0.25, 0.25, 0.25, 0.25
20, 0.3, 0.25, 0.31022080132, 0.3, 0.31022080132
20, 0.35, 0.25, 0.37044160264, 0.35, 0.37044160264
20, 0.2, 0.3, 0.17955839736, 0.2, 0.17955839736
20, 0.25, 0.3, 0.23977919868, 0.25, 0.23977919868
20, 0.3, 0.3, 0.3, 0.3, 0.3
20, 0.35, 0.3, 0.36022080132, 0.35, 0.36022080132
20, 0.2, 0.35, 0.16933759604, 0.2, 0.16933759604
20, 0.25, 0.35, 0.22955839736, 0.25, 0.22955839736
20, 0.3, 0.35, 0.28977919868, 0.3, 0.28977919868
20, 0.35, 0.35, 0.35, 0.35, 0.35
21, 0.2, 0.2, 0.2, 0.2, 0.2
21, 0.25, 0.2, 0.260306885796, 0.25, 0.260306885796
21, 0.3, 0.2, 0.320613771592, 0.3, 0.320613771592
21, 0.35, 0.2, 0.380920657388, 0.35, 0.380920657388
21, 0.2, 0.25, 0.189693114204, 0.2, 0.189693114204
21, 0.25, 0.25, 0.25, 0.25, 0.25
21, 0.3, 0.25, 0.310306885796, 0.3, 0.310306885796
21, 0.35, 0.25, 0.370613771592, 0.35, 0.370613771592
21, 0.2, 0.3, 0.179386228408, 0.2, 0.179386228408
21, 0.25, 0.3, 0.239693114204, 0.25, 0.239693114204
21, 0.3, 0.3, 0.3, 0.3, 0.3
21, 0.35, 0.3, 0.360306885796, 0.35, 0.360306885796
21, 0.2, 0.35, 0.169079342612, 0.2, 0.169079342612
21, 0.25, 0.35, 0.229386228408, 0.25, 0.229386228408
21, 0.3, 0.35, 0.289693114204, 0.3, 0.289693114204
21, 0.35, 0.35, 0.35, 0.35, 0.35
22, 0.2, 0.2, 0.2, 0.2, 0.2
22, 0.25, 0.2, 0.26034995427, 0.25, 0.26034995427
22, 0.3, 0.2, 0.32069990854, 0.3, 0.32069990854
22, 0.35, 0.2, 0.38104986281, 0.35, 0.38104986281
22, 0.2, 0.25, 0.18965004573, 0.2, 0.18965004573
22, 0.25, 0.25, 0.25, 0.25, 0.25
22, 0.3, 0.25, 0.31034995427, 0.3, 0.31034995427
22, 0.35, 0.25, 0.37069990854, 0.35, 0.37069990854
22, 0.2, 0.3, 0.17930009146, 0.2, 0.17930009146
22, 0.25, 0.3, 0.23965004573, 0.25, 0.23965004573
22, 0.3, 0.3, 0.3, 0.3, 0.3
22, 0.35, 0.3, 0.36034995427, 0.35, 0.36034995427
22, 0.2, 0.35, 0.16895013719, 0.2, 0.16895013719
22, 0.25, 0.35, 0.22930009146, 0.25, 0.22930009146
22, 0.3, 0.35, 0.28965004573, 0.3, 0.28965004573
22, 0.35, 0.35, 0.35, 0.35, 0.35
23, 0.2, 0.2, 0.2, 0.2, 0.2
23, 0.25, 0.2, 0.26034995427, 0.25, 0.26034995427
23, 0.3, 0.2, 0.32069990854, 0.3, 0.32069990854
23, 0.35, 0.2, 0.38104986281, 0.35, 0.38104986281
23, 0.2, 0.25, 0.18965004573, 0.2, 0.18965004573
23, 0.25, 0.25, 0.25, 0.25, 0.25
23, 0.3, 0.25, 0.31034995427, 0.3, 0.31034995427
23, 0.35, 0.25, 0.37069990854, 0.35, 0.37069990854
23, 0.2, 0.3, 0.17930009146, 0.2, 0.17930009146
23, 0.25, 0.3, 0.23965004573, 0.25, 0.23965004573
23, 0.3, 0.3, 0.3, 0.3, 0.3
23, 0.35, 0.3, 0.36034995427, 0.35, 0.36034995427
23, 0.2, 0.35, 0.16895013719, 0.2, 0.16895013719
23, 0.25, 0.35, 0.22930009146, 0.25, 0.22930009146
23, 0.3, 0.35, 0.28965004573, 0.3, 0.28965004573
23, 0.35, 0.35, 0.35, 0.35, 0.35
24, 0.2, 0.2, 0.2, 0.2, 0.2
24, 0.25, 0.2, 0.260306885796, 0.25, 0.260306885796
24, 0.3, 0.2, 0.320613771592, 0.3, 0.320613771592
24, 0.35, 0.2, 0.380920657388, 0.35, 0.380920657388
24, 0.2, 0.25, 0.189693114204, 0.2, 0.189693114204
24, 0.25, 0.25, 0.25, 0.25, 0.25
24, 0.3, 0.25, 0.310306885796, 0.3, 0.310306885796
24, 0.35, 0.25, 0.370613771592, 0.35, 0.370613771592
24, 0.2, 0.3, 0.179386228408, 0.2, 0.179386228408
24, 0.25, 0.3, 0.239693114204, 0.25, 0.239693114204
24, 0.3, 0.3, 0.3, 0.3, 0.3
24, 0.35, 0.3, 0.360306885796, 0.35, 0.360306885796
24, 0.2, 0.35, 0.169079342612, 0.2, 0.169079342612
24, 0.25, 0.35, 0.229386228408, 0.25, 0.229386228408
24, 0.3, 0.35, 0.289693114204, 0.3, 0.289693114204
24, 0.35, 0.35, 0.35, 0.35, 0.35
25, 0.2, 0.2, 0.2, 0.2, 0.2
25, 0.25, 0.2, 0.26022080132, 0.25, 0.26022080132
25, 0.3, 0.2, 0.32044160264, 0.3, 0.32044160264
25, 0.35, 0.2, 0.38066240396, 0.35, 0.38066240396
25, 0.2, 0.25, 0.18977919868, 0.2, 0.18977919868
25, 0.25, 0.25, 0.25, 0.25, 0.25
25, 0.3, 0.25, 0.31022080132, 0.3, 0.31022080132
25, 0.35, 0.25, 0.37044160264, 0.35, 0.37044160264
25, 0.2, 0.3, 0.17955839736, 0.2, 0.17955839736
25, 0.25, 0.3, 0.23977919868, 0.25, 0.23977919868
25, 0.3, 0.3, 0.3, 0.3, 0.3
25, 0.35, 0.3, 0.36022080132, 0.35, 0.36022080132
25, 0.2, 0.35, 0.16933759604, 0.2, 0.16933759604
25, 0.25, 0.35, 0.22955839736, 0.25, 0.22955839736
25, 0.3, 0.35, 0.28977919868, 0.3, 0.28977919868
25, 0.35, 0.35, 0.35, 0.35, 0.35
26, 0.2, 0.2, 0.2, 0.2, 0.2
26, 0.25, 0.2, 0.260091805723, 0.25, 0.260091805723
26, 0.3, 0.2, 0.320183611447, 0.3, 0.320183611447
26, 0.35, 0.2, 0.38027541717, 0.35, 0.38027541717
26, 0.2, 0.25, 0.189908194277, 0.2, 0.189908194277
26, 0.25, 0.25, 0.25, 0.25, 0.25
26, 0.3, 0.25, 0.310091805723, 0.3, 0.310091805723
26, 0.35, 0.25, 0.370183611447, 0.35, 0.370183611447
26, 0.2, 0.3, 0.179816388553, 0.2, 0.179816388553
26, 0.25, 0.3, 0.239908194277, 0.25, 0.239908194277
26, 0.3, 0.3, 0.3, 0.3, 0.3
26, 0.35, 0.3, 0.360091805723, 0.35, 0.360091805723
26, 0.2, 0.35, 0.16972458283, 0.2, 0.16972458283
26, 0.25, 0.35, 0.229816388553, 0.25, 0.229816388553
26, 0.3, 0.35, 0.289908194277, 0.3, 0.289908194277
26, 0.35, 0.35, 0.35, 0.35, 0.35
27, 0.2, 0.2, 0.2, 0.2, 0.2
27, 0.25, 0.2, 0.259920056167, 0.25, 0.259920056167
27, 0.3, 0.2, 0.319840112333, 0.3, 0.319840112333
27, 0.35, 0.2, 0.3797601685, 0.35, 0.3797601685
27, 0.2, 0.25, 0.190079943833, 0.2, 0.190079943833
27, 0.25, 0.25, 0.25, 0.25, 0.25
27, 0.3, 0.25, 0.309920056167, 0.3, 0.309920056167
27, 0.35, 0.25, 0.369840112333, 0.35, 0.369840112333
27, 0.2, 0.3, 0.180159887667, 0.2, 0.180159887667
27, 0.25, 0.3, 0.240079943833, 0.25, 0.240079943833
27, 0.3, 0.3, 0.3, 0.3, 0.3
27, 0.35, 0.3, 0.359920056167, 0.35, 0.359920056167
27, 0.2, 0.35, 0.1702398315, 0.2, 0.1702398315
27, 0.25, 0.35, 0.230159887667, 0.25, 0.230159887667
27, 0.3, 0.35, 0.290079943833, 0.3, 0.290079943833
27, 0.35, 0.35, 0.35, 0.35, 0.35
28, 0.2, 0.2, 0.2, 0.2, 0.2
28, 0.25, 0.2, 0.259705761901, 0.25, 0.259705761901
28, 0.3, 0.2, 0.319411523801, 0.3, 0.319411523801
28, 0.35, 0.2, 0.379117285702, 0.35, 0.379117285702
28, 0.2, 0.25, 0.190294238099, 0.2, 0.190294238099
28, 0.25, 0.25, 0.25, 0.25, 0.25
28, 0.3, 0.25, 0.309705761901, 0.3, 0.309705761901
28, 0.35, 0.25, 0.369411523801, 0.35, 0.369411523801
28, 0.2, 0.3, 0.180588476199, 0.2, 0.180588476199
28, 0.25, 0.3, 0.240294238099, 0.25, 0.240294238099
28, 0.3, 0.3, 0.3, 0.3, 0.3
28, 0.35, 0.3, 0.359705761901, 0.35, 0.359705761901
28, 0.2, 0.35, 0.170882714298, 0.2, 0.170882714298
28, 0.25, 0.35, 0.230588476199, 0.25, 0.230588476199
28, 0.3, 0.35, 0.290294238099, 0.3, 0.290294238099
28, 0.35, 0.35, 0.35, 0.35, 0.35
29, 0.2, 0.2, 0.2, 0.2, 0.2
29, 0.25, 0.2, 0.25944918401, 0.25, 0.25944918401
29, 0.3, 0.2, 0.318898368019, 0.3, 0.318898368019
29, 0.35, 0.2, 0.378347552029, 0.35, 0.378347552029
29, 0.2, 0.25, 0.19055081599, 0.2, 0.19055081599
29, 0.25, 0.25, 0.25, 0.25, 0.25
29, 0.3, 0.25, 0.30944918401, 0.3, 0.30944918401
29, 0.35, 0.25, 0.368898368019, 0.35, 0.368898368019
29, 0.2, 0.3, 0.181101631981, 0.2, 0.181101631981
29, 0.25, 0.3, 0.24055081599, 0.25, 0.24055081599
29, 0.3, 0.3, 0.3, 0.3, 0.3
29, 0.35, 0.3, 0.35944918401, 0.35, 0.35944918401
29, 0.2, 0.35, 0.171652447971, 0.2, 0.171652447971
29, 0.25, 0.35, 0.231101631981, 0.25, 0.231101631981
29, 0.3, 0.35, 0.29055081599, 0.3, 0.29055081599
29, 0.35, 0.35, 0.35, 0.35, 0.35
30, 0.2, 0.2, 0.2, 0.2, 0.2
30, 0.25, 0.2, 0.259150635095, 0.25, 0.259150635095
30, 0.3, 0.2, 0.318301270189, 0.3, 0.318301270189
30, 0.35, 0.2, 0.377451905284, 0.35, 0.377451905284
30, 0.2, 0.25, 0.190849364905, 0.2, 0.190849364905
30, 0.25, 0.25, 0.25, 0.25, 0.25
30, 0.3, 0.25, 0.309150635095, 0.3, 0.309150635095
30, 0.35, 0.25, 0.368301270189, 0.35, 0.368301270189
30, 0.2, 0.3, 0.181698729811, 0.2, 0.181698729811
30, 0.25, 0.3, 0.240849364905, 0.25, 0.240849364905
30, 0.3, 0.3, 0.3, 0.3, 0.3
30, 0.35, 0.3, 0.359150635095, 0.35, 0.359150635095
30, 0.2, 0.35, 0.172548094716, 0.2, 0.172548094716
30, 0.25, 0.35, 0.231698729811, 0.25, 0.231698729811
30, 0.3, 0.35, 0.290849364905, 0.3, 0.290849364905
30, 0.35, 0.35, 0.35, 0.35, 0.35
31, 0.2, 0.2, 0.2, 0.2, 0.2
31, 0.25, 0.2, 0.258810478891, 0.25, 0.258810478891
31, 0.3, 0.2, 0.317620957782, 0.3, 0.317620957782
31, 0.35, 0.2, 0.376431436673, 0.35, 0.376431436673
31, 0.2, 0.25, 0.191189521109, 0.2, 0.191189521109
31, 0.25, 0.25, 0.25, 0.25, 0.25
31, 0.3, 0.25, 0.308810478891, 0.3, 0.308810478891
31, 0.35, 0.25, 0.367620957782, 0.35, 0.367620957782
31, 0.2, 0.3, 0.182379042218, 0.2, 0.182379042218
31, 0.25, 0.3, 0.241189521109, 0.25, 0.241189521109
31, 0.3, 0.3, 0.3, 0.3, 0.3
31, 0.35, 0.3, 0.358810478891, 0.35, 0.358810478891
31, 0.2, 0.35, 0.173568563327, 0.2, 0.173568563327
31, 0.25, 0.35, 0.232379042218, 0.25, 0.232379042218
31, 0.3, 0.35, 0.291189521109, 0.3, 0.291189521109
31, 0.35, 0.35, 0.35, 0.35, 0.35
32, 0.2, 0.2, 0.2, 0.2, 0.2
32, 0.25, 0.2, 0.258429129827, 0.25, 0.258429129827
32, 0.3, 0.2, 0.316858259654, 0.3, 0.316858259654
32, 0.35, 0.2, 0.375287389482, 0.35, 0.375287389482
32, 0.2, 0.25, 0.191570870173, 0.2, 0.191570870173
32, 0.25, 0.25, 0.25, 0.25, 0.25
32, 0.3, 0.25, 0.308429129827, 0.3, 0.308429129827
32, 0.35, 0.25, 0.366858259654, 0.35, 0.366858259654
32, 0.2, 0.3, 0.183141740346, 0.2, 0.183141740346
32, 0.25, 0.3, 0.241570870173, 0.25, 0.241570870173
32, 0.3, 0.3, 0.3, 0.3, 0.3
32, 0.35, 0.3, 0.358429129827, 0.35, 0.358429129827
32, 0.2, 0.35, 0.174712610518, 0.2, 0.174712610518
32, 0.25, 0.35, 0.233141740346, 0.25, 0.233141740346
32, 0.3, 0.35, 0.291570870173, 0.3, 0.291570870173
32, 0.35, 0.35, 0.35, 0.35, 0.35
33, 0.2, 0.2, 0.2, 0.2, 0.2
33, 0.25, 0.2, 0.258007052518, 0.25, 0.258007052518
33, 0.3, 0.2, 0.316014105036, 0.3, 0.316014105036
33, 0.35, 0.2, 0.374021157554, 0.35, 0.374021157554
33, 0.2, 0.25, 0.191992947482, 0.2, 0.191992947482
33, 0.25, 0.25, 0.25, 0.25, 0.25
33, 0.3, 0.25, 0.308007052518, 0.3, 0.308007052518
33, 0.35, 0.25, 0.366014105036, 0.35, 0.366014105036
33, 0.2, 0.3, 0.183985894964, 0.2, 0.183985894964
33, 0.25, 0.3, 0.241992947482, 0.25, 0.241992947482
33, 0.3, 0.3, 0.3, 0.3, 0.3
33, 0.35, 0.3, 0.358007052518, 0.35, 0.358007052518
33, 0.2, 0.35, 0.175978842446, 0.2, 0.175978842446
33, 0.25, 0.35, 0.233985894964, 0.25, 0.233985894964
33, 0.3, 0.35, 0.291992947482, 0.3, 0.291992947482
33, 0.35, 0.35, 0.35, 0.35, 0.35
34, 0.2, 0.2, 0.2, 0.2, 0.2
34, 0.25, 0.2, 0.2575447612, 0.25, 0.2575447612
34, 0.3, 0.2, 0.315089522399, 0.3, 0.315089522399
34, 0.35, 0.2, 0.372634283599, 0.35, 0.372634283599
34, 0.2, 0.25, 0.1924552388, 0.2, 0.1924552388
34, 0.25, 0.25, 0.25, 0.25, 0.25
34, 0.3, 0.25, 0.3075447612, 0.3, 0.3075447612
34, 0.35, 0.25, 0.365089522399, 0.35, 0.365089522399
34, 0.2, 0.3, 0.184910477601, 0.2, 0.184910477601
34, 0.25, 0.3, 0.2424552388, 0.25, 0.2424552388
34, 0.3, 0.3, 0.3, 0.3, 0.3
34, 0.35, 0.3, 0.3575447612, 0.35, 0.3575447612
34, 0.2, 0.35, 0.177365716401, 0.2, 0.177365716401
34, 0.25, 0.35, 0.234910477601, 0.25, 0.234910477601
34, 0.3, 0.35, 0.2924552388, 0.3, 0.2924552388
34, 0.35, 0.35, 0.35, 0.35, 0.35
35, 0.2, 0.2, 0.2, 0.2, 0.2
35, 0.25, 0.2, 0.257042819103, 0.25, 0.257042819103
35, 0.3, 0.2, 0.314085638206, 0.3, 0.314085638206
35, 0.35, 0.2, 0.371128457308, 0.35, 0.371128457308
35, 0.2, 0.25, 0.192957180897, 0.2, 0.192957180897
35, 0.25, 0.25, 0.25, 0.25, 0.25
35, 0.3, 0.25, 0.307042819103, 0.3, 0.307042819103
35, 0.35, 0.25, 0.364085638206, 0.35, 0.364085638206
35, 0.2, 0.3, 0.185914361794, 0.2, 0.185914361794
35, 0.25, 0.3, 0.242957180897, 0.25, 0.242957180897
35, 0.3, 0.3, 0.3, 0.3, 0.3
35, 0.35, 0.3, 0.357042819103, 0.35, 0.357042819103
35, 0.2, 0.35, 0.178871542692, 0.2, 0.178871542692
35, 0.25, 0.35, 0.235914361794, 0.25, 0.235914361794
35, 0.3, 0.35, 0.292957180897, 0.3, 0.292957180897
35, 0.35, 0.35, 0.35, 0.35, 0.35
36, 0.2, 0.2, 0.2, 0.2, 0.2
36, 0.25, 0.2, 0.256501837767, 0.25, 0.256501837767
36, 0.3, 0.2, 0.313003675534, 0.3, 0.313003675534
36, 0.35, 0.2, 0.3695055133, 0.35, 0.3695055133
36, 0.2, 0.25, 0.193498162233, 0.2, 0.193498162233
36, 0.25, 0.25, 0.25, 0.25, 0.25
36, 0.3, 0.25, 0.306501837767, 0.3, 0.306501837767
36, 0.35, 0.25, 0.363003675534, 0.35, 0.363003675534
36, 0.2, 0.3, 0.186996324466, 0.2, 0.186996324466
36, 0.25, 0.3, 0.243498162233, 0.25, 0.243498162233
36, 0.3, 0.3, 0.3, 0.3, 0.3
36, 0.35, 0.3, 0.356501837767, 0.35, 0.356501837767
36, 0.2, 0.35, 0.1804944867, 0.2, 0.1804944867
36, 0.25, 0.35, 0.236996324466, 0.25, 0.236996324466
36, 0.3, 0.35, 0.293498162233, 0.3, 0.293498162233
36, 0.35, 0.35, 0.35, 0.35, 0.35
37, 0.2, 0.2, 0.2, 0.2, 0.2
37, 0.25, 0.2, 0.255922476294, 0.25, 0.255922476294
37, 0.3, 0.2, 0.311844952588, 0.3, 0.311844952588
37, 0.35, 0.2, 0.367767428882, 0.35, 0.367767428882
37, 0.2, 0.25, 0.194077523706, 0.2, 0.194077523706
37, 0.25, 0.25, 0.25, 0.25, 0.25
37, 0.3, 0.25, 0.305922476294, 0.3, 0.305922476294
37, 0.35, 0.25, 0.361844952588, 0.35, 0.361844952588
37, 0.2, 0.3, 0.188155047412, 0.2, 0.188155047412
37, 0.25, 0.3, 0.244077523706, 0.25, 0.244077523706
37, 0.3, 0.3, 0.3, 0.3, 0.3
37, 0.35, 0.3, 0.355922476294, 0.35, 0.355922476294
37, 0.2, 0.35, 0.182232571118, 0.2, 0.182232571118
37, 0.25, 0.35, 0.238155047412, 0.25, 0.238155047412
37, 0.3, 0.35, 0.294077523706, 0.3, 0.294077523706
37, 0.35, 0.35, 0.35, 0.35, 0.35
38, 0.2, 0.2, 0.2, 0.2, 0.2
38, 0.25, 0.2, 0.255305440547, 0.25, 0.255305440547
38, 0.3, 0.2, 0.310610881094, 0.3, 0.310610881094
38, 0.35, 0.2, 0.365916321641, 0.35, 0.365916321641
38, 0.2, 0.25, 0.194694559453, 0.2, 0.194694559453
38, 0.25, 0.25, 0.25, 0.25, 0.25
38, 0.3, 0.25, 0.305305440547, 0.3, 0.305305440547
38, 0.35, 0.25, 0.360610881094, 0.35, 0.360610881094
38, 0.2, 0.3, 0.189389118906, 0.2, 0.189389118906
38, 0.25, 0.3, 0.244694559453, 0.25, 0.244694559453
38, 0.3, 0.3, 0.3, 0.3, 0.3
38, 0.35, 0.3, 0.355305440547, 0.35, 0.355305440547
38, 0.2, 0.35, 0.184083678359, 0.2, 0.184083678359
38, 0.25, 0.35, 0.239389118906, 0.25, 0.239389118906
38, 0.3, 0.35, 0.294694559453, 0.3, 0.294694559453
38, 0.35, 0.35, 0.35, 0.35, 0.35
39, 0.2, 0.2, 0.2, 0.2, 0.2
39, 0.25, 0.2, 0.254651482289, 0.25, 0.254651482289
39, 0.3, 0.2, 0.309302964578, 0.3, 0.309302964578
39, 0.35, 0.2, 0.363954446866, 0.35, 0.363954446866
39, 0.2, 0.25, 0.195348517711, 0.2, 0.195348517711
39, 0.25, 0.25, 0.25, 0.25, 0.25
39, 0.3, 0.25, 0.304651482289, 0.3, 0.304651482289
39, 0.35, 0.25, 0.359302964578, 0.35, 0.359302964578
39, 0.2, 0.3, 0.190697035422, 0.2, 0.190697035422
39, 0.25, 0.3, 0.245348517711, 0.25, 0.245348517711
39, 0.3, 0.3, 0.3, 0.3, 0.3
39, 0.35, 0.3, 0.354651482289, 0.35, 0.354651482289
39, 0.2, 0.35, 0.186045553134, 0.2, 0.186045553134
39, 0.25, 0.35, 0.240697035422, 0.25, 0.240697035422
39, 0.3, 0.35, 0.295348517711, 0.3, 0.295348517711
39, 0.35, 0.35, 0.35, 0.35, 0.35
40, 0.2, 0.2, 0.2, 0.2, 0.2
40, 0.25, 0.2, 0.253961398267, 0.25, 0.253961398267
40, 0.3, 0.2, 0.307922796534, 0.3, 0.307922796534
40, 0.35, 0.2, 0.361884194801, 0.35, 0.361884194801
40, 0.2, 0.25, 0.196038601733, 0.2, 0.196038601733
40, 0.25, 0.25, 0.25, 0.25, 0.25
40, 0.3, 0.25, 0.303961398267, 0.3, 0.303961398267
40, 0.35, 0.25, 0.357922796534, 0.35, 0.357922796534
40, 0.2, 0.3, 0.192077203466, 0.2, 0.192077203466
40, 0.25, 0.3, 0.246038601733, 0.25, 0.246038601733
40, 0.3, 0.3, 0.3, 0.3, 0.3
40, 0.35, 0.3, 0.353961398267, 0.35, 0.353961398267
40, 0.2, 0.35, 0.188115805199, 0.2, 0.188115805199
40, 0.25, 0.35, 0.242077203466, 0.25, 0.242077203466
40, 0.3, 0.35, 0.296038601733, 0.3, 0.296038601733
40, 0.35, 0.35, 0.35, 0.35, 0.35
41, 0.2, 0.2, 0.2, 0.2, 0.2
41, 0.25, 0.2, 0.253236029243, 0.25, 0.253236029243
41, 0.3, 0.2, 0.306472058485, 0.3, 0.306472058485
41, 0.35, 0.2, 0.359708087728, 0.35, 0.359708087728
41, 0.2, 0.25, 0.196763970757, 0.2, 0.196763970757
41, 0.25, 0.25, 0.25, 0.25, 0.25
41, 0.3, 0.25, 0.303236029243, 0.3, 0.303236029243
41, 0.35, 0.25, 0.356472058485, 0.35, 0.356472058485
41, 0.2, 0.3, 0.193527941515, 0.2, 0.193527941515
41, 0.25, 0.3, 0.246763970757, 0.25, 0.246763970757
41, 0.3, 0.3, 0.3, 0.3, 0.3
41, 0.35, 0.3, 0.353236029243, 0.35, 0.353236029243
41, 0.2, 0.35, 0.190291912272, 0.2, 0.190291912272
41, 0.25, 0.35, 0.243527941515, 0.25, 0.243527941515
41, 0.3, 0.35, 0.296763970757, 0.3, 0.296763970757
41, 0.35, 0.35, 0.35, 0.35, 0.35
42, 0.2, 0.2, 0.2, 0.2, 0.2
42, 0.25, 0.2, 0.252476258966, 0.25, 0.252476258966
42, 0.3, 0.2, 0.304952517932, 0.3, 0.304952517932
42, 0.35, 0.2, 0.357428776898, 0.35, 0.357428776898
42, 0.2, 0.25, 0.197523741034, 0.2, 0.197523741034
42, 0.25, 0.25, 0.25, 0.25, 0.25
42, 0.3, 0.25, 0.302476258966, 0.3, 0.302476258966
42, 0.35, 0.25, 0.354952517932, 0.35, 0.354952517932
42, 0.2, 0.3, 0.195047482068, 0.2, 0.195047482068
42, 0.25, 0.3, 0.247523741034, 0.25, 0.247523741034
42, 0.3, 0.3, 0.3, 0.3, 0.3
42, 0.35, 0.3, 0.352476258966, 0.35, 0.352476258966
42, 0.2, 0.35, 0.192571223102, 0.2, 0.192571223102
42, 0.25, 0.35, 0.245047482068, 0.25, 0.245047482068
42, 0.3, 0.35, 0.297523741034, 0.3, 0.297523741034
42, 0.35, 0.35, 0.35, 0.35, 0.35
43, 0.2, 0.2, 0.2, 0.2, 0.2
43, 0.25, 0.2, 0.2516830131, 0.25, 0.2516830131
43, 0.3, 0.2, 0.3033660262, 0.3, 0.3033660262
43, 0.35, 0.2, 0.3550490393, 0.35, 0.3550490393
43, 0.2, 0.25, 0.1983169869, 0.2, 0.1983169869
43, 0.25, 0.25, 0.25, 0.25, 0.25
43, 0.3, 0.25, 0.3016830131, 0.3, 0.3016830131
43, 0.35, 0.25, 0.3533660262, 0.35, 0.3533660262
43, 0.2, 0.3, 0.1966339738, 0.2, 0.1966339738
43, 0.25, 0.3, 0.2483169869, 0.25, 0.2483169869
43, 0.3, 0.3, 0.3, 0.3, 0.3
43, 0.35, 0.3, 0.3516830131, 0.35, 0.3516830131
43, 0.2, 0.35, 0.1949509607, 0.2, 0.1949509607
43, 0.25, 0.35, 0.2466339738, 0.25, 0.2466339738
43, 0.3, 0.35, 0.2983169869, 0.3, 0.2983169869
43, 0.35, 0.35, 0.35, 0.35, 0.35
44, 0.2, 0.2, 0.2, 0.2, 0.2
44, 0.25, 0.2, 0.250857258093, 0.25, 0.250857258093
44, 0.3, 0.2, 0.301714516186, 0.3, 0.301714516186
44, 0.35, 0.2, 0.352571774279, 0.35, 0.352571774279
44, 0.2, 0.25, 0.199142741907, 0.2, 0.199142741907
44, 0.25, 0.25, 0.25, 0.25, 0.25
44, 0.3, 0.25, 0.300857258093, 0.3, 0.300857258093
44, 0.35, 0.25, 0.351714516186, 0.35, 0.351714516186
44, 0.2, 0.3, 0.198285483814, 0.2, 0.198285483814
44, 0.25, 0.3, 0.249142741907, 0.25, 0.249142741907
44, 0.3, 0.3, 0.3, 0.3, 0.3
44, 0.35, 0.3, 0.350857258093, 0.35, 0.350857258093
44, 0.2, 0.35, 0.197428225721, 0.2, 0.197428225721
44, 0.25, 0.35, 0.248285483814, 0.25, 0.248285483814
44, 0.3, 0.35, 0.299142741907, 0.3, 0.299142741907
44, 0.35, 0.35, 0.35, 0.35, 0.35
45, 0.2, 0.2, 0.2, 0.2, 0.2
45, 0.25, 0.2, 0.25, 0.25, 0.25
45, 0.3, 0.2, 0.3, 0.3, 0.3
45, 0.35, 0.2, 0.35, 0.35, 0.35
45, 0.2, 0.25, 0.2, 0.2, 0.2
45, 0.25, 0.25, 0.25, 0.25, 0.25
45, 0.3, 0.25, 0.3, 0.3, 0.3
45, 0.35, 0.25, 0.35, 0.35, 0.35
45, 0.2, 0.3, 0.2, 0.2, 0.2
45, 0.25, 0.3, 0.25, 0.25, 0.25
45, 0.3, 0.3, 0.3, 0.3, 0.3
45, 0.35, 0.3, 0.35, 0.35, 0.35
45, 0.2, 0.35, 0.2, 0.2, 0.2
45, 0.25, 0.35, 0.25, 0.25, 0.25
45, 0.3, 0.35, 0.3, 0.3, 0.3
45, 0.35, 0.35, 0.35, 0.35, 0.35
46, 0.2, 0.2, 0.2, 0.2, 0.2
46, 0.25, 0.2, 0.249112283258, 0.25, 0.249112283258
46, 0.3, 0.2, 0.298224566516, 0.3, 0.298224566516
46, 0.35, 0.2, 0.347336849774, 0.35, 0.347336849774
46, 0.2, 0.25, 0.200887716742, 0.2, 0.200887716742
46, 0.25, 0.25, 0.25, 0.25, 0.25
46, 0.3, 0.25, 0.299112283258, 0.3, 0.299112283258
46, 0.35, 0.25, 0.348224566516, 0.35, 0.348224566516
46, 0.2, 0.3, 0.201775433484, 0.2, 0.201775433484
46, 0.25, 0.3, 0.250887716742, 0.25, 0.250887716742
46, 0.3, 0.3, 0.3, 0.3, 0.3
46, 0.35, 0.3, 0.349112283258, 0.35, 0.349112283258
46, 0.2, 0.35, 0.202663150226, 0.2, 0.202663150226
46, 0.25, 0.35, 0.251775433484, 0.25, 0.251775433484
46, 0.3, 0.35, 0.300887716742, 0.3, 0.300887716742
46, 0.35, 0.35, 0.35, 0.35, 0.35
47, 0.2, 0.2, 0.2, 0.2, 0.2
47, 0.25, 0.2, 0.248195189413, 0.25, 0.248195189413
47, 0.3, 0.2, 0.296390378826, 0.3, 0.296390378826
47, 0.35, 0.2, 0.344585568239, 0.35, 0.344585568239
47, 0.2, 0.25, 0.201804810587, 0.2, 0.201804810587
47, 0.25, 0.25, 0.25, 0.25, 0.25
47, 0.3, 0.25, 0.298195189413, 0.3, 0.298195189413
47, 0.35, 0.25, 0.346390378826, 0.35, 0.346390378826
47, 0.2, 0.3, 0.203609621174, 0.2, 0.203609621174
47, 0.25, 0.3, 0.251804810587, 0.25, 0.251804810587
47, 0.3, 0.3, 0.3, 0.3, 0.3
47, 0.35, 0.3, 0.348195189413, 0.35, 0.348195189413
47, 0.2, 0.35, 0.205414431761, 0.2, 0.205414431761
47, 0.25, 0.35, 0.253609621174, 0.25, 0.253609621174
47, 0.3, 0.35, 0.301804810587, 0.3, 0.301804810587
47, 0.35, 0.35, 0.35, 0.35, 0.35
48, 0.2, 0.2, 0.2, 0.2, 0.2
48, 0.25, 0.2, 0.247249835803, 0.25, 0.247249835803
48, 0.3, 0.2, 0.294499671605, 0.3, 0.294499671605
48, 0.35, 0.2, 0.341749507408, 0.35, 0.341749507408
48, 0.2, 0.25, 0.202750164197, 0.2, 0.202750164197
48, 0.25, 0.25, 0.25, 0.25, 0.25
48, 0.3, 0.25, 0.297249835803, 0.3, 0.297249835803
48, 0.35, 0.25, 0.344499671605, 0.35, 0.344499671605
48, 0.2, 0.3, 0.205500328395, 0.2, 0.205500328395
48, 0.25, 0.3, 0.252750164197, 0.25, 0.252750164197
48, 0.3, 0.3, 0.3, 0.3, 0.3
48, 0.35, 0.3, 0.347249835803, 0.35, 0.347249835803
48, 0.2, 0.35, 0.208250492592, 0.2, 0.208250492592
48, 0.25, 0.35, 0.255500328395, 0.25, 0.255500328395
48, 0.3, 0.35, 0.302750164197, 0.3, 0.302750164197
48, 0.35, 0.35, 0.35, 0.35, 0.35
49, 0.2, 0.2, 0.2, 0.2, 0.2
49, 0.25, 0.2, 0.246277374195, 0.25, 0.246277374195
49, 0.3, 0.2, 0.292554748389, 0.3, 0.292554748389
49, 0.35, 0.2, 0.338832122584, 0.35, 0.338832122584
49, 0.2, 0.25, 0.203722625805, 0.2, 0.203722625805
49, 0.25, 0.25, 0.25, 0.25, 0.25
49, 0.3, 0.25, 0.296277374195, 0.3, 0.296277374195
49, 0.35, 0.25, 0.342554748389, 0.35, 0.342554748389
49, 0.2, 0.3, 0.207445251611, 0.2, 0.207445251611
49, 0.25, 0.3, 0.253722625805, 0.25, 0.253722625805
49, 0.3, 0.3, 0.3, 0.3, 0.3
49, 0.35, 0.3, 0.346277374195, 0.35, 0.346277374195
49, 0.2, 0.35, 0.211167877416, 0.2, 0.211167877416
49, 0.25, 0.35, 0.257445251611, 0.25, 0.257445251611
49, 0.3, 0.35, 0.303722625805, 0.3, 0.303722625805
49, 0.35, 0.35, 0.35, 0.35, 0.35
50, 0.2, 0.2, 0.2, 0.2, 0.2
50, 0.25, 0.2, 0.245278989384, 0.25, 0.245278989384
50, 0.3, 0.2, 0.290557978767, 0.3, 0.290557978767
50, 0.35, 0.2, 0.335836968151, 0.35, 0.335836968151
50, 0.2, 0.25, 0.204721010616, 0.2, 0.204721010616
50, 0.25, 0.25, 0.25, 0.25, 0.25
50, 0.3, 0.25, 0.295278989384, 0.3, 0.295278989384
50, 0.35, 0.25, 0.340557978767, 0.35, 0.340557978767
50, 0.2, 0.3, 0.209442021233, 0.2, 0.209442021233
50, 0.25, 0.3, 0.254721010616, 0.25, 0.254721010616
50, 0.3, 0.3, 0.3, 0.3, 0.3
50, 0.35, 0.3, 0.345278989384, 0.35, 0.345278989384
50, 0.2, 0.35, 0.214163031849, 0.2, 0.214163031849
50, 0.25, 0.35, 0.259442021233, 0.25, 0.259442021233
50, 0.3, 0.35, 0.304721010616, 0.3, 0.304721010616
50, 0.35, 0.35, 0.35, 0.35, 0.35
51, 0.2, 0.2, 0.2, 0.2, 0.2
51, 0.25, 0.2, 0.244255897748, 0.25, 0.244255897748
51, 0.3, 0.2, 0.288511795496, 0.3, 0.288511795496
51, 0.35, 0.2, 0.332767693244, 0.35, 0.332767693244
51, 0.2, 0.25, 0.205744102252, 0.2, 0.205744102252
51, 0.25, 0.25, 0.25, 0.25, 0.25
51, 0.3, 0.25, 0.294255897748, 0.3, 0.294255897748
51, 0.35, 0.25, 0.338511795496, 0.35, 0.338511795496
51, 0.2, 0.3, 0.211488204504, 0.2, 0.211488204504
51, 0.25, 0.3, 0.255744102252, 0.25, 0.255744102252
51, 0.3, 0.3, 0.3, 0.3, 0.3
51, 0.35, 0.3, 0.344255897748, 0.35, 0.344255897748
51, 0.2, 0.35, 0.217232306756, 0.2, 0.217232306756
51, 0.25, 0.35, 0.261488204504, 0.25, 0.261488204504
51, 0.3, 0.35, 0.305744102252, 0.3, 0.305744102252
51, 0.35, 0.35, 0.35, 0.35, 0.35
52, 0.2, 0.2, 0.2, 0.2, 0.2
52, 0.25, 0.2, 0.243209345767, 0.25, 0.243209345767
52, 0.3, 0.2, 0.286418691534, 0.3, 0.286418691534
52, 0.35, 0.2, 0.329628037301, 0.35, 0.329628037301
52, 0.2, 0.25, 0.206790654233, 0.2, 0.206790654233
52, 0.25, 0.25, 0.25, 0.25, 0.25
52, 0.3, 0.25, 0.293209345767, 0.3, 0.293209345767
52, 0.35, 0.25, 0.336418691534, 0.35, 0.336418691534
52, 0.2, 0.3, 0.213581308466, 0.2, 0.213581308466
52, 0.25, 0.3, 0.256790654233, 0.25, 0.256790654233
52, 0.3, 0.3, 0.3, 0.3, 0.3
52, 0.35, 0.3, 0.343209345767, 0.35, 0.343209345767
52, 0.2, 0.35, 0.220371962699, 0.2, 0.220371962699
52, 0.25, 0.35, 0.263581308466, 0.25, 0.263581308466
52, 0.3, 0.35, 0.306790654233, 0.3, 0.306790654233
52, 0.35, 0.35, 0.35, 0.35, 0.35
53, 0.2, 0.2, 0.2, 0.2, 0.2
53, 0.25, 0.2, 0.242140608503, 0.25, 0.242140608503
53, 0.3, 0.2, 0.284281217006, 0.3, 0.284281217006
53, 0.35, 0.2, 0.326421825509, 0.35, 0.326421825509
53, 0.2, 0.25, 0.207859391497, 0.2, 0.207859391497
53, 0.25, 0.25, 0.25, 0.25, 0.25
53, 0.3, 0.25, 0.292140608503, 0.3, 0.292140608503
53, 0.35, 0.25, 0.334281217006, 0.35, 0.334281217006
53, 0.2, 0.3, 0.215718782994, 0.2, 0.215718782994
53, 0.25, 0.3, 0.257859391497, 0.25, 0.257859391497
53, 0.3, 0.3, 0.3, 0.3, 0.3
53, 0.35, 0.3, 0.342140608503, 0.35, 0.342140608503
53, 0.2, 0.35, 0.223578174491, 0.2, 0.223578174491
53, 0.25, 0.35, 0.265718782994, 0.25, 0.265718782994
53, 0.3, 0.35, 0.307859391497, 0.3, 0.307859391497
53, 0.35, 0.35, 0.35, 0.35, 0.35
54, 0.2, 0.2, 0.2, 0.2, 0.2
54, 0.25, 0.2, 0.241050988048, 0.25, 0.241050988048
54, 0.3, 0.2, 0.282101976096, 0.3, 0.282101976096
54, 0.35, 0.2, 0.323152964144, 0.35, 0.323152964144
54, 0.2, 0.25, 0.208949011952, 0.2, 0.208949011952
54, 0.25, 0.25, 0.25, 0.25, 0.25
54, 0.3, 0.25, 0.291050988048, 0.3, 0.291050988048
54, 0.35, 0.25, 0.332101976096, 0.35, 0.332101976096
54, 0.2, 0.3, 0.217898023904, 0.2, 0.217898023904
54, 0.25, 0.3, 0.258949011952, 0.25, 0.258949011952
54, 0.3, 0.3, 0.3, 0.3, 0.3
54, 0.35, 0.3, 0.341050988048, 0.35, 0.341050988048
54, 0.2, 0.35, 0.226847035856, 0.2, 0.226847035856
54, 0.25, 0.35, 0.267898023904, 0.25, 0.267898023904
54, 0.3, 0.35, 0.308949011952, 0.3, 0.308949011952
54, 0.35, 0.35, 0.35, 0.35, 0.35
55, 0.2, 0.2, 0.2, 0.2, 0.2
55, 0.25, 0.2, 0.239941811937, 0.25, 0.239941811937
55, 0.3, 0.2, 0.279883623873, 0.3, 0.279883623873
55, 0.35, 0.2, 0.31982543581, 0.35, 0.31982543581
55, 0.2, 0.25, 0.210058188063, 0.2, 0.210058188063
55, 0.25, 0.25, 0.25, 0.25, 0.25
55, 0.3, 0.25, 0.289941811937, 0.3, 0.289941811937
55, 0.35, 0.25, 0.329883623873, 0.35, 0.329883623873
55, 0.2, 0.3, 0.220116376127, 0.2, 0.220116376127
55, 0.25, 0.3, 0.260058188063, 0.25, 0.260058188063
55, 0.3, 0.3, 0.3, 0.3, 0.3
55, 0.35, 0.3, 0.339941811937, 0.35, 0.339941811937
55, 0.2, 0.35, 0.23017456419, 0.2, 0.23017456419
55, 0.25, 0.35, 0.270116376127, 0.25, 0.270116376127
55, 0.3, 0.35, 0.310058188063, 0.3, 0.310058188063
55, 0.35, 0.35, 0.35, 0.35, 0.35
56, 0.2, 0.2, 0.2, 0.2, 0.2
56, 0.25, 0.2, 0.238814431529, 0.25, 0.238814431529
56, 0.3, 0.2, 0.277628863058, 0.3, 0.277628863058
56, 0.35, 0.2, 0.316443294586, 0.35, 0.316443294586
56, 0.2, 0.25, 0.211185568471, 0.2, 0.211185568471
56, 0.25, 0.25, 0.25, 0.25, 0.25
56, 0.3, 0.25, 0.288814431529, 0.3, 0.288814431529
56, 0.35, 0.25, 0.327628863058, 0.35, 0.327628863058
56, 0.2, 0.3, 0.222371136942, 0.2, 0.222371136942
56, 0.25, 0.3, 0.261185568471, 0.25, 0.261185568471
56, 0.3, 0.3, 0.3, 0.3, 0.3
56, 0.35, 0.3, 0.338814431529, 0.35, 0.338814431529
56, 0.2, 0.35, 0.233556705414, 0.2, 0.233556705414
56, 0.25, 0.35, 0.272371136942, 0.25, 0.272371136942
56, 0.3, 0.35, 0.311185568471, 0.3, 0.311185568471
56, 0.35, 0.35, 0.35, 0.35, 0.35
57, 0.2, 0.2, 0.2, 0.2, 0.2
57, 0.25, 0.2, 0.237670220364, 0.25, 0.237670220364
57, 0.3, 0.2, 0.275340440728, 0.3, 0.275340440728
57, 0.35, 0.2, 0.313010661093, 0.35, 0.313010661093
57, 0.2, 0.25, 0.212329779636, 0.2, 0.212329779636
57, 0.25, 0.25, 0.25, 0.25, 0.25
57, 0.3, 0.25, 0.287670220364, 0.3, 0.287670220364
57, 0.35, 0.25, 0.325340440728, 0.35, 0.325340440728
57, 0.2, 0.3, 0.224659559272, 0.2, 0.224659559272
57, 0.25, 0.3, 0.262329779636, 0.25, 0.262329779636
57, 0.3, 0.3, 0.3, 0.3, 0.3
57, 0.35, 0.3, 0.337670220364, 0.35, 0.337670220364
57, 0.2, 0.35, 0.236989338907, 0.2, 0.236989338907
57, 0.25, 0.35, 0.274659559272, 0.25, 0.274659559272
57, 0.3, 0.35, 0.312329779636, 0.3, 0.312329779636
57, 0.35, 0.35, 0.35, 0.35, 0.35
58, 0.2, 0.2, 0.2, 0.2, 0.2
58, 0.25, 0.2, 0.236510572488, 0.25, 0.236510572488
58, 0.3, 0.2, 0.273021144976, 0.3, 0.273021144976
58, 0.35, 0.2, 0.309531717463, 0.35, 0.309531717463
58, 0.2, 0.25, 0.213489427512, 0.2, 0.213489427512
58, 0.25, 0.25, 0.25, 0.25, 0.25
58, 0.3, 0.25, 0.286510572488, 0.3, 0.286510572488
58, 0.35, 0.25, 0.323021144976, 0.35, 0.323021144976
58, 0.2, 0.3, 0.226978855024, 0.2, 0.226978855024
58, 0.25, 0.3, 0.263489427512, 0.25, 0.263489427512
58, 0.3, 0.3, 0.3, 0.3, 0.3
58, 0.35, 0.3, 0.336510572488, 0.35, 0.336510572488
58, 0.2, 0.35, 0.240468282537, 0.2, 0.240468282537
58, 0.25, 0.35, 0.276978855024, 0.25, 0.276978855024
58, 0.3, 0.35, 0.313489427512, 0.3, 0.313489427512
58, 0.35, 0.35, 0.35, 0.35, 0.35
59, 0.2, 0.2, 0.2, 0.2, 0.2
59, 0.25, 0.2, 0.235336900752, 0.25, 0.235336900752
59, 0.3, 0.2, 0.270673801504, 0.3, 0.270673801504
59, 0.35, 0.2, 0.306010702255, 0.35, 0.306010702255
59, 0.2, 0.25, 0.214663099248, 0.2, 0.214663099248
59, 0.25, 0.25, 0.25, 0.25, 0.25
59, 0.3, 0.25, 0.285336900752, 0.3, 0.285336900752
59, 0.35, 0.25, 0.320673801504, 0.35, 0.320673801504
59, 0.2, 0.3, 0.229326198496, 0.2, 0.229326198496
59, 0.25, 0.3, 0.264663099248, 0.25, 0.264663099248
59, 0.3, 0.3, 0.3, 0.3, 0.3
59, 0.35, 0.3, 0.335336900752, 0.35, 0.335336900752
59, 0.2, 0.35, 0.243989297745, 0.2, 0.243989297745
59, 0.25, 0.35, 0.279326198496, 0.25, 0.279326198496
59, 0.3, 0.35, 0.314663099248, 0.3, 0.314663099248
59, 0.35, 0.35, 0.35, 0.35, 0.35
60, 0.2, 0.2, 0.2, 0.2, 0.2
60, 0.25, 0.2, 0.234150635095, 0.25, 0.234150635095
60, 0.3, 0.2, 0.268301270189, 0.3, 0.268301270189
60, 0.35, 0.2, 0.302451905284, 0.35, 0.302451905284
60, 0.2, 0.25, 0.215849364905, 0.2, 0.215849364905
60, 0.25, 0.25, 0.25, 0.25, 0.25
60, 0.3, 0.25, 0.284150635095, 0.3, 0.284150635095
60, 0.35, 0.25, 0.318301270189, 0.35, 0.318301270189
60, 0.2, 0.3, 0.231698729811, 0.2, 0.231698729811
60, 0.25, 0.3, 0.265849364905, 0.25, 0.265849364905
60, 0.3, 0.3, 0.3, 0.3, 0.3
60, 0.35, 0.3, 0.334150635095, 0.35, 0.334150635095
60, 0.2, 0.35, 0.247548094716, 0.2, 0.247548094716
60, 0.25, 0.35, 0.281698729811, 0.25, 0.281698729811
60, 0.3, 0.35, 0.315849364905, 0.3, 0.315849364905
60, 0.35, 0.35, 0.35, 0.35, 0.35
61, 0.2, 0.2, 0.2, 0.2, 0.2
61, 0.25, 0.2, 0.232953220798, 0.25, 0.232953220798
61, 0.3, 0.2, 0.265906441596, 0.3, 0.265906441596
61, 0.35, 0.2, 0.298859662394, 0.35, 0.298859662394
61, 0.2, 0.25, 0.217046779202, 0.2, 0.217046779202
61, 0.25, 0.25, 0.25, 0.25, 0.25
61, 0.3, 0.25, 0.282953220798, 0.3, 0.282953220798
61, 0.35, 0.25, 0.315906441596, 0.35, 0.315906441596
61, 0.2, 0.3, 0.234093558404, 0.2, 0.234093558404
61, 0.25, 0.3, 0.267046779202, 0.25, 0.267046779202
61, 0.3, 0.3, 0.3, 0.3, 0.3
61, 0.35, 0.3, 0.332953220798, 0.35, 0.332953220798
61, 0.2, 0.35, 0.251140337606, 0.2, 0.251140337606
61, 0.25, 0.35, 0.284093558404, 0.25, 0.284093558404
61, 0.3, 0.35, 0.317046779202, 0.3, 0.317046779202
61, 0.35, 0.35, 0.35, 0.35, 0.35
62, 0.2, 0.2, 0.2, 0.2, 0.2
62, 0.25, 0.2, 0.231746116727, 0.25, 0.231746116727
62, 0.3, 0.2, 0.263492233454, 0.3, 0.263492233454
62, 0.35, 0.2, 0.295238350181, 0.35, 0.295238350181
62, 0.2, 0.25, 0.218253883273, 0.2, 0.218253883273
62, 0.25, 0.25, 0.25, 0.25, 0.25
62, 0.3, 0.25, 0.281746116727, 0.3, 0.281746116727
62, 0.35, 0.25, 0.313492233454, 0.35, 0.313492233454
62, 0.2, 0.3, 0.236507766546, 0.2, 0.236507766546
62, 0.25, 0.3, 0.268253883273, 0.25, 0.268253883273
62, 0.3, 0.3, 0.3, 0.3, 0.3
62, 0.35, 0.3, 0.331746116727, 0.35, 0.331746116727
62, 0.2, 0.35, 0.254761649819, 0.2, 0.254761649819
62, 0.25, 0.35, 0.286507766546, 0.25, 0.286507766546
62, 0.3, 0.35, 0.318253883273, 0.3, 0.318253883273
62, 0.35, 0.35, 0.35, 0.35, 0.35
63, 0.2, 0.2, 0.2, 0.2, 0.2
63, 0.25, 0.2, 0.230530793552, 0.25, 0.230530793552
63, 0.3, 0.2, 0.261061587104, 0.3, 0.261061587104
63, 0.35, 0.2, 0.291592380656, 0.35, 0.291592380656
63, 0.2, 0.25, 0.219469206448, 0.2, 0.219469206448
63, 0.25, 0.25, 0.25, 0.25, 0.25
63, 0.3, 0.25, 0.280530793552, 0.3, 0.280530793552
63, 0.35, 0.25, 0.311061587104, 0.35, 0.311061587104
63, 0.2, 0.3, 0.238938412896, 0.2, 0.238938412896
63, 0.25, 0.3, 0.269469206448, 0.25, 0.269469206448
63, 0.3, 0.3, 0.3, 0.3, 0.3
63, 0.35, 0.3, 0.330530793552, 0.35, 0.330530793552
63, 0.2, 0.35, 0.258407619344, 0.2, 0.258407619344
63, 0.25, 0.35, 0.288938412896, 0.25, 0.288938412896
63, 0.3, 0.35, 0.319469206448, 0.3, 0.319469206448
63, 0.35, 0.35, 0.35, 0.35, 0.35
64, 0.2, 0.2, 0.2, 0.2, 0.2
64, 0.25, 0.2, 0.229308731957, 0.25, 0.229308731957
64, 0.3, 0.2, 0.258617463914, 0.3, 0.258617463914
64, 0.35, 0.2, 0.287926195871, 0.35, 0.287926195871
64, 0.2, 0.25, 0.220691268043, 0.2, 0.220691268043
64, 0.25, 0.25, 0.25, 0.25, 0.25
64, 0.3, 0.25, 0.279308731957, 0.3, 0.279308731957
64, 0.35, 0.25, 0.308617463914, 0.35, 0.308617463914
64, 0.2, 0.3, 0.241382536086, 0.2, 0.241382536086
64, 0.25, 0.3, 0.270691268043, 0.25, 0.270691268043
64, 0.3, 0.3, 0.3, 0.3, 0.3
64, 0.35, 0.3, 0.329308731957, 0.35, 0.329308731957
64, 0.2, 0.35, 0.262073804129, 0.2, 0.262073804129
64, 0.25, 0.35, 0.291382536086, 0.25, 0.291382536086
64, 0.3, 0.35, 0.320691268043, 0.3, 0.320691268043
64, 0.35, 0.35, 0.35, 0.35, 0.35
65, 0.2, 0.2, 0.2, 0.2, 0.2
65, 0.25, 0.2, 0.228081420836, 0.25, 0.228081420836
65, 0.3, 0.2, 0.256162841672, 0.3, 0.256162841672
65, 0.35, 0.2, 0.284244262507, 0.35, 0.284244262507
65, 0.2, 0.25, 0.221918579164, 0.2, 0.221918579164
65, 0.25, 0.25, 0.25, 0.25, 0.25
65, 0.3, 0.25, 0.278081420836, 0.3, 0.278081420836
65, 0.35, 0.25, 0.306162841672, 0.35, 0.306162841672
65, 0.2, 0.3, 0.243837158328, 0.2, 0.243837158328
65, 0.25, 0.3, 0.271918579164, 0.25, 0.271918579164
65, 0.3, 0.3, 0.3, 0.3, 0.3
65, 0.35, 0.3, 0.328081420836, 0.35, 0.328081420836
65, 0.2, 0.35, 0.265755737493, 0.2, 0.265755737493
65, 0.25, 0.35, 0.293837158328, 0.25, 0.293837158328
65, 0.3, 0.35, 0.321918579164, 0.3, 0.321918579164
65, 0.35, 0.35, 0.35, 0.35, 0.35
66, 0.2, 0.2, 0.2, 0.2, 0.2
66, 0.25, 0.2, 0.226850355478, 0.25, 0.226850355478
66, 0.3, 0.2, 0.253700710956, 0.3, 0.253700710956
66, 0.35, 0.2, 0.280551066434, 0.35, 0.280551066434
66, 0.2, 0.25, 0.223149644522, 0.2, 0.223149644522
66, 0.25, 0.25, 0.25, 0.25, 0.25
66, 0.3, 0.25, 0.276850355478, 0.3, 0.276850355478
66, 0.35, 0.25, 0.303700710956, 0.35, 0.303700710956
66, 0.2, 0.3, 0.246299289044, 0.2, 0.246299289044
66, 0.25, 0.3, 0.273149644522, 0.25, 0.273149644522
66, 0.3, 0.3, 0.3, 0.3, 0.3
66, 0.35, 0.3, 0.326850355478, 0.35, 0.326850355478
66, 0.2, 0.35, 0.269448933566, 0.2, 0.269448933566
66, 0.25, 0.35, 0.296299289044, 0.25, 0.296299289044
66, 0.3, 0.35, 0.323149644522, 0.3, 0.323149644522
66, 0.35, 0.35, 0.35, 0.35, 0.35
67, 0.2, 0.2, 0.2, 0.2, 0.2
67, 0.25, 0.2, 0.225617035747, 0.25, 0.225617035747
67, 0.3, 0.2, 0.251234071494, 0.3, 0.251234071494
67, 0.35, 0.2, 0.276851107241, 0.35, 0.276851107241
67, 0.2, 0.25, 0.224382964253, 0.2, 0.224382964253
67, 0.25, 0.25, 0.25, 0.25, 0.25
67, 0.3, 0.25, 0.275617035747, 0.3, 0.275617035747
67, 0.35, 0.25, 0.301234071494, 0.35, 0.301234071494
67, 0.2, 0.3, 0.248765928506, 0.2, 0.248765928506
67, 0.25, 0.3, 0.274382964253, 0.25, 0.274382964253
67, 0.3, 0.3, 0.3, 0.3, 0.3
67, 0.35, 0.3, 0.325617035747, 0.35, 0.325617035747
67, 0.2, 0.35, 0.273148892759, 0.2, 0.273148892759
67, 0.25, 0.35, 0.298765928506, 0.25, 0.298765928506
67, 0.3, 0.35, 0.324382964253, 0.3, 0.324382964253
67, 0.35, 0.35, 0.35, 0.35, 0.35
68, 0.2, 0.2, 0.2, 0.2, 0.2
68, 0.25, 0.2, 0.224382964253, 0.25, 0.224382964253
68, 0.3, 0.2, 0.248765928506, 0.3, 0.248765928506
68, 0.35, 0.2, 0.273148892759, 0.35, 0.273148892759
68, 0.2, 0.25, 0.225617035747, 0.2, 0.225617035747
68, 0.25, 0.25, 0.25, 0.25, 0.25
68, 0.3, 0.25, 0.274382964253, 0.3, 0.274382964253
68, 0.35, 0.25, 0.298765928506, 0.35, 0.298765928506
68, 0.2, 0.3, 0.251234071494, 0.2, 0.251234071494
68, 0.25, 0.3, 0.275617035747, 0.25, 0.275617035747
68, 0.3, 0.3, 0.3, 0.3, 0.3
68, 0.35, 0.3, 0.324382964253, 0.35, 0.324382964253
68, 0.2, 0.35, 0.276851107241, 0.2, 0.276851107241
68, 0.25, 0.35, 0.301234071494, 0.25, 0.301234071494
68, 0.3, 0.35, 0.325617035747, 0.3, 0.325617035747
68, 0.35, 0.35, 0.35, 0.35, 0.35
69, 0.2, 0.2, 0.2, 0.2, 0.2
69, 0.25, 0.2, 0.223149644522, 0.25, 0.223149644522
69, 0.3, 0.2, 0.246299289044, 0.3, 0.246299289044
69, 0.35, 0.2, 0.269448933566, 0.35, 0.269448933566
69, 0.2, 0.25, 0.226850355478, 0.2, 0.226850355478
69, 0.25, 0.25, 0.25, 0.25, 0.25
69, 0.3, 0.25, 0.273149644522, 0.3, 0.273149644522
69, 0.35, 0.25, 0.296299289044, 0.35, 0.296299289044
69, 0.2, 0.3, 0.253700710956, 0.2, 0.253700710956
69, 0.25, 0.3, 0.276850355478, 0.25, 0.276850355478
69, 0.3, 0.3, 0.3, 0.3, 0.3
69, 0.35, 0.3, 0.323149644522, 0.35, 0.323149644522
69, 0.2, 0.35, 0.280551066434, 0.2, 0.280551066434
69, 0.25, 0.35, 0.303700710956, 0.25, 0.303700710956
69, 0.3, 0.35, 0.326850355478, 0.3, 0.326850355478
69, 0.35, 0.35, 0.35, 0.35, 0.35
70, 0.2, 0.2, 0.2, 0.2, 0.2
70, 0.25, 0.2, 0.221918579164, 0.25, 0.221918579164
70, 0.3, 0.2, 0.243837158328, 0.3, 0.243837158328
70, 0.35, 0.2, 0.265755737493, 0.35, 0.265755737493
70, 0.2, 0.25, 0.228081420836, 0.2, 0.228081420836
70, 0.25, 0.25, 0.25, 0.25, 0.25
70, 0.3, 0.25, 0.271918579164, 0.3, 0.271918579164
70, 0.35, 0.25, 0.293837158328, 0.35, 0.293837158328
70, 0.2, 0.3, 0.256162841672, 0.2, 0.256162841672
70, 0.25, 0.3, 0.278081420836, 0.25, 0.278081420836
70, 0.3, 0.3, 0.3, 0.3, 0.3
70, 0.35, 0.3, 0.321918579164, 0.35, 0.321918579164
70, 0.2, 0.35, 0.284244262507, 0.2, 0.284244262507
70, 0.25, 0.35, 0.306162841672, 0.25, 0.306162841672
70, 0.3, 0.35, 0.328081420836, 0.3, 0.328081420836
70, 0.35, 0.35, 0.35, 0.35, 0.35
71, 0.2, 0.2, 0.2, 0.2, 0.2
71, 0.25, 0.2, 0.220691268043, 0.25, 0.220691268043
71, 0.3, 0.2, 0.241382536086, 0.3, 0.241382536086
71, 0.35, 0.2, 0.262073804129, 0.35, 0.262073804129
71, 0.2, 0.25, 0.229308731957, 0.2, 0.229308731957
71, 0.25, 0.25, 0.25, 0.25, 0.25
71, 0.3, 0.25, 0.270691268043, 0.3, 0.270691268043
71, 0.35, 0.25, 0.291382536086, 0.35, 0.291382536086
71, 0.2, 0.3, 0.258617463914, 0.2, 0.258617463914
71, 0.25, 0.3, 0.279308731957, 0.25, 0.279308731957
71, 0.3, 0.3, 0.3, 0.3, 0.3
71, 0.35, 0.3, 0.320691268043, 0.35, 0.320691268043
71, 0.2, 0.35, 0.287926195871, 0.2, 0.287926195871
71, 0.25, 0.35, 0.308617463914, 0.25, 0.308617463914
71, 0.3, 0.35, 0.329308731957, 0.3, 0.329308731957
71, 0.35, 0.35, 0.35, 0.35, 0.35
72, 0.2, 0.2, 0.2, 0.2, 0.2
72, 0.25, 0.2, 0.219469206448, 0.25, 0.219469206448
72, 0.3, 0.2, 0.238938412896, 0.3, 0.238938412896
72, 0.35, 0.2, 0.258407619344, 0.35, 0.258407619344
72, 0.2, 0.25, 0.230530793552, 0.2, 0.230530793552
72, 0.25, 0.25, 0.25, 0.25, 0.25
72, 0.3, 0.25, 0.269469206448, 0.3, 0.269469206448
72, 0.35, 0.25, 0.288938412896, 0.35, 0.288938412896
72, 0.2, 0.3, 0.261061587104, 0.2, 0.261061587104
72, 0.25, 0.3, 0.280530793552, 0.25, 0.280530793552
72, 0.3, 0.3, 0.3, 0.3, 0.3
72, 0.35, 0.3, 0.319469206448, 0.35, 0.319469206448
72, 0.2, 0.35, 0.291592380656, 0.2, 0.291592380656
72, 0.25, 0.35, 0.311061587104, 0.25, 0.311061587104
72, 0.3, 0.35, 0.330530793552, 0.3, 0.330530793552
72, 0.35, 0.35, 0.35, 0.35, 0.35
73, 0.2, 0.2, 0.2, 0.2, 0.2
73, 0.25, 0.2, 0.218253883273, 0.25, 0.218253883273
73, 0.3, 0.2, 0.236507766546, 0.3, 0.236507766546
73, 0.35, 0.2, 0.254761649819, 0.35, 0.254761649819
73, 0.2, 0.25, 0.231746116727, 0.2, 0.231746116727
73, 0.25, 0.25, 0.25, 0.25, 0.25
73, 0.3, 0.25, 0.268253883273, 0.3, 0.268253883273
73, 0.35, 0.25, 0.286507766546, 0.35, 0.286507766546
73, 0.2, 0.3, 0.263492233454, 0.2, 0.263492233454
73, 0.25, 0.3, 0.281746116727, 0.25, 0.281746116727
73, 0.3, 0.3, 0.3, 0.3, 0.3
73, 0.35, 0.3, 0.318253883273, 0.35, 0.318253883273
73, 0.2, 0.35, 0.295238350181, 0.2, 0.295238350181
73, 0.25, 0.35, 0.313492233454, 0.25, 0.313492233454
73, 0.3, 0.35, 0.331746116727, 0.3, 0.331746116727
73, 0.35, 0.35, 0.35, 0.35, 0.35
74, 0.2, 0.2, 0.2, 0.2, 0.2
74, 0.25, 0.2, 0.217046779202, 0.25, 0.217046779202
74, 0.3, 0.2, 0.234093558404, 0.3, 0.234093558404
74, 0.35, 0.2, 0.251140337606, 0.35, 0.251140337606
74, 0.2, 0.25, 0.232953220798, 0.2, 0.232953220798
74, 0.25, 0.25, 0.25, 0.25, 0.25
74, 0.3, 0.25, 0.267046779202, 0.3, 0.267046779202
74, 0.35, 0.25, 0.284093558404, 0.35, 0.284093558404
74, 0.2, 0.3, 0.265906441596, 0.2, 0.265906441596
74, 0.25, 0.3, 0.282953220798, 0.25, 0.282953220798
74, 0.3, 0.3, 0.3, 0.3, 0.3
74, 0.35, 0.3, 0.317046779202, 0.35, 0.317046779202
74, 0.2, 0.35, 0.298859662394, 0.2, 0.298859662394
74, 0.25, 0.35, 0.315906441596, 0.25, 0.315906441596
74, 0.3, 0.35, 0.332953220798, 0.3, 0.332953220798
74, 0.35, 0.35, 0.35, 0.35, 0.35
75, 0.2, 0.2, 0.2, 0.2, 0.2
75, 0.25, 0.2, 0.215849364905, 0.25, 0.215849364905
75, 0.3, 0.2, 0.231698729811, 0.3, 0.231698729811
75, 0.35, 0.2, 0.247548094716, 0.35, 0.247548094716
75, 0.2, 0.25, 0.234150635095, 0.2, 0.234150635095
75, 0.25, 0.25, 0.25, 0.25, 0.25
75, 0.3, 0.25, 0.265849364905, 0.3, 0.265849364905
75, 0.35, 0.25, 0.281698729811, 0.35, 0.281698729811
75, 0.2, 0.3, 0.268301270189, 0.2, 0.268301270189
75, 0.25, 0.3, 0.284150635095, 0.25, 0.284150635095
75, 0.3, 0.3, 0.3, 0.3, 0.3
75, 0.35, 0.3, 0.315849364905, 0.35, 0.315849364905
75, 0.2, 0.35, 0.302451905284, 0.2, 0.302451905284
75, 0.25, 0.35, 0.318301270189, 0.25, 0.318301270189
75, 0.3, 0.35, 0.334150635095, 0.3, 0.334150635095
75, 0.35, 0.35, 0.35, 0.35, 0.35
76, 0.2, 0.2, 0.2, 0.2, 0.2
76, 0.25, 0.2, 0.214663099248, 0.25, 0.214663099248
76, 0.3, 0.2, 0.229326198496, 0.3, 0.229326198496
76, 0.35, 0.2, 0.243989297745, 0.35, 0.243989297745
76, 0.2, 0.25, 0.235336900752, 0.2, 0.235336900752
76, 0.25, 0.25, 0.25, 0.25, 0.25
76, 0.3, 0.25, 0.264663099248, 0.3, 0.264663099248
76, 0.35, 0.25, 0.279326198496, 0.35, 0.279326198496
76, 0.2, 0.3, 0.270673801504, 0.2, 0.270673801504
76, 0.25, 0.3, 0.285336900752, 0.25, 0.285336900752
76, 0.3, 0.3, 0.3, 0.3, 0.3
76, 0.35, 0.3, 0.314663099248, 0.35, 0.314663099248
76, 0.2, 0.35, 0.306010702255, 0.2, 0.306010702255
76, 0.25, 0.35, 0.320673801504, 0.25, 0.320673801504
76, 0.3, 0.35, 0.335336900752, 0.3, 0.335336900752
76, 0.35, 0.35, 0.35, 0.35, 0.35
77, 0.2, 0.2, 0.2, 0.2, 0.2
77, 0.25, 0.2, 0.213489427512, 0.25, 0.213489427512
77, 0.3, 0.2, 0.226978855024, 0.3, 0.226978855024
77, 0.35, 0.2, 0.240468282537, 0.35, 0.240468282537
77, 0.2, 0.25, 0.236510572488, 0.2, 0.236510572488
77, 0.25, 0.25, 0.25, 0.25, 0.25
77, 0.3, 0.25, 0.263489427512, 0.3, 0.263489427512
77, 0.35, 0.25, 0.276978855024, 0.35, 0.276978855024
77, 0.2, 0.3, 0.273021144976, 0.2, 0.273021144976
77, 0.25, 0.3, 0.286510572488, 0.25, 0.286510572488
77, 0.3, 0.3, 0.3, 0.3, 0.3
77, 0.35, 0.3, 0.313489427512, 0.35, 0.313489427512
77, 0.2, 0.35, 0.309531717463, 0.2, 0.309531717463
77, 0.25, 0.35, 0.323021144976, 0.25, 0.323021144976
77, 0.3, 0.35, 0.336510572488, 0.3, 0.336510572488
77, 0.35, 0.35, 0.35, 0.35, 0.35
78, 0.2, 0.2, 0.2, 0.2, 0.2
78, 0.25, 0.2, 0.212329779636, 0.25, 0.212329779636
78, 0.3, 0.2, 0.224659559272, 0.3, 0.224659559272
78, 0.35, 0.2, 0.236989338907, 0.35, 0.236989338907
78, 0.2, 0.25, 0.237670220364, 0.2, 0.237670220364
78, 0.25, 0.25, 0.25, 0.25, 0.25
78, 0.3, 0.25, 0.262329779636, 0.3, 0.262329779636
78, 0.35, 0.25, 0.274659559272, 0.35, 0.274659559272
78, 0.2, 0.3, 0.275340440728, 0.2, 0.275340440728
78, 0.25, 0.3, 0.287670220364, 0.25, 0.287670220364
78, 0.3, 0.3, 0.3, 0.3, 0.3
78, 0.35, 0.3, 0.312329779636, 0.35, 0.312329779636
78, 0.2, 0.35, 0.313010661093, 0.2, 0.313010661093
78, 0.25, 0.35, 0.325340440728, 0.25, 0.325340440728
78, 0.3, 0.35, 0.337670220364, 0.3, 0.337670220364
78, 0.35, 0.35, 0.35, 0.35, 0.35
79, 0.2, 0.2, 0.2, 0.2, 0.2
79, 0.25, 0.2, 0.211185568471, 0.25, 0.211185568471
79, 0.3, 0.2, 0.222371136942, 0.3, 0.222371136942
79, 0.35, 0.2, 0.233556705414, 0.35, 0.233556705414
79, 0.2, 0.25, 0.238814431529, 0.2, 0.238814431529
79, 0.25, 0.25, 0.25, 0.25, 0.25
79, 0.3, 0.25, 0.261185568471, 0.3, 0.261185568471
79, 0.35, 0.25, 0.272371136942, 0.35, 0.272371136942
79, 0.2, 0.3, 0.277628863058, 0.2, 0.277628863058
79, 0.25, 0.3, 0.288814431529, 0.25, 0.288814431529
79, 0.3, 0.3, 0.3, 0.3, 0.3
79, 0.35, 0.3, 0.311185568471, 0.35, 0.311185568471
79, 0.2, 0.35, 0.316443294586, 0.2, 0.316443294586
79, 0.25, 0.35, 0.327628863058, 0.25, 0.327628863058
79, 0.3, 0.35, 0.338814431529, 0.3, 0.338814431529
79, 0.35, 0.35, 0.35, 0.35, 0.35
80, 0.2, 0.2, 0.2, 0.2, 0.2
80, 0.25, 0.2, 0.210058188063, 0.25, 0.210058188063
80, 0.3, 0.2, 0.220116376127, 0.3, 0.220116376127
80, 0.35, 0.2, 0.23017456419, 0.35, 0.23017456419
80, 0.2, 0.25, 0.239941811937, 0.2, 0.239941811937
80, 0.25, 0.25, 0.25, 0.25, 0.25
80, 0.3, 0.25, 0.260058188063, 0.3, 0.260058188063
80, 0.35, 0.25, 0.270116376127, 0.35, 0.270116376127
80, 0.2, 0.3, 0.279883623873, 0.2, 0.279883623873
80, 0.25, 0.3, 0.289941811937, 0.25, 0.289941811937
80, 0.3, 0.3, 0.3, 0.3, 0.3
80, 0.35, 0.3, 0.310058188063, 0.35, 0.310058188063
80, 0.2, 0.35, 0.31982543581, 0.2, 0.31982543581
80, 0.25, 0.35, 0.329883623873, 0.25, 0.329883623873
80, 0.3, 0.35, 0.339941811937, 0.3, 0.339941811937
80, 0.35, 0.35, 0.35, 0.35, 0.35
81, 0.2, 0.2, 0.2, 0.2, 0.2
81, 0.25, 0.2, 0.208949011952, 0.25, 0.208949011952
81, 0.3, 0.2, 0.217898023904, 0.3, 0.217898023904
81, 0.35, 0.2, 0.226847035856, 0.35, 0.226847035856
81, 0.2, 0.25, 0.241050988048, 0.2, 0.241050988048
81, 0.25, 0.25, 0.25, 0.25, 0.25
81, 0.3, 0.25, 0.258949011952, 0.3, 0.258949011952
81, 0.35, 0.25, 0.267898023904, 0.35, 0.267898023904
81, 0.2, 0.3, 0.282101976096, 0.2, 0.282101976096
81, 0.25, 0.3, 0.291050988048, 0.25, 0.291050988048
81, 0.3, 0.3, 0.3, 0.3, 0.3
81, 0.35, 0.3, 0.308949011952, 0.35, 0.308949011952
81, 0.2, 0.35, 0.323152964144, 0.2, 0.323152964144
81, 0.25, 0.35, 0.332101976096, 0.25, 0.332101976096
81, 0.3, 0.35, 0.341050988048, 0.3, 0.341050988048
81, 0.35, 0.35, 0.35, 0.35, 0.35
82, 0.2, 0.2, 0.2, 0.2, 0.2
82, 0.25, 0.2, 0.207859391497, 0.25, 0.207859391497
82, 0.3, 0.2, 0.215718782994, 0.3, 0.215718782994
82, 0.35, 0.2, 0.223578174491, 0.35, 0.223578174491
82, 0.2, 0.25, 0.242140608503, 0.2, 0.242140608503
82, 0.25, 0.25, 0.25, 0.25, 0.25
82, 0.3, 0.25, 0.257859391497, 0.3, 0.257859391497
82, 0.35, 0.25, 0.265718782994, 0.35, 0.265718782994
82, 0.2, 0.3, 0.284281217006, 0.2, 0.284281217006
82, 0.25, 0.3, 0.292140608503, 0.25, 0.292140608503
82, 0.3, 0.3, 0.3, 0.3, 0.3
82, 0.35, 0.3, 0.307859391497, 0.35, 0.307859391497
82, 0.2, 0.35, 0.326421825509, 0.2, 0.326421825509
82, 0.25, 0.35, 0.334281217006, 0.25, 0.334281217006
82, 0.3, 0.35, 0.342140608503, 0.3, 0.342140608503
82, 0.35, 0.35, 0.35, 0.35, 0.35
83, 0.2, 0.2, 0.2, 0.2, 0.2
83, 0.25, 0.2, 0.206790654233, 0.25, 0.206790654233
83, 0.3, 0.2, 0.213581308466, 0.3, 0.213581308466
83, 0.35, 0.2, 0.220371962699, 0.35, 0.220371962699
83, 0.2, 0.25, 0.243209345767, 0.2, 0.243209345767
83, 0.25, 0.25, 0.25, 0.25, 0.25
83, 0.3, 0.25, 0.256790654233, 0.3, 0.256790654233
83, 0.35, 0.25, 0.263581308466, 0.35, 0.263581308466
83, 0.2, 0.3, 0.286418691534, 0.2, 0.286418691534
83, 0.25, 0.3, 0.293209345767, 0.25, 0.293209345767
83, 0.3, 0.3, 0.3, 0.3, 0.3
83, 0.35, 0.3, 0.306790654233, 0.35, 0.306790654233
83, 0.2, 0.35, 0.329628037301, 0.2, 0.329628037301
83, 0.25, 0.35, 0.336418691534, 0.25, 0.336418691534
83, 0.3, 0.35, 0.343209345767, 0.3, 0.343209345767
83, 0.35, 0.35, 0.35, 0.35, 0.35
84, 0.2, 0.2, 0.2, 0.2, 0.2
84, 0.25, 0.2, 0.205744102252, 0.25, 0.205744102252
84, 0.3, 0.2, 0.211488204504, 0.3, 0.211488204504
84, 0.35, 0.2, 0.217232306756, 0.35, 0.217232306756
84, 0.2, 0.25, 0.244255897748, 0.2, 0.244255897748
84, 0.25, 0.25, 0.25, 0.25, 0.25
84, 0.3, 0.25, 0.255744102252, 0.3, 0.255744102252
84, 0.35, 0.25, 0.261488204504, 0.35, 0.261488204504
84, 0.2, 0.3, 0.288511795496, 0.2, 0.288511795496
84, 0.25, 0.3, 0.294255897748, 0.25, 0.294255897748
84, 0.3, 0.3, 0.3, 0.3, 0.3
84, 0.35, 0.3, 0.305744102252, 0.35, 0.305744102252
84, 0.2, 0.35, 0.332767693244, 0.2, 0.332767693244
84, 0.25, 0.35, 0.338511795496, 0.25, 0.338511795496
84, 0.3, 0.35, 0.344255897748, 0.3, 0.344255897748
84, 0.35, 0.35, 0.35, 0.35, 0.35
85, 0.2, 0.2, 0.2, 0.2, 0.2
85, 0.25, 0.2, 0.204721010616, 0.25, 0.204721010616
85, 0.3, 0.2, 0.209442021233, 0.3, 0.209442021233
85, 0.35, 0.2, 0.214163031849, 0.35, 0.214163031849
85, 0.2, 0.25, 0.245278989384, 0.2, 0.245278989384
85, 0.25, 0.25, 0.25, 0.25, 0.25
85, 0.3, 0.25, 0.254721010616, 0.3, 0.254721010616
85, 0.35, 0.25, 0.259442021233, 0.35, 0.259442021233
85, 0.2, 0.3, 0.290557978767, 0.2, 0.290557978767
85, 0.25, 0.3, 0.295278989384, 0.25, 0.295278989384
85, 0.3, 0.3, 0.3, 0.3, 0.3
85, 0.35, 0.3, 0.304721010616, 0.35, 0.304721010616
85, 0.2, 0.35, 0.335836968151, 0.2, 0.335836968151
85, 0.25, 0.35, 0.340557978767, 0.25, 0.340557978767
85, 0.3, 0.35, 0.345278989384, 0.3, 0.345278989384
85, 0.35, 0.35, 0.35, 0.35, 0.35
86, 0.2, 0.2, 0.2, 0.2, 0.2
86, 0.25, 0.2, 0.203722625805, 0.25, 0.203722625805
86, 0.3, 0.2, 0.207445251611, 0.3, 0.207445251611
86, 0.35, 0.2, 0.211167877416, 0.35, 0.211167877416
86, 0.2, 0.25, 0.246277374195, 0.2, 0.246277374195
86, 0.25, 0.25, 0.25, 0.25, 0.25
86, 0.3, 0.25, 0.253722625805, 0.3, 0.253722625805
86, 0.35, 0.25, 0.257445251611, 0.35, 0.257445251611
86, 0.2, 0.3, 0.292554748389, 0.2, 0.292554748389
86, 0.25, 0.3, 0.296277374195, 0.25, 0.296277374195
86, 0.3, 0.3, 0.3, 0.3, 0.3
86, 0.35, 0.3, 0.303722625805, 0.35, 0.303722625805
86, 0.2, 0.35, 0.338832122584, 0.2, 0.338832122584
86, 0.25, 0.35, 0.342554748389, 0.25, 0.342554748389
86, 0.3, 0.35, 0.346277374195, 0.3, 0.346277374195
86, 0.35, 0.35, 0.35, 0.35, 0.35
87, 0.2, 0.2, 0.2, 0.2, 0.2
87, 0.25, 0.2, 0.202750164197, 0.25, 0.202750164197
87, 0.3, 0.2, 0.205500328395, 0.3, 0.205500328395
87, 0.35, 0.2, 0.208250492592, 0.35, 0.208250492592
87, 0.2, 0.25, 0.247249835803, 0.2, 0.247249835803
87, 0.25, 0.25, 0.25, 0.25, 0.25
87, 0.3, 0.25, 0.252750164197, 0.3, 0.252750164197
87, 0.35, 0.25, 0.255500328395, 0.35, 0.255500328395
87, 0.2, 0.3, 0.294499671605, 0.2, 0.294499671605
87, 0.25, 0.3, 0.297249835803, 0.25, 0.297249835803
87, 0.3, 0.3, 0.3, 0.3, 0.3
87, 0.35, 0.3, 0.302750164197, 0.35, 0.302750164197
87, 0.2, 0.35, 0.341749507408, 0.2, 0.341749507408
87, 0.25, 0.35, 0.344499671605, 0.25, 0.344499671605
87, 0.3, 0.35, 0.347249835803, 0.3, 0.347249835803
87, 0.35, 0.35, 0.35, 0.35, 0.35
88, 0.2, 0.2, 0.2, 0.2, 0.2
88, 0.25, 0.2, 0.201804810587, 0.25, 0.201804810587
88, 0.3, 0.2, 0.203609621174, 0.3, 0.203609621174
88, 0.35, 0.2, 0.205414431761, 0.35, 0.205414431761
88, 0.2, 0.25, 0.248195189413, 0.2, 0.248195189413
88, 0.25, 0.25, 0.25, 0.25, 0.25
88, 0.3, 0.25, 0.251804810587, 0.3, 0.251804810587
88, 0.35, 0.25, 0.253609621174, 0.35, 0.253609621174
88, 0.2, 0.3, 0.296390378826, 0.2, 0.296390378826
88, 0.25, 0.3, 0.298195189413, 0.25, 0.298195189413
88, 0.3, 0.3, 0.3, 0.3, 0.3
88, 0.35, 0.3, 0.301804810587, 0.35, 0.301804810587
88, 0.2, 0.35, 0.344585568239, 0.2, 0.344585568239
88, 0.25, 0.35, 0.346390378826, 0.25, 0.346390378826
88, 0.3, 0.35, 0.348195189413, 0.3, 0.348195189413
88, 0.35, 0.35, 0.35, 0.35, 0.35
89, 0.2, 0.2, 0.2, 0.2, 0.2
89, 0.25, 0.2, 0.200887716742, 0.25, 0.200887716742
89, 0.3, 0.2, 0.201775433484, 0.3, 0.201775433484
89, 0.35, 0.2, 0.202663150226, 0.35, 0.202663150226
89, 0.2, 0.25, 0.249112283258, 0.2, 0.249112283258
89, 0.25, 0.25, 0.25, 0.25, 0.25
89, 0.3, 0.25, 0.250887716742, 0.3, 0.250887716742
89, 0.35, 0.25, 0.251775433484, 0.35, 0.251775433484
89, 0.2, 0.3, 0.298224566516, 0.2, 0.298224566516
89, 0.25, 0.3, 0.299112283258, 0.25, 0.299112283258
89, 0.3, 0.3, 0.3, 0.3, 0.3
89, 0.35, 0.3, 0.300887716742, 0.35, 0.300887716742
89, 0.2, 0.35, 0.347336849774, 0.2, 0.347336849774
89, 0.25, 0.35, 0.348224566516, 0.25, 0.348224566516
89, 0.3, 0.35, 0.349112283258, 0.3, 0.349112283258
89, 0.35, 0.35, 0.35, 0.35, 0.35
90, 0.2, 0.2, 0.2, 0.2, 0.2
90, 0.25, 0.2, 0.2, 0.25, 0.2
90, 0.3, 0.2, 0.2, 0.3, 0.2
90, 0.35, 0.2, 0.2, 0.35, 0.2
90, 0.2, 0.25, 0.25, 0.2, 0.25
90, 0.25, 0.25, 0.25, 0.25, 0.25
90, 0.3, 0.25, 0.25, 0.3, 0.25
90, 0.35, 0.25, 0.25, 0.35, 0.25
90, 0.2, 0.3, 0.3, 0.2, 0.3
90, 0.25, 0.3, 0.3, 0.25, 0.3
90, 0.3, 0.3, 0.3, 0.3, 0.3
90, 0.35, 0.3, 0.3, 0.35, 0.3
90, 0.2, 0.35, 0.35, 0.2, 0.35
90, 0.25, 0.35, 0.35, 0.25, 0.35
90, 0.3, 0.35, 0.35, 0.3, 0.35
90, 0.35, 0.35, 0.35, 0.35, 0.35
