308,76,38,26.5,-14.416,9.6857,189.36,0
308,76,38,27,-14.299,9.6954,187.76,0.5
308,76,38,27.5,-14.192,9.6954,187.76,1
308,76,38,28,-14.122,9.6857,187.76,1.5
308,76,38,28.5,-14.042,9.6857,187.44,2
308,76,38,29,-13.999,9.676,187.44,2.5
308,76,38,29.5,-13.909,9.6857,187.44,3
308,76,38,30,-13.849,9.6663,187.44,3.5
308,76,38,30.5,-13.773,9.676,187.44,4
308,76,38,31,-13.729,9.6663,187.44,4.5
308,76,38,31.5,-13.673,9.6566,187.44,5
308,76,38,32,-13.593,9.6566,187.44,5.5
308,76,38,32.5,-13.55,9.6469,187.44,6
308,76,38,33,-13.487,9.6566,187.44,6.5
308,76,38,33.5,-13.444,9.6469,187.44,7
308,76,38,34,-13.39,9.6469,187.44,7.5
308,76,38,34.5,-13.334,9.6373,187.11,8
308,76,38,35,-13.284,9.6469,187.11,8.5
308,76,38,35.5,-13.238,9.6276,187.11,9
308,76,38,36,-13.198,9.6276,187.11,9.5
308,76,38,36.5,-13.131,9.6276,186.79,10
308,76,38,37,-13.092,9.6276,187.11,10.5
308,76,38,37.5,-13.049,9.6179,187.11,11
308,76,38,38,-12.985,9.6276,187.44,11.5
308,76,38,38.5,-12.955,9.6179,186.79,12
308,76,38,39,-12.939,9.6082,187.11,12.5
308,76,38,39.5,-12.909,9.5985,186.79,13
308,76,38,40,-12.846,9.6082,186.79,13.5
308,76,38,40.5,-12.803,9.5985,186.79,14
308,76,38,41,-12.776,9.5985,186.79,14.5
308,76,38,41.5,-12.747,9.5888,186.79,15
308,76,38,42,-12.717,9.5792,186.79,15.5
308,76,38,42.5,-12.69,9.5792,187.11,16
308,76,38,43,-12.644,9.5985,187.11,16.5
308,76,38,43.5,-12.601,9.5888,186.79,17
308,76,38,44,-12.605,9.5598,186.79,17.5
308,76,38,44.5,-12.551,9.5598,187.11,18
308,76,38,45,-12.528,9.5695,187.11,18.5
308,76,38,45.5,-12.501,9.5695,186.79,19
308,76,38,46,-12.448,9.5695,187.11,19.5
308,76,38,46.5,-12.409,9.5695,186.79,20
308,76,38,47,-12.405,9.5598,187.11,20.5
308,76,38,47.5,-12.355,9.5695,187.11,21
308,76,38,48,-12.355,9.5695,187.11,21.5
308,76,38,48.5,-12.313,9.5598,187.11,22
308,76,38,49,-12.313,9.5598,187.11,22.5
308,76,38,49.5,-12.283,9.5501,187.11,23
308,76,38,50,-12.27,9.5501,187.11,23.5
308,76,38,50.5,-12.227,9.5404,187.11,24
308,76,38,51,-12.227,9.5404,187.11,24.5
308,76,38,51.5,-12.187,9.5404,187.11,25
308,76,38,52,-12.163,9.5501,187.11,25.5
308,76,38,52.5,-12.131,9.5308,186.79,26
308,76,38,53,-12.131,9.5308,186.79,26.5
308,76,38,53.5,-12.117,9.5308,186.79,27
308,76,38,54,-12.078,9.5308,186.79,27.5
308,76,38,54.5,-12.061,9.5211,186.79,28
308,76,38,55,-12.048,9.5211,187.11,28.5
308,76,38,55.5,-12.021,9.5211,187.11,29
308,76,38,56,-11.982,9.5211,186.79,29.5
308,76,38,56.5,-11.982,9.5211,187.11,30
308,76,38,57,-11.965,9.5114,187.11,30.5
308,76,38,57.5,-11.939,9.5114,187.11,31
308,76,38,58,-11.929,9.5211,187.11,31.5
308,76,38,58.5,-11.912,9.5114,187.11,32
308,76,38,59,-11.886,9.5114,187.11,32.5
308,76,38,59.5,-11.859,9.5114,187.11,33
308,76,39,0,-11.863,9.4824,187.11,33.5
308,76,39,0.5,-11.84,9.4921,186.79,34
308,76,39,1,-11.81,9.4824,187.11,34.5
308,76,39,1.5,-11.82,9.4727,187.11,35
308,76,39,2,-11.794,9.4727,186.79,35.5
308,76,39,2.5,-11.757,9.4824,187.11,36
308,76,39,3,-11.777,9.4631,186.79,36.5
308,76,39,3.5,-11.738,9.4631,187.11,37
308,76,39,4,-11.734,9.4534,187.11,37.5
308,76,39,4.5,-11.718,9.4437,187.11,38
308,76,39,5,-11.681,9.4534,187.11,38.5
308,76,39,5.5,-11.668,9.4534,186.79,39
308,76,39,6,-11.665,9.4437,186.79,39.5
308,76,39,6.5,-11.652,9.4437,186.79,40
308,76,39,7,-11.639,9.4437,187.11,40.5
308,76,39,7.5,-11.596,9.434,186.79,41
308,76,39,8,-11.596,9.434,187.11,41.5
308,76,39,8.5,-11.606,9.4244,186.79,42
308,76,39,9,-11.566,9.4244,186.79,42.5
308,76,39,9.5,-11.563,9.4147,187.11,43
308,76,39,10,-11.563,9.4147,186.79,43.5
308,76,39,10.5,-11.52,9.405,187.11,44
308,76,39,11,-11.51,9.4147,186.79,44.5
308,76,39,11.5,-11.52,9.405,186.79,45
308,76,39,12,-11.494,9.405,186.79,45.5
308,76,39,12.5,-11.467,9.405,187.11,46
308,76,39,13,-11.497,9.3761,187.11,46.5
308,76,39,13.5,-11.477,9.3954,187.11,47
308,76,39,14,-11.434,9.3857,186.79,47.5
308,76,39,14.5,-11.434,9.3857,187.11,48
308,76,39,15,-11.444,9.3761,187.11,48.5
308,76,39,15.5,-11.418,9.3761,187.11,49
308,76,39,16,-11.381,9.3857,186.79,49.5
308,76,39,16.5,-11.402,9.3664,186.79,50
308,76,39,17,-11.362,9.3664,187.11,50.5
308,76,39,17.5,-11.359,9.3567,186.79,51
308,76,39,18,-11.349,9.3664,186.79,51.5
308,76,39,18.5,-11.359,9.3567,186.79,52
308,76,39,19,-11.352,9.3374,186.79,52.5
308,76,39,19.5,-11.352,9.3374,186.79,53
308,76,39,20,-11.316,9.3471,187.11,53.5
308,76,39,20.5,-11.316,9.3471,187.11,54
308,76,39,21,-11.299,9.3374,187.11,54.5
308,76,39,21.5,-11.286,9.3374,187.11,55
308,76,39,22,-11.283,9.3277,187.11,55.5
308,76,39,22.5,-11.283,9.3277,187.11,56
308,76,39,23,-11.283,9.3277,187.11,56.5
308,76,39,23.5,-11.283,9.3277,187.11,57
308,76,39,24,-11.24,9.3181,187.11,57.5
308,76,39,24.5,-11.24,9.3181,187.11,58
308,76,39,25,-11.25,9.3084,187.11,58.5
308,76,39,25.5,-11.25,9.3084,187.11,59
308,76,39,26,-11.231,9.2891,187.11,59.5
308,76,39,26.5,-11.197,9.3084,186.79,60
308,76,39,27,-11.207,9.2988,187.11,60.5
308,76,39,27.5,-11.194,9.2988,187.11,61
308,76,39,28,-11.178,9.2891,186.79,61.5
308,76,39,28.5,-11.165,9.2891,187.11,62
308,76,39,29,-11.175,9.2794,186.79,62.5
308,76,39,29.5,-11.185,9.2697,187.11,63
308,76,39,30,-11.175,9.2794,187.11,63.5
308,76,39,30.5,-11.185,9.2697,187.11,64
308,76,39,31,-11.148,9.2794,187.11,64.5
308,76,39,31.5,-11.142,9.2601,187.11,65
308,76,39,32,-11.132,9.2697,187.11,65.5
308,76,39,32.5,-11.152,9.2504,187.11,66
308,76,39,33,-11.139,9.2504,187.11,66.5
308,76,39,33.5,-11.139,9.2504,187.11,67
308,76,39,34,-11.109,9.2408,187.11,67.5
308,76,39,34.5,-11.099,9.2504,186.79,68
308,76,39,35,-11.119,9.2311,187.11,68.5
308,76,39,35.5,-11.099,9.2504,187.11,69
308,76,39,36,-11.093,9.2311,187.11,69.5
308,76,39,36.5,-11.093,9.2311,187.11,70
308,76,39,37,-11.08,9.2311,187.11,70.5
308,76,39,37.5,-11.087,9.2118,187.11,71
308,76,39,38,-11.076,9.2215,187.11,71.5
308,76,39,38.5,-11.05,9.2215,187.11,72
308,76,39,39,-11.083,9.2022,187.11,72.5
308,76,39,39.5,-11.07,9.2022,187.11,73
308,76,39,40,-11.07,9.2022,187.11,73.5
308,76,39,40.5,-11.067,9.1925,187.11,74
308,76,39,41,-11.044,9.2022,187.11,74.5
308,76,39,41.5,-11.044,9.2022,187.11,75
308,76,39,42,-11.044,9.2022,187.11,75.5
308,76,39,42.5,-11.054,9.1925,187.11,76
308,76,39,43,-11.024,9.1829,187.11,76.5
308,76,39,43.5,-11.024,9.1829,187.11,77
308,76,39,44,-11.011,9.1829,187.11,77.5
308,76,39,44.5,-11.021,9.1732,187.11,78
308,76,39,45,-11.021,9.1732,187.11,78.5
308,76,39,45.5,-11.021,9.1732,187.11,79
308,76,39,46,-11.031,9.1636,187.11,79.5
308,76,39,46.5,-11.005,9.1636,187.11,80
308,76,39,47,-11.025,9.1443,187.44,80.5
308,76,39,47.5,-10.978,9.1636,187.11,81
308,76,39,48,-10.998,9.1443,187.11,81.5
308,76,39,48.5,-10.998,9.1443,187.11,82
308,76,39,49,-10.998,9.1443,187.11,82.5
308,76,39,49.5,-10.982,9.1346,186.79,83
308,76,39,50,-10.969,9.1346,187.44,83.5
308,76,39,50.5,-10.979,9.125,187.11,84
308,76,39,51,-10.966,9.125,186.79,84.5
308,76,39,51.5,-10.966,9.125,187.44,85
308,76,39,52,-10.976,9.1153,187.44,85.5
308,76,39,52.5,-10.966,9.125,187.11,86
308,76,39,53,-10.941,9.1238,187.11,86.5
308,76,39,53.5,-10.961,9.1046,187.11,87
308,76,39,54,-10.951,9.1142,187.11,87.5
308,76,39,54.5,-10.948,9.1046,187.11,88
308,76,39,55,-10.945,9.0949,187.11,88.5
308,76,39,55.5,-10.955,9.0853,187.44,89
308,76,39,56,-10.955,9.0853,186.79,89.5
308,76,39,56.5,-10.955,9.0853,187.11,90
308,76,39,57,-10.945,9.0949,187.11,90.5
308,76,39,57.5,-10.965,9.0756,187.44,91
308,76,39,58,-10.902,9.0853,187.44,91.5
308,76,39,58.5,-10.922,9.0659,187.11,92
308,76,39,59,-10.912,9.0756,187.11,92.5
308,76,39,59.5,-10.922,9.0659,187.11,93
308,76,40,0,-10.922,9.0659,187.11,93.5
308,76,40,0.5,-10.932,9.0563,187.11,94
308,76,40,1,-10.942,9.0467,187.11,94.5
308,76,40,1.5,-10.903,9.0467,187.11,95
308,76,40,2,-10.903,9.0467,187.11,95.5
308,76,40,2.5,-10.889,9.0467,187.11,96
308,76,40,3,-10.889,9.0467,187.11,96.5
308,76,40,3.5,-10.889,9.0467,187.11,97
308,76,40,4,-10.919,9.0177,187.11,97.5
308,76,40,4.5,-10.909,9.0274,187.11,98
308,76,40,5,-10.896,9.0274,187.11,98.5
308,76,40,5.5,-10.893,9.0177,187.11,99
308,76,40,6,-10.87,9.0274,187.11,99.5
308,76,40,6.5,-10.867,9.0177,187.11,100
308,76,40,7,-10.877,9.0081,187.11,100.5
308,76,40,7.5,-10.877,9.0081,187.11,101
308,76,40,8,-10.877,9.0081,187.11,101.5
308,76,40,8.5,-10.887,8.9985,187.11,102
308,76,40,9,-10.897,8.9888,187.11,102.5
308,76,40,9.5,-10.873,8.9985,187.11,103
308,76,40,10,-10.897,8.9888,187.11,103.5
308,76,40,10.5,-10.857,8.9888,187.11,104
308,76,40,11,-10.867,8.9792,187.11,104.5
308,76,40,11.5,-10.867,8.9792,187.11,105
308,76,40,12,-10.864,8.9695,187.11,105.5
308,76,40,12.5,-10.864,8.9695,187.11,106
308,76,40,13,-10.874,8.9599,187.11,106.5
308,76,40,13.5,-10.864,8.9695,187.11,107
308,76,40,14,-10.851,8.9695,187.11,107.5
308,76,40,14.5,-10.874,8.9599,187.11,108
308,76,40,15,-10.871,8.9503,187.11,108.5
308,76,40,15.5,-10.871,8.9503,187.11,109
308,76,40,16,-10.844,8.9503,187.11,109.5
308,76,40,16.5,-10.858,8.9503,187.11,110
308,76,40,17,-10.851,8.931,187.12,110.5
308,76,40,17.5,-10.851,8.931,187.12,111
308,76,40,18,-10.851,8.931,187.44,111.5
308,76,40,18.5,-10.861,8.9214,187.12,112
308,76,40,19,-10.861,8.9214,187.12,112.5
308,76,40,19.5,-10.861,8.9214,187.12,113
308,76,40,20,-10.871,8.9117,187.12,113.5
308,76,40,20.5,-10.858,8.9117,187.12,114
308,76,40,21,-10.832,8.9117,187.12,114.5
308,76,40,21.5,-10.842,8.9021,187.12,115
308,76,40,22,-10.832,8.9117,187.12,115.5
308,76,40,22.5,-10.839,8.8925,187.12,116
308,76,40,23,-10.839,8.8925,187.12,116.5
308,76,40,23.5,-10.839,8.8925,187.12,117
308,76,40,24,-10.849,8.8828,187.12,117.5
308,76,40,24.5,-10.849,8.8828,187.12,118
308,76,40,25,-10.845,8.8732,187.12,118.5
308,76,40,25.5,-10.822,8.8828,187.12,119
308,76,40,26,-10.809,8.8828,187.44,119.5
308,76,40,26.5,-10.816,8.8636,187.12,120
308,76,40,27,-10.826,8.8539,187.44,120.5
308,76,40,27.5,-10.826,8.8539,187.12,121
308,76,40,28,-10.816,8.8636,187.12,121.5
308,76,40,28.5,-10.846,8.8347,187.12,122
308,76,40,29,-10.809,8.8443,187.12,122.5
308,76,40,29.5,-10.809,8.8443,187.44,123
308,76,40,30,-10.819,8.8347,187.44,123.5
308,76,40,30.5,-10.796,8.8443,187.44,124
308,76,40,31,-10.793,8.8347,187.12,124.5
308,76,40,31.5,-10.803,8.8251,187.44,125
308,76,40,32,-10.793,8.8347,187.12,125.5
308,76,40,32.5,-10.813,8.8154,187.12,126
308,76,40,33,-10.813,8.8154,187.12,126.5
308,76,40,33.5,-10.803,8.8251,187.12,127
308,76,40,34,-10.81,8.8058,187.12,127.5
308,76,40,34.5,-10.813,8.8154,187.12,128
308,76,40,35,-10.787,8.8154,187.44,128.5
308,76,40,35.5,-10.777,8.8251,187.12,129
308,76,40,36,-10.797,8.8058,187.12,129.5
308,76,40,36.5,-10.797,8.8058,187.12,130
308,76,40,37,-10.804,8.7865,187.12,130.5
308,76,40,37.5,-10.804,8.7865,187.12,131
308,76,40,38,-10.78,8.7962,187.12,131.5
308,76,40,38.5,-10.8,8.7769,187.12,132
308,76,40,39,-10.8,8.7769,187.12,132.5
308,76,40,39.5,-10.8,8.7769,187.12,133
308,76,40,40,-10.82,8.7577,187.12,133.5
308,76,40,40.5,-10.8,8.7769,187.12,134
308,76,40,41,-10.81,8.7673,187.44,134.5
308,76,40,41.5,-10.784,8.7673,187.12,135
308,76,40,42,-10.794,8.7577,187.12,135.5
308,76,40,42.5,-10.768,8.7577,187.12,136
308,76,40,43,-10.768,8.7577,187.12,136.5
308,76,40,43.5,-10.768,8.7577,187.12,137
308,76,40,44,-10.778,8.748,187.12,137.5
308,76,40,44.5,-10.788,8.7384,187.12,138
308,76,40,45,-10.788,8.7384,187.44,138.5
308,76,40,45.5,-10.784,8.7288,187.12,139
308,76,40,46,-10.774,8.7384,187.12,139.5
308,76,40,46.5,-10.761,8.7384,187.12,140
308,76,40,47,-10.781,8.7192,187.12,140.5
308,76,40,47.5,-10.758,8.7288,187.44,141
308,76,40,48,-10.755,8.7192,187.44,141.5
308,76,40,48.5,-10.745,8.7288,187.44,142
308,76,40,49,-10.755,8.7192,187.12,142.5
308,76,40,49.5,-10.755,8.7192,187.12,143
308,76,40,50,-10.755,8.7192,187.44,143.5
308,76,40,50.5,-10.765,8.7095,187.12,144
308,76,40,51,-10.755,8.7192,187.44,144.5
308,76,40,51.5,-10.775,8.6999,187.12,145
308,76,40,52,-10.775,8.6999,187.44,145.5
308,76,40,52.5,-10.722,8.6999,187.44,146
308,76,40,53,-10.722,8.6999,187.44,146.5
308,76,40,53.5,-10.732,8.6903,187.12,147
308,76,40,54,-10.732,8.6903,187.44,147.5
308,76,40,54.5,-10.732,8.6903,187.12,148
308,76,40,55,-10.722,8.6999,187.12,148.5
308,76,40,55.5,-10.742,8.6807,187.12,149
308,76,40,56,-10.732,8.6903,187.44,149.5
308,76,40,56.5,-10.742,8.6807,187.12,150
308,76,40,57,-10.726,8.6711,187.12,150.5
308,76,40,57.5,-10.739,8.6711,187.12,151
308,76,40,58,-10.726,8.6711,187.12,151.5
308,76,40,58.5,-10.726,8.6711,187.44,152
308,76,40,59,-10.722,8.6614,187.12,152.5
308,76,40,59.5,-10.736,8.6614,187.12,153
308,76,41,0,-10.709,8.6614,187.44,153.5
308,76,41,0.5,-10.712,8.6711,187.44,154
308,76,41,1,-10.709,8.6614,187.44,154.5
308,76,41,1.5,-10.699,8.6711,187.44,155
308,76,41,2,-10.719,8.6518,187.12,155.5
308,76,41,2.5,-10.719,8.6518,187.44,156
308,76,41,3,-10.709,8.6614,187.12,156.5
308,76,41,3.5,-10.719,8.6518,187.44,157
308,76,41,4,-10.729,8.6422,187.44,157.5
308,76,41,4.5,-10.719,8.6518,187.44,158
308,76,41,5,-10.739,8.6326,187.44,158.5
308,76,41,5.5,-10.686,8.6326,187.44,159
308,76,41,6,-10.713,8.6326,187.44,159.5
308,76,41,6.5,-10.686,8.6326,187.44,160
308,76,41,7,-10.686,8.6326,187.44,160.5
308,76,41,7.5,-10.696,8.623,187.44,161
308,76,41,8,-10.686,8.6326,187.44,161.5
308,76,41,8.5,-10.706,8.6134,187.44,162
308,76,41,9,-10.706,8.6134,187.44,162.5
308,76,41,9.5,-10.706,8.6134,187.44,163
308,76,41,10,-10.716,8.6037,187.12,163.5
308,76,41,10.5,-10.706,8.6134,187.44,164
308,76,41,11,-10.693,8.6134,187.44,164.5
308,76,41,11.5,-10.703,8.6037,187.44,165
308,76,41,12,-10.667,8.6134,187.44,165.5
308,76,41,12.5,-10.664,8.6037,187.44,166
308,76,41,13,-10.664,8.6037,187.44,166.5
308,76,41,13.5,-10.664,8.6037,187.44,167
308,76,41,14,-10.664,8.6037,187.44,167.5
308,76,41,14.5,-10.664,8.6037,187.44,168
308,76,41,15,-10.674,8.5941,187.44,168.5
308,76,41,15.5,-10.674,8.5941,187.44,169
308,76,41,16,-10.684,8.5845,187.44,169.5
308,76,41,16.5,-10.667,8.5749,187.44,170
308,76,41,17,-10.68,8.5749,187.44,170.5
308,76,41,17.5,-10.657,8.5845,187.44,171
308,76,41,18,-10.654,8.5749,187.44,171.5
308,76,41,18.5,-10.641,8.5749,187.44,172
308,76,41,19,-10.641,8.5749,187.44,172.5
308,76,41,19.5,-10.651,8.5653,187.44,173
308,76,41,20,-10.651,8.5653,187.12,173.5
308,76,41,20.5,-10.651,8.5653,187.44,174
308,76,41,21,-10.661,8.5557,187.44,174.5
308,76,41,21.5,-10.671,8.5461,187.44,175
308,76,41,22,-10.671,8.5461,187.44,175.5
308,76,41,22.5,-10.668,8.5365,187.44,176
308,76,41,23,-10.668,8.5365,187.44,176.5
308,76,41,23.5,-10.678,8.5269,187.44,177
308,76,41,24,-10.674,8.5172,187.44,177.5
308,76,41,24.5,-10.664,8.5269,187.12,178
308,76,41,25,-10.674,8.5172,187.44,178.5
308,76,41,25.5,-10.648,8.5172,187.44,179
308,76,41,26,-10.661,8.5172,187.44,179.5
308,76,41,26.5,-10.658,8.5076,187.12,180
308,76,41,27,-10.668,8.498,187.44,180.5
308,76,41,27.5,-10.668,8.498,187.44,181
308,76,41,28,-10.668,8.498,187.12,181.5
308,76,41,28.5,-10.678,8.4884,187.44,182
308,76,41,29,-10.678,8.4884,187.44,182.5
308,76,41,29.5,-10.652,8.4884,187.12,183
308,76,41,30,-10.688,8.4788,187.12,183.5
308,76,41,30.5,-10.648,8.4788,187.44,184
308,76,41,31,-10.655,8.4596,187.44,184.5
308,76,41,31.5,-10.645,8.4692,187.44,185
308,76,41,32,-10.655,8.4596,187.12,185.5
308,76,41,32.5,-10.665,8.45,187.44,186
308,76,41,33,-10.655,8.4596,187.44,186.5
308,76,41,33.5,-10.665,8.45,187.12,187
308,76,41,34,-10.655,8.4596,187.12,187.5
308,76,41,34.5,-10.652,8.45,187.12,188
308,76,41,35,-10.675,8.4404,187.44,188.5
308,76,41,35.5,-10.649,8.4404,187.12,189
308,76,41,36,-10.659,8.4308,187.12,189.5
308,76,41,36.5,-10.659,8.4308,187.12,190
308,76,41,37,-10.645,8.4308,187.12,190.5
308,76,41,37.5,-10.632,8.4308,187.12,191
308,76,41,38,-10.632,8.4308,187.12,191.5
308,76,41,38.5,-10.632,8.4308,187.12,192
308,76,41,39,-10.632,8.4308,187.12,192.5
308,76,41,39.5,-10.632,8.4308,187.12,193
308,76,41,40,-10.642,8.4212,187.12,193.5
308,76,41,40.5,-10.652,8.4116,187.12,194
308,76,41,41,-10.639,8.4116,187.12,194.5
308,76,41,41.5,-10.639,8.4116,187.12,195
308,76,41,42,-10.639,8.4116,187.44,195.5
308,76,41,42.5,-10.626,8.4116,187.44,196
308,76,41,43,-10.639,8.4116,187.12,196.5
308,76,41,43.5,-10.626,8.4116,187.44,197
308,76,41,44,-10.623,8.402,187.44,197.5
308,76,41,44.5,-10.633,8.3924,187.44,198
308,76,41,45,-10.643,8.3828,187.44,198.5
308,76,41,45.5,-10.629,8.3828,187.44,199
308,76,41,46,-10.639,8.3732,187.44,199.5
308,76,41,46.5,-10.629,8.3828,187.44,200
308,76,41,47,-10.639,8.3732,187.44,200.5
308,76,41,47.5,-10.626,8.3732,187.44,201
308,76,41,48,-10.639,8.3732,187.44,201.5
308,76,41,48.5,-10.639,8.3732,187.44,202
308,76,41,49,-10.623,8.3636,187.44,202.5
308,76,41,49.5,-10.623,8.3636,187.44,203
308,76,41,50,-10.63,8.3444,187.44,203.5
308,76,41,50.5,-10.62,8.3539,187.44,204
308,76,41,51,-10.616,8.3444,187.44,204.5
308,76,41,51.5,-10.616,8.3444,187.44,205
308,76,41,52,-10.616,8.3444,187.44,205.5
308,76,41,52.5,-10.616,8.3444,187.44,206
308,76,41,53,-10.616,8.3444,187.44,206.5
308,76,41,53.5,-10.636,8.3252,187.44,207
308,76,41,54,-10.636,8.3252,187.44,207.5
308,76,41,54.5,-10.636,8.3252,187.44,208
308,76,41,55,-10.656,8.306,187.12,208.5
308,76,41,55.5,-10.636,8.3252,187.44,209
308,76,41,56,-10.656,8.306,187.44,209.5
308,76,41,56.5,-10.666,8.2964,187.44,210
308,76,41,57,-10.656,8.306,187.44,210.5
308,76,41,57.5,-10.627,8.2964,187.44,211
308,76,41,58,-10.627,8.2964,187.44,211.5
308,76,41,58.5,-10.627,8.2964,187.44,212
308,76,41,59,-10.614,8.2964,187.44,212.5
308,76,41,59.5,-10.624,8.2868,187.44,213
308,76,42,0,-10.634,8.2772,187.44,213.5
308,76,42,0.5,-10.624,8.2868,187.44,214
308,76,42,1,-10.624,8.2868,187.44,214.5
308,76,42,1.5,-10.644,8.2676,187.44,215
308,76,42,2,-10.644,8.2676,187.44,215.5
308,76,42,2.5,-10.644,8.2676,187.44,216
308,76,42,3,-10.64,8.258,187.44,216.5
308,76,42,3.5,-10.614,8.258,187.44,217
308,76,42,4,-10.614,8.258,187.44,217.5
308,76,42,4.5,-10.647,8.2388,187.44,218
308,76,42,5,-10.611,8.2484,187.44,218.5
308,76,42,5.5,-10.621,8.2388,187.44,219
308,76,42,6,-10.611,8.2484,187.12,219.5
308,76,42,6.5,-10.611,8.2484,187.44,220
308,76,42,7,-10.621,8.2388,187.44,220.5
308,76,42,7.5,-10.631,8.2292,187.44,221
308,76,42,8,-10.621,8.2388,187.44,221.5
308,76,42,8.5,-10.617,8.2292,187.44,222
308,76,42,9,-10.631,8.2292,187.44,222.5
308,76,42,9.5,-10.627,8.2196,187.44,223
308,76,42,10,-10.624,8.21,187.44,223.5
308,76,42,10.5,-10.591,8.2292,187.44,224
308,76,42,11,-10.601,8.2196,187.12,224.5
308,76,42,11.5,-10.588,8.2196,187.44,225
308,76,42,12,-10.598,8.21,187.44,225.5
308,76,42,12.5,-10.608,8.2004,187.44,226
308,76,42,13,-10.608,8.2004,187.44,226.5
308,76,42,13.5,-10.618,8.1908,187.44,227
308,76,42,14,-10.608,8.2004,187.44,227.5
308,76,42,14.5,-10.608,8.2004,187.44,228
308,76,42,15,-10.618,8.1908,187.44,228.5
308,76,42,15.5,-10.604,8.1908,187.44,229
308,76,42,16,-10.624,8.1717,187.12,229.5
308,76,42,16.5,-10.624,8.1717,187.44,230
308,76,42,17,-10.591,8.1908,187.44,230.5
308,76,42,17.5,-10.601,8.1812,187.12,231
308,76,42,18,-10.614,8.1812,187.44,231.5
308,76,42,18.5,-10.588,8.1812,187.44,232
308,76,42,19,-10.608,8.1621,187.12,232.5
308,76,42,19.5,-10.585,8.1717,187.12,233
308,76,42,20,-10.585,8.1717,187.12,233.5
308,76,42,20.5,-10.585,8.1717,187.44,234
308,76,42,21,-10.585,8.1717,187.44,234.5
308,76,42,21.5,-10.605,8.1525,187.12,235
308,76,42,22,-10.615,8.1429,187.44,235.5
308,76,42,22.5,-10.615,8.1429,187.12,236
308,76,42,23,-10.615,8.1429,187.44,236.5
308,76,42,23.5,-10.615,8.1429,187.44,237
308,76,42,24,-10.602,8.1429,187.44,237.5
308,76,42,24.5,-10.588,8.1429,187.44,238
308,76,42,25,-10.611,8.1333,187.44,238.5
308,76,42,25.5,-10.572,8.1333,187.44,239
308,76,42,26,-10.562,8.1429,187.12,239.5
308,76,42,26.5,-10.592,8.1141,187.12,240
308,76,42,27,-10.582,8.1237,187.44,240.5
308,76,42,27.5,-10.582,8.1237,187.44,241
308,76,42,28,-10.582,8.1237,187.44,241.5
308,76,42,28.5,-10.592,8.1141,187.12,242
308,76,42,29,-10.592,8.1141,187.44,242.5
308,76,42,29.5,-10.582,8.1237,187.44,243
308,76,42,30,-10.575,8.1045,187.44,243.5
308,76,42,30.5,-10.575,8.1045,187.44,244
308,76,42,31,-10.562,8.1045,187.44,244.5
308,76,42,31.5,-10.585,8.095,187.44,245
308,76,42,32,-10.575,8.1045,187.12,245.5
308,76,42,32.5,-10.559,8.095,187.44,246
308,76,42,33,-10.559,8.095,187.44,246.5
308,76,42,33.5,-10.559,8.095,187.44,247
308,76,42,34,-10.579,8.0758,187.44,247.5
308,76,42,34.5,-10.569,8.0854,187.44,248
308,76,42,35,-10.569,8.0854,187.44,248.5
308,76,42,35.5,-10.579,8.0758,187.44,249
308,76,42,36,-10.579,8.0758,187.44,249.5
308,76,42,36.5,-10.579,8.0758,187.44,250
308,76,42,37,-10.569,8.0854,187.44,250.5
308,76,42,37.5,-10.552,8.0758,187.44,251
308,76,42,38,-10.566,8.0758,187.44,251.5
308,76,42,38.5,-10.576,8.0662,187.44,252
308,76,42,39,-10.562,8.0662,187.12,252.5
308,76,42,39.5,-10.556,8.047,187.44,253
308,76,42,40,-10.536,8.0662,187.44,253.5
308,76,42,40.5,-10.536,8.0662,187.44,254
308,76,42,41,-10.536,8.0662,187.12,254.5
308,76,42,41.5,-10.533,8.0566,187.12,255
308,76,42,42,-10.533,8.0566,187.12,255.5
308,76,42,42.5,-10.566,8.0375,187.12,256
308,76,42,43,-10.543,8.047,187.44,256.5
308,76,42,43.5,-10.539,8.0375,187.12,257
308,76,42,44,-10.539,8.0375,187.12,257.5
308,76,42,44.5,-10.549,8.0279,187.12,258
308,76,42,45,-10.539,8.0375,187.12,258.5
308,76,42,45.5,-10.549,8.0279,187.12,259
308,76,42,46,-10.536,8.0279,187.12,259.5
308,76,42,46.5,-10.536,8.0279,187.12,260
308,76,42,47,-10.559,8.0183,187.44,260.5
308,76,42,47.5,-10.559,8.0183,187.12,261
308,76,42,48,-10.533,8.0183,187.12,261.5
308,76,42,48.5,-10.533,8.0183,187.12,262
308,76,42,49,-10.534,8.0173,187.44,262.5
308,76,42,49.5,-10.544,8.0077,187.44,263
308,76,42,50,-10.554,7.9981,187.12,263.5
308,76,42,50.5,-10.544,8.0077,187.44,264
308,76,42,51,-10.544,8.0077,187.44,264.5
308,76,42,51.5,-10.554,7.9981,187.44,265
308,76,42,52,-10.564,7.9885,187.12,265.5
308,76,42,52.5,-10.564,7.9885,187.44,266
308,76,42,53,-10.538,7.9885,187.12,266.5
308,76,42,53.5,-10.548,7.979,187.12,267
308,76,42,54,-10.538,7.9885,187.12,267.5
308,76,42,54.5,-10.558,7.9694,187.12,268
308,76,42,55,-10.531,7.9694,187.12,268.5
308,76,42,55.5,-10.535,7.979,187.12,269
308,76,42,56,-10.541,7.9598,187.12,269.5
308,76,42,56.5,-10.541,7.9598,187.12,270
308,76,42,57,-10.541,7.9598,187.12,270.5
308,76,42,57.5,-10.541,7.9598,187.12,271
308,76,42,58,-10.551,7.9502,187.12,271.5
308,76,42,58.5,-10.551,7.9502,187.12,272
308,76,42,59,-10.541,7.9598,187.12,272.5
308,76,42,59.5,-10.541,7.9598,187.12,273
308,76,43,0,-10.545,7.9311,187.12,273.5
308,76,43,0.5,-10.545,7.9311,187.44,274
308,76,43,1,-10.555,7.9215,187.12,274.5
308,76,43,1.5,-10.542,7.9215,187.12,275
308,76,43,2,-10.518,7.9311,187.12,275.5
308,76,43,2.5,-10.528,7.9215,187.12,276
308,76,43,3,-10.538,7.9119,187.12,276.5
308,76,43,3.5,-10.538,7.9119,187.44,277
308,76,43,4,-10.528,7.9215,187.12,277.5
308,76,43,4.5,-10.548,7.9024,187.44,278
308,76,43,5,-10.548,7.9024,187.12,278.5
308,76,43,5.5,-10.535,7.9024,187.12,279
308,76,43,6,-10.548,7.9024,187.44,279.5
308,76,43,6.5,-10.545,7.8928,187.44,280
308,76,43,7,-10.558,7.8928,187.12,280.5
308,76,43,7.5,-10.552,7.8737,187.12,281
308,76,43,8,-10.532,7.8928,187.44,281.5
308,76,43,8.5,-10.522,7.9024,187.12,282
308,76,43,9,-10.495,7.9024,187.12,282.5
308,76,43,9.5,-10.532,7.8928,187.12,283
308,76,43,10,-10.515,7.8832,187.12,283.5
308,76,43,10.5,-10.495,7.9024,187.44,284
308,76,43,11,-10.505,7.8928,187.44,284.5
308,76,43,11.5,-10.515,7.8832,187.44,285
308,76,43,12,-10.515,7.8832,187.12,285.5
308,76,43,12.5,-10.489,7.8832,187.44,286
308,76,43,13,-10.512,7.8737,187.12,286.5
308,76,43,13.5,-10.489,7.8832,187.44,287
308,76,43,14,-10.522,7.8641,187.12,287.5
308,76,43,14.5,-10.486,7.8737,187.44,288
308,76,43,15,-10.482,7.8641,187.44,288.5
308,76,43,15.5,-10.482,7.8641,187.12,289
308,76,43,16,-10.482,7.8641,187.12,289.5
308,76,43,16.5,-10.492,7.8545,187.12,290
308,76,43,17,-10.482,7.8641,187.12,290.5
308,76,43,17.5,-10.482,7.8641,187.12,291
308,76,43,18,-10.492,7.8545,187.44,291.5
308,76,43,18.5,-10.492,7.8545,187.12,292
308,76,43,19,-10.489,7.8449,187.12,292.5
308,76,43,19.5,-10.466,7.8545,187.12,293
308,76,43,20,-10.45,7.8449,187.44,293.5
308,76,43,20.5,-10.45,7.8449,187.12,294
308,76,43,21,-10.459,7.8354,187.12,294.5
308,76,43,21.5,-10.459,7.8354,187.44,295
308,76,43,22,-10.45,7.8449,187.44,295.5
308,76,43,22.5,-10.459,7.8354,187.12,296
308,76,43,23,-10.456,7.8258,187.12,296.5
308,76,43,23.5,-10.436,7.8449,187.12,297
308,76,43,24,-10.466,7.8162,187.12,297.5
308,76,43,24.5,-10.417,7.8258,187.12,298
308,76,43,25,-10.44,7.8162,187.12,298.5
308,76,43,25.5,-10.427,7.8162,187.12,299
308,76,43,26,-10.427,7.8162,187.12,299.5
308,76,43,26.5,-10.45,7.8066,187.12,300
308,76,43,27,-10.427,7.8162,187.12,300.5
308,76,43,27.5,-10.436,7.8066,187.12,301
308,76,43,28,-10.446,7.7971,187.12,301.5
308,76,43,28.5,-10.436,7.8066,187.44,302
308,76,43,29,-10.446,7.7971,187.44,302.5
308,76,43,29.5,-10.407,7.7971,187.12,303
308,76,43,30,-10.407,7.7971,187.12,303.5
308,76,43,30.5,-10.427,7.7779,187.12,304
308,76,43,31,-10.413,7.7779,187.12,304.5
308,76,43,31.5,-10.404,7.7875,187.44,305
308,76,43,32,-10.413,7.7779,187.12,305.5
308,76,43,32.5,-10.404,7.7875,187.12,306
308,76,43,33,-10.404,7.7875,187.12,306.5
308,76,43,33.5,-10.423,7.7684,187.12,307
308,76,43,34,-10.433,7.7588,187.12,307.5
308,76,43,34.5,-10.433,7.7588,187.44,308
308,76,43,35,-10.423,7.7684,187.44,308.5
308,76,43,35.5,-10.423,7.7684,187.44,309
308,76,43,36,-10.443,7.7492,187.44,309.5
308,76,43,36.5,-10.42,7.7588,187.12,310
308,76,43,37,-10.381,7.7588,187.44,310.5
308,76,43,37.5,-10.404,7.7492,187.12,311
308,76,43,38,-10.39,7.7492,187.12,311.5
308,76,43,38.5,-10.381,7.7588,187.12,312
308,76,43,39,-10.39,7.7492,187.12,312.5
308,76,43,39.5,-10.4,7.7397,187.12,313
308,76,43,40,-10.39,7.7492,187.44,313.5
308,76,43,40.5,-10.4,7.7397,187.12,314
308,76,43,41,-10.41,7.7301,187.12,314.5
308,76,43,41.5,-10.407,7.7205,187.12,315
308,76,43,42,-10.41,7.7301,187.12,315.5
308,76,43,42.5,-10.42,7.7205,187.12,316
308,76,43,43,-10.407,7.7205,187.12,316.5
308,76,43,43.5,-10.394,7.7205,187.12,317
308,76,43,44,-10.381,7.7205,187.12,317.5
308,76,43,44.5,-10.387,7.7014,187.12,318
308,76,43,45,-10.387,7.7014,187.12,318.5
308,76,43,45.5,-10.397,7.6919,187.12,319
308,76,43,46,-10.397,7.6919,187.12,319.5
308,76,43,46.5,-10.407,7.6823,187.12,320
308,76,43,47,-10.397,7.6919,187.12,320.5
308,76,43,47.5,-10.407,7.6823,187.12,321
308,76,43,48,-10.407,7.6823,187.12,321.5
308,76,43,48.5,-10.397,7.6919,187.12,322
308,76,43,49,-10.407,7.6823,187.12,322.5
308,76,43,49.5,-10.404,7.6727,187.12,323
308,76,43,50,-10.377,7.6727,187.12,323.5
308,76,43,50.5,-10.374,7.6632,187.12,324
308,76,43,51,-10.387,7.6632,187.12,324.5
308,76,43,51.5,-10.364,7.6727,187.12,325
308,76,43,52,-10.374,7.6632,187.12,325.5
308,76,43,52.5,-10.374,7.6632,187.12,326
308,76,43,53,-10.384,7.6536,187.12,326.5
308,76,43,53.5,-10.384,7.6536,187.12,327
308,76,43,54,-10.384,7.6536,187.12,327.5
308,76,43,54.5,-10.371,7.6536,187.12,328
308,76,43,55,-10.394,7.6441,187.12,328.5
308,76,43,55.5,-10.401,7.6249,187.12,329
308,76,43,56,-10.368,7.6441,187.12,329.5
308,76,43,56.5,-10.401,7.6249,187.12,330
308,76,43,57,-10.394,7.6058,187.12,330.5
308,76,43,57.5,-10.384,7.6154,187.12,331
308,76,43,58,-10.374,7.6249,187.12,331.5
308,76,43,58.5,-10.361,7.6249,187.12,332
308,76,43,59,-10.371,7.6154,187.12,332.5
308,76,43,59.5,-10.381,7.6058,187.12,333
308,76,44,0,-10.381,7.6058,187.12,333.5
308,76,44,0.5,-10.381,7.6058,187.12,334
308,76,44,1,-10.371,7.6154,187.12,334.5
308,76,44,1.5,-10.391,7.5963,187.12,335
308,76,44,2,-10.381,7.6058,187.12,335.5
308,76,44,2.5,-10.381,7.6058,187.12,336
308,76,44,3,-10.378,7.5963,187.12,336.5
308,76,44,3.5,-10.374,7.5867,187.12,337
308,76,44,4,-10.388,7.5867,187.12,337.5
308,76,44,4.5,-10.361,7.5867,187.12,338
308,76,44,5,-10.374,7.5867,187.12,338.5
308,76,44,5.5,-10.358,7.5772,187.12,339
308,76,44,6,-10.351,7.5963,187.12,339.5
308,76,44,6.5,-10.348,7.5867,187.12,340
308,76,44,7,-10.348,7.5867,187.12,340.5
308,76,44,7.5,-10.348,7.5867,187.12,341
308,76,44,8,-10.378,7.558,187.12,341.5
308,76,44,8.5,-10.358,7.5772,187.12,342
308,76,44,9,-10.368,7.5676,187.12,342.5
308,76,44,9.5,-10.368,7.5676,187.12,343
308,76,44,10,-10.368,7.5676,187.12,343.5
308,76,44,10.5,-10.388,7.5485,187.12,344
308,76,44,11,-10.388,7.5485,187.12,344.5
308,76,44,11.5,-10.384,7.5389,187.12,345
308,76,44,12,-10.384,7.5389,187.12,345.5
308,76,44,12.5,-10.404,7.5198,187.12,346
308,76,44,13,-10.355,7.5294,187.12,346.5
308,76,44,13.5,-10.378,7.5198,187.12,347
308,76,44,14,-10.355,7.5294,187.12,347.5
308,76,44,14.5,-10.355,7.5294,186.8,348
308,76,44,15,-10.355,7.5294,187.12,348.5
308,76,44,15.5,-10.365,7.5198,187.12,349
308,76,44,16,-10.375,7.5103,187.12,349.5
308,76,44,16.5,-10.375,7.5103,187.12,350
308,76,44,17,-10.375,7.5103,187.12,350.5
308,76,44,17.5,-10.361,7.5103,187.12,351
308,76,44,18,-10.361,7.5103,187.12,351.5
308,76,44,18.5,-10.358,7.5007,187.12,352
308,76,44,19,-10.358,7.5007,187.12,352.5
308,76,44,19.5,-10.368,7.4912,187.12,353
308,76,44,20,-10.368,7.4912,187.12,353.5
308,76,44,20.5,-10.345,7.5007,187.12,354
308,76,44,21,-10.345,7.5007,187.12,354.5
308,76,44,21.5,-10.342,7.4912,187.12,355
308,76,44,22,-10.342,7.4912,187.12,355.5
308,76,44,22.5,-10.352,7.4816,187.12,356
308,76,44,23,-10.361,7.4721,187.12,356.5
308,76,44,23.5,-10.361,7.4721,187.12,357
308,76,44,24,-10.361,7.4721,187.12,357.5
308,76,44,24.5,-10.371,7.4625,187.12,358
308,76,44,25,-10.361,7.4721,187.12,358.5
308,76,44,25.5,-10.358,7.4625,187.12,359
308,76,44,26,-10.358,7.4625,187.12,359.5
308,76,44,26.5,-10.368,7.453,186.8,360
308,76,44,27,-10.424,7.4625,0,360.5
308,76,44,27.5,-10.487,7.453,0,361
308,76,44,28,-10.54,7.453,0,361.5
308,76,44,28.5,-10.603,7.4434,0,362
308,76,44,29,-10.655,7.4434,0,362.5
308,76,44,29.5,-10.718,7.4339,0,363
308,76,44,30,-10.758,7.4339,0,363.5
308,76,44,30.5,-10.781,7.4243,0,364
308,76,44,31,-10.824,7.4339,0,364.5
308,76,44,31.5,-10.887,7.4243,0,365
308,76,44,32,-10.917,7.4339,0,365.5
308,76,44,32.5,-10.963,7.4148,0,366
308,76,44,33,-11.003,7.4148,0,366.5
308,76,44,33.5,-11.052,7.4052,0,367
308,76,44,34,-11.079,7.4052,0,367.5
308,76,44,34.5,-11.118,7.4052,0,368
308,76,44,35,-11.191,7.3861,0,368.5
308,76,44,35.5,-11.204,7.3861,0,369
308,76,44,36,-11.208,7.3957,0,369.5
308,76,44,36.5,-11.267,7.3766,0,370
308,76,44,37,-11.297,7.3861,0,370.5
308,76,44,37.5,-11.333,7.3766,0,371
308,76,44,38,-11.35,7.3861,0,371.5
308,76,44,38.5,-11.403,7.3861,0,372
308,76,44,39,-11.413,7.3766,0,372.5
308,76,44,39.5,-11.449,7.367,0,373
308,76,44,40,-11.476,7.367,0,373.5
308,76,44,40.5,-11.502,7.367,0,374
308,76,44,41,-11.529,7.367,0,374.5
308,76,44,41.5,-11.552,7.3575,0,375
308,76,44,42,-11.592,7.3575,0,375.5
308,76,44,42.5,-11.615,7.348,0,376
308,76,44,43,-11.655,7.348,0,376.5
308,76,44,43.5,-11.664,7.3384,0,377
308,76,44,44,-11.681,7.348,0,377.5
308,76,44,44.5,-11.694,7.348,0,378
308,76,44,45,-11.741,7.3289,0,378.5
308,76,44,45.5,-11.78,7.3289,0,379
308,76,44,46,-11.77,7.3384,0,379.5
308,76,44,46.5,-11.804,7.3193,0,380
308,76,44,47,-11.83,7.3193,0,380.5
308,76,44,47.5,-11.853,7.3098,0,381
308,76,44,48,-11.87,7.3193,0,381.5
308,76,44,48.5,-11.906,7.3098,0,382
308,76,44,49,-11.906,7.3098,0,382.5
308,76,44,49.5,-11.93,7.3003,0,383
308,76,44,50,-11.969,7.3003,0,383.5
308,76,44,50.5,-11.969,7.3003,0,384
308,76,44,51,-11.973,7.3098,0,384.5
308,76,44,51.5,-12.019,7.2907,0,385
308,76,44,52,-12.022,7.3003,0,385.5
308,76,44,52.5,-12.042,7.2812,0,386
308,76,44,53,-12.022,7.3003,0,386.5
308,76,44,53.5,-12.072,7.2907,0,387
308,76,44,54,-12.085,7.2907,0,387.5
308,76,44,54.5,-12.095,7.2812,0,388
308,76,44,55,-12.125,7.2907,0,388.5
308,76,44,55.5,-12.148,7.2812,0,389
308,76,44,56,-12.148,7.2812,0,389.5
308,76,44,56.5,-12.158,7.2716,0,390
308,76,44,57,-12.162,7.2812,0,390.5
308,76,44,57.5,-12.195,7.2621,0,391
308,76,44,58,-12.215,7.243,0,391.5
308,76,44,58.5,-12.198,7.2716,0,392
308,76,44,59,-12.221,7.2621,0,392.5
308,76,44,59.5,-12.241,7.243,0,393
308,76,45,0,-12.241,7.243,0,393.5
308,76,45,0.5,-12.294,7.243,0,394
308,76,45,1,-12.291,7.2335,0,394.5
308,76,45,1.5,-12.314,7.2239,0,395
308,76,45,2,-12.304,7.2335,0,395.5
308,76,45,2.5,-12.304,7.2335,0,396
308,76,45,3,-12.304,7.2335,0,396.5
308,76,45,3.5,-12.364,7.2144,0,397
308,76,45,4,-12.364,7.2144,0,397.5
308,76,45,4.5,-12.364,7.2144,0,398
308,76,45,5,-12.387,7.2049,0,398.5
308,76,45,5.5,-12.377,7.2144,0,399
308,76,45,6,-12.377,7.2144,0,399.5
308,76,45,6.5,-12.404,7.2144,0,400
308,76,45,7,-12.46,7.1858,0,400.5
308,76,45,7.5,-12.45,7.1953,0,401
308,76,45,8,-12.45,7.1953,0,401.5
308,76,45,8.5,-12.45,7.1953,0,402
308,76,45,9,-12.44,7.2049,0,402.5
308,76,45,9.5,-12.46,7.1858,0,403
308,76,45,10,-12.473,7.1858,0,403.5
308,76,45,10.5,-12.483,7.1762,0,404
308,76,45,11,-12.51,7.1762,0,404.5
308,76,45,11.5,-12.52,7.1667,0,405
308,76,45,12,-12.53,7.1572,0,405.5
308,76,45,12.5,-12.543,7.1572,0,406
308,76,45,13,-12.53,7.1572,0,406.5
308,76,45,13.5,-12.553,7.1476,0,407
308,76,45,14,-12.543,7.1572,0,407.5
308,76,45,14.5,-12.563,7.1381,0,408
308,76,45,15,-12.566,7.1476,0,408.5
308,76,45,15.5,-12.563,7.1381,0,409
308,76,45,16,-12.59,7.1381,0,409.5
308,76,45,16.5,-12.6,7.1286,0,410
308,76,45,17,-12.603,7.1381,0,410.5
308,76,45,17.5,-12.59,7.1381,0,411
308,76,45,18,-12.6,7.1286,0,411.5
308,76,45,18.5,-12.626,7.1286,0,412
308,76,45,19,-12.626,7.1286,0,412.5
308,76,45,19.5,-12.623,7.119,0,413
308,76,45,20,-12.636,7.119,0,413.5
308,76,45,20.5,-12.636,7.119,0,414
308,76,45,21,-12.646,7.1095,0,414.5
308,76,45,21.5,-12.656,7.1,0,415
308,76,45,22,-12.656,7.1,0,415.5
308,76,45,22.5,-12.669,7.1,0,416
308,76,45,23,-12.683,7.1,0,416.5
308,76,45,23.5,-12.696,7.1,0,417
308,76,45,24,-12.719,7.0905,0,417.5
308,76,45,24.5,-12.706,7.0905,0,418
308,76,45,25,-12.719,7.0905,0,418.5
308,76,45,25.5,-12.729,7.0809,0,419
308,76,45,26,-12.739,7.0714,0,419.5
308,76,45,26.5,-12.729,7.0809,0,420
308,76,45,27,-12.739,7.0714,0,420.5
308,76,45,27.5,-12.729,7.0809,0,421
308,76,45,28,-12.749,7.0619,0,421.5
308,76,45,28.5,-12.739,7.0714,0,422
308,76,45,29,-12.749,7.0619,0,422.5
308,76,45,29.5,-12.759,7.0523,0,423
308,76,45,30,-12.749,7.0619,0,423.5
308,76,45,30.5,-12.769,7.0428,0,424
308,76,45,31,-12.769,7.0428,0,424.5
308,76,45,31.5,-12.782,7.0428,0,425
308,76,45,32,-12.782,7.0428,0,425.5
308,76,45,32.5,-12.815,7.0237,0,426
308,76,45,33,-12.802,7.0237,0,426.5
308,76,45,33.5,-12.805,7.0333,0,427
308,76,45,34,-12.815,7.0237,0,427.5
308,76,45,34.5,-12.822,7.0047,0,428
308,76,45,35,-12.838,7.0142,0,428.5
308,76,45,35.5,-12.825,7.0142,0,429
308,76,45,36,-12.848,7.0047,0,429.5
308,76,45,36.5,-12.862,7.0047,0,430
308,76,45,37,-12.848,7.0047,0,430.5
308,76,45,37.5,-12.862,7.0047,0,431
308,76,45,38,-12.868,6.9856,0,431.5
308,76,45,38.5,-12.882,6.9856,0,432
308,76,45,39,-12.872,6.9952,0,432.5
308,76,45,39.5,-12.892,6.9761,0,433
308,76,45,40,-12.892,6.9761,0,433.5
308,76,45,40.5,-12.878,6.9761,0,434
308,76,45,41,-12.892,6.9761,0,434.5
308,76,45,41.5,-12.892,6.9761,0,435
308,76,45,42,-12.892,6.9761,0,435.5
308,76,45,42.5,-12.898,6.957,0,436
308,76,45,43,-12.902,6.9666,0,436.5
308,76,45,43.5,-12.911,6.957,0,437
308,76,45,44,-12.931,6.938,0,437.5
308,76,45,44.5,-12.911,6.957,0,438
308,76,45,45,-12.923,6.9466,0,438.5
308,76,45,45.5,-12.923,6.9466,0,439
308,76,45,46,-12.913,6.9562,0,439.5
308,76,45,46.5,-12.933,6.9371,0,440
308,76,45,47,-12.943,6.9276,0,440.5
308,76,45,47.5,-12.953,6.9181,0,441
308,76,45,48,-12.943,6.9276,0,441.5
308,76,45,48.5,-12.953,6.9181,0,442
308,76,45,49,-12.953,6.9181,0,442.5
308,76,45,49.5,-12.953,6.9181,0,443
308,76,45,50,-12.962,6.9086,0,443.5
308,76,45,50.5,-12.953,6.9181,0,444
308,76,45,51,-12.972,6.899,0,444.5
308,76,45,51.5,-12.962,6.9086,0,445
308,76,45,52,-12.962,6.9086,0,445.5
308,76,45,52.5,-12.972,6.899,0,446
308,76,45,53,-12.982,6.8895,0,446.5
308,76,45,53.5,-12.982,6.8895,0,447
308,76,45,54,-12.982,6.8895,0,447.5
308,76,45,54.5,-12.969,6.8895,0,448
308,76,45,55,-12.992,6.88,0,448.5
308,76,45,55.5,-12.992,6.88,0,449
308,76,45,56,-12.992,6.88,0,449.5
308,76,45,56.5,-13.002,6.8705,0,450
308,76,45,57,-13.002,6.8705,0,450.5
308,76,45,57.5,-12.999,6.861,0,451
308,76,45,58,-13.022,6.8514,0,451.5
308,76,45,58.5,-13.002,6.8705,0,452
308,76,45,59,-12.976,6.8705,0,452.5
308,76,45,59.5,-13.032,6.8419,0,453
308,76,46,0,-13.022,6.8514,0,453.5
308,76,46,0.5,-13.019,6.8419,0,454
308,76,46,1,-12.995,6.8514,0,454.5
308,76,46,1.5,-13.019,6.8419,0,455
308,76,46,2,-13.019,6.8419,0,455.5
308,76,46,2.5,-13.005,6.8419,0,456
308,76,46,3,-13.025,6.8229,0,456.5
308,76,46,3.5,-13.035,6.8134,0,457
308,76,46,4,-13.015,6.8324,0,457.5
308,76,46,4.5,-13.049,6.8134,0,458
308,76,46,5,-13.058,6.8039,0,458.5
308,76,46,5.5,-13.049,6.8134,0,459
308,76,46,6,-13.049,6.8134,0,459.5
308,76,46,6.5,-13.049,6.8134,0,460
308,76,46,7,-13.049,6.8134,0,460.5
308,76,46,7.5,-13.045,6.8039,0,461
308,76,46,8,-13.068,6.7943,0,461.5
308,76,46,8.5,-13.019,6.8039,0,462
308,76,46,9,-13.055,6.7943,0,462.5
308,76,46,9.5,-13.055,6.7943,0,463
308,76,46,10,-13.052,6.7848,0,463.5
308,76,46,10.5,-13.075,6.7753,0,464
308,76,46,11,-13.042,6.7943,0,464.5
308,76,46,11.5,-13.065,6.7848,0,465
308,76,46,12,-13.065,6.7848,0,465.5
308,76,46,12.5,-13.062,6.7753,0,466
308,76,46,13,-13.062,6.7753,0,466.5
308,76,46,13.5,-13.048,6.7753,0,467
308,76,46,14,-13.072,6.7658,0,467.5
308,76,46,14.5,-13.048,6.7753,0,468
308,76,46,15,-13.072,6.7658,0,468.5
308,76,46,15.5,-13.072,6.7658,0,469
308,76,46,16,-13.058,6.7658,0,469.5
308,76,46,16.5,-13.078,6.7467,0,470
308,76,46,17,-13.068,6.7563,0,470.5
308,76,46,17.5,-13.068,6.7563,0,471
308,76,46,18,-13.058,6.7658,0,471.5
308,76,46,18.5,-13.068,6.7563,0,472
308,76,46,19,-13.068,6.7563,0,472.5
308,76,46,19.5,-13.078,6.7467,0,473
308,76,46,20,-13.078,6.7467,0,473.5
308,76,46,20.5,-13.078,6.7467,0,474
308,76,46,21,-13.078,6.7467,0,474.5
308,76,46,21.5,-13.088,6.7372,0,475
308,76,46,22,-13.078,6.7467,0,475.5
308,76,46,22.5,-13.088,6.7372,0,476
308,76,46,23,-13.085,6.7277,0,476.5
308,76,46,23.5,-13.075,6.7372,0,477
308,76,46,24,-13.095,6.7182,0,477.5
308,76,46,24.5,-13.085,6.7277,0,478
308,76,46,25,-13.095,6.7182,0,478.5
308,76,46,25.5,-13.095,6.7182,0,479
308,76,46,26,-13.081,6.7182,0,479.5
308,76,46,26.5,-13.115,6.6992,0,480
308,76,46,27,-13.088,6.6992,0,480.5
308,76,46,27.5,-13.075,6.6992,0,481
308,76,46,28,-13.075,6.6992,0,481.5
308,76,46,28.5,-13.065,6.7087,0,482
308,76,46,29,-13.088,6.6992,0,482.5
308,76,46,29.5,-13.065,6.7087,0,483
308,76,46,30,-13.085,6.6897,0,483.5
308,76,46,30.5,-13.085,6.6897,0,484
308,76,46,31,-13.075,6.6992,0,484.5
308,76,46,31.5,-13.085,6.6897,0,485
308,76,46,32,-13.085,6.6897,0,485.5
308,76,46,32.5,-13.095,6.6802,0,486
308,76,46,33,-13.095,6.6802,0,486.5
308,76,46,33.5,-13.105,6.6706,0,487
308,76,46,34,-13.105,6.6706,0,487.5
308,76,46,34.5,-13.105,6.6706,0,488
308,76,46,35,-13.114,6.6611,0,488.5
308,76,46,35.5,-13.114,6.6611,0,489
308,76,46,36,-13.124,6.6516,0,489.5
308,76,46,36.5,-13.114,6.6611,0,490
308,76,46,37,-13.114,6.6611,0,490.5
308,76,46,37.5,-13.114,6.6611,0,491
308,76,46,38,-13.124,6.6516,0,491.5
308,76,46,38.5,-13.134,6.6421,0,492
308,76,46,39,-13.124,6.6516,0,492.5
308,76,46,39.5,-13.121,6.6421,0,493
308,76,46,40,-13.118,6.6326,0,493.5
308,76,46,40.5,-13.121,6.6421,0,494
308,76,46,41,-13.108,6.6421,0,494.5
308,76,46,41.5,-13.128,6.6231,0,495
308,76,46,42,-13.114,6.6231,0,495.5
308,76,46,42.5,-13.101,6.6231,0,496
308,76,46,43,-13.124,6.6136,0,496.5
308,76,46,43.5,-13.137,6.6136,0,497
308,76,46,44,-13.111,6.6136,0,497.5
308,76,46,44.5,-13.111,6.6136,0,498
308,76,46,45,-13.124,6.6136,0,498.5
308,76,46,45.5,-13.131,6.5946,0,499
308,76,46,46,-13.144,6.5946,0,499.5
308,76,46,46.5,-13.141,6.5851,0,500
308,76,46,47,-13.131,6.5946,0,500.5
308,76,46,47.5,-13.141,6.5851,0,501
308,76,46,48,-13.131,6.5946,0,501.5
308,76,46,48.5,-13.131,6.5946,0,502
308,76,46,49,-13.151,6.5756,0,502.5
308,76,46,49.5,-13.151,6.5756,0,503
308,76,46,50,-13.16,6.5661,0,503.5
308,76,46,50.5,-13.134,6.5661,0,504
308,76,46,51,-13.16,6.5661,0,504.5
308,76,46,51.5,-13.16,6.5661,0,505
308,76,46,52,-13.157,6.5565,0,505.5
308,76,46,52.5,-13.167,6.5471,0,506
308,76,46,53,-13.167,6.5471,0,506.5
308,76,46,53.5,-13.154,6.5471,0,507
308,76,46,54,-13.167,6.5471,0,507.5
308,76,46,54.5,-13.164,6.5376,0,508
308,76,46,55,-13.174,6.528,0,508.5
308,76,46,55.5,-13.164,6.5376,0,509
308,76,46,56,-13.164,6.5376,0,509.5
308,76,46,56.5,-13.184,6.5185,0,510
308,76,46,57,-13.164,6.5376,0,510.5
308,76,46,57.5,-13.174,6.528,0,511
308,76,46,58,-13.174,6.528,0,511.5
308,76,46,58.5,-13.184,6.5185,0,512
308,76,46,59,-13.184,6.5185,0,512.5
308,76,46,59.5,-13.18,6.509,0,513
308,76,47,0,-13.17,6.5185,0,513.5
308,76,47,0.5,-13.17,6.5185,0,514
308,76,47,1,-13.167,6.509,0,514.5
308,76,47,1.5,-13.187,6.49,0,515
308,76,47,2,-13.177,6.4995,0,515.5
308,76,47,2.5,-13.187,6.49,0,516
308,76,47,3,-13.197,6.4805,0,516.5
308,76,47,3.5,-13.197,6.4805,0,517
308,76,47,4,-13.187,6.49,0,517.5
308,76,47,4.5,-13.207,6.471,0,518
308,76,47,5,-13.216,6.4615,0,518.5
308,76,47,5.5,-13.216,6.4615,0,519
308,76,47,6,-13.216,6.4615,0,519.5
308,76,47,6.5,-13.216,6.4615,0,520
308,76,47,7,-13.216,6.4615,0,520.5
308,76,47,7.5,-13.226,6.452,0,521
308,76,47,8,-13.226,6.452,0,521.5
308,76,47,8.5,-13.21,6.4425,0,522
308,76,47,9,-13.223,6.4425,0,522.5
308,76,47,9.5,-13.223,6.4425,0,523
308,76,47,10,-13.21,6.4425,0,523.5
308,76,47,10.5,-13.21,6.4425,0,524
308,76,47,11,-13.206,6.433,0,524.5
308,76,47,11.5,-13.216,6.4235,0,525
308,76,47,12,-13.216,6.4235,0,525.5
308,76,47,12.5,-13.226,6.414,0,526
308,76,47,13,-13.206,6.433,0,526.5
308,76,47,13.5,-13.213,6.414,0,527
308,76,47,14,-13.213,6.414,0,527.5
308,76,47,14.5,-13.223,6.4045,0,528
308,76,47,15,-13.233,6.395,0,528.5
308,76,47,15.5,-13.223,6.4045,0,529
308,76,47,16,-13.233,6.395,0,529.5
308,76,47,16.5,-13.219,6.395,0,530
308,76,47,17,-13.233,6.395,0,530.5
308,76,47,17.5,-13.219,6.395,0,531
308,76,47,18,-13.233,6.395,0,531.5
308,76,47,18.5,-13.216,6.3855,0,532
308,76,47,19,-13.229,6.3855,0,532.5
308,76,47,19.5,-13.239,6.376,0,533
308,76,47,20,-13.229,6.3855,0,533.5
308,76,47,20.5,-13.236,6.3665,0,534
308,76,47,21,-13.213,6.376,0,534.5
308,76,47,21.5,-13.246,6.357,0,535
308,76,47,22,-13.222,6.3665,0,535.5
308,76,47,22.5,-13.256,6.3475,0,536
308,76,47,23,-13.222,6.3665,0,536.5
308,76,47,23.5,-13.232,6.357,0,537
308,76,47,24,-13.229,6.3475,0,537.5
308,76,47,24.5,-13.229,6.3475,0,538
308,76,47,25,-13.249,6.3286,0,538.5
308,76,47,25.5,-13.229,6.3475,0,539
308,76,47,26,-13.249,6.3286,0,539.5
308,76,47,26.5,-13.239,6.338,0,540
308,76,47,27,-13.239,6.338,0,540.5
308,76,47,27.5,-13.236,6.3286,0,541
308,76,47,28,-13.259,6.319,0,541.5
308,76,47,28.5,-13.269,6.3096,0,542
308,76,47,29,-13.259,6.319,0,542.5
308,76,47,29.5,-13.255,6.3096,0,543
308,76,47,30,-13.255,6.3096,0,543.5
308,76,47,30.5,-13.269,6.3096,0,544
308,76,47,31,-13.252,6.3001,0,544.5
308,76,47,31.5,-13.275,6.2906,0,545
308,76,47,32,-13.262,6.2906,0,545.5
308,76,47,32.5,-13.262,6.2906,0,546
308,76,47,33,-13.272,6.2811,0,546.5
308,76,47,33.5,-13.259,6.2811,0,547
308,76,47,34,-13.262,6.2906,0,547.5
308,76,47,34.5,-13.268,6.2716,0,548
308,76,47,35,-13.259,6.2811,0,548.5
308,76,47,35.5,-13.268,6.2716,0,549
308,76,47,36,-13.255,6.2716,0,549.5
308,76,47,36.5,-13.255,6.2716,0,550
308,76,47,37,-13.265,6.2621,0,550.5
308,76,47,37.5,-13.255,6.2716,0,551
308,76,47,38,-13.275,6.2526,0,551.5
308,76,47,38.5,-13.285,6.2431,0,552
308,76,47,39,-13.285,6.2431,0,552.5
308,76,47,39.5,-13.285,6.2431,0,553
308,76,47,40,-13.285,6.2431,0,553.5
308,76,47,40.5,-13.295,6.2336,0,554
308,76,47,41,-13.285,6.2431,0,554.5
308,76,47,41.5,-13.281,6.2336,0,555
308,76,47,42,-13.278,6.2241,0,555.5
308,76,47,42.5,-13.305,6.2241,0,556
308,76,47,43,-13.278,6.2241,0,556.5
308,76,47,43.5,-13.278,6.2241,0,557
308,76,47,44,-13.288,6.2146,0,557.5
308,76,47,44.5,-13.298,6.2051,0,558
308,76,47,45,-13.288,6.2146,0,558.5
308,76,47,45.5,-13.288,6.2146,0,559
308,76,47,46,-13.308,6.1957,0,559.5
308,76,47,46.5,-13.298,6.2051,0,560
308,76,47,47,-13.304,6.1861,0,560.5
308,76,47,47.5,-13.318,6.1861,0,561
308,76,47,48,-13.318,6.1861,0,561.5
308,76,47,48.5,-13.308,6.1957,0,562
308,76,47,49,-13.304,6.1861,0,562.5
308,76,47,49.5,-13.304,6.1861,0,563
308,76,47,50,-13.291,6.1861,0,563.5
308,76,47,50.5,-13.301,6.1767,0,564
308,76,47,51,-13.311,6.1672,0,564.5
308,76,47,51.5,-13.324,6.1672,0,565
308,76,47,52,-13.321,6.1577,0,565.5
308,76,47,52.5,-13.301,6.1767,0,566
308,76,47,53,-13.311,6.1672,0,566.5
308,76,47,53.5,-13.321,6.1577,0,567
308,76,47,54,-13.331,6.1482,0,567.5
308,76,47,54.5,-13.331,6.1482,0,568
308,76,47,55,-13.331,6.1482,0,568.5
308,76,47,55.5,-13.331,6.1482,0,569
308,76,47,56,-13.304,6.1482,0,569.5
308,76,47,56.5,-13.331,6.1482,0,570
308,76,47,57,-13.317,6.1482,0,570.5
308,76,47,57.5,-13.327,6.1387,0,571
308,76,47,58,-13.314,6.1387,0,571.5
308,76,47,58.5,-13.314,6.1387,0,572
308,76,47,59,-13.324,6.1293,0,572.5
308,76,47,59.5,-13.334,6.1197,0,573
308,76,48,0,-13.334,6.1197,0,573.5
308,76,48,0.5,-13.317,6.1103,0,574
308,76,48,1,-13.32,6.1197,0,574.5
308,76,48,1.5,-13.317,6.1103,0,575
308,76,48,2,-13.307,6.1197,0,575.5
308,76,48,2.5,-13.327,6.1008,0,576
308,76,48,3,-13.327,6.1008,0,576.5
308,76,48,3.5,-13.317,6.1103,0,577
308,76,48,4,-13.327,6.1008,0,577.5
308,76,48,4.5,-13.327,6.1008,0,578
308,76,48,5,-13.347,6.0818,0,578.5
308,76,48,5.5,-13.347,6.0818,0,579
308,76,48,6,-13.333,6.0818,0,579.5
308,76,48,6.5,-13.337,6.0913,0,580
308,76,48,7,-13.343,6.0723,0,580.5
308,76,48,7.5,-13.343,6.0723,0,581
308,76,48,8,-13.32,6.0818,0,581.5
308,76,48,8.5,-13.343,6.0723,0,582
308,76,48,9,-13.317,6.0723,0,582.5
308,76,48,9.5,-13.327,6.0628,0,583
308,76,48,10,-13.327,6.0628,0,583.5
308,76,48,10.5,-13.313,6.0628,0,584
308,76,48,11,-13.323,6.0534,0,584.5
308,76,48,11.5,-13.323,6.0534,0,585
308,76,48,12,-13.323,6.0534,0,585.5
308,76,48,12.5,-13.333,6.0439,0,586
308,76,48,13,-13.333,6.0439,0,586.5
308,76,48,13.5,-13.353,6.0249,0,587
308,76,48,14,-13.353,6.0249,0,587.5
308,76,48,14.5,-13.353,6.0249,0,588
308,76,48,15,-13.343,6.0344,0,588.5
308,76,48,15.5,-13.353,6.0249,0,589
308,76,48,16,-13.353,6.0249,0,589.5
308,76,48,16.5,-13.349,6.0154,0,590
308,76,48,17,-13.346,6.006,0,590.5
308,76,48,17.5,-13.336,6.0154,0,591
308,76,48,18,-13.369,5.9964,0,591.5
308,76,48,18.5,-13.346,6.006,0,592
308,76,48,19,-13.356,5.9964,0,592.5
308,76,48,19.5,-13.356,5.9964,0,593
308,76,48,20,-13.356,5.9964,0,593.5
308,76,48,20.5,-13.356,5.9964,0,594
308,76,48,21,-13.353,5.987,0,594.5
308,76,48,21.5,-13.353,5.987,0,595
308,76,48,22,-13.362,5.9775,0,595.5
308,76,48,22.5,-13.362,5.9775,0,596
308,76,48,23,-13.353,5.987,0,596.5
308,76,48,23.5,-13.359,5.968,0,597
308,76,48,24,-13.349,5.9775,0,597.5
308,76,48,24.5,-13.349,5.9775,0,598
308,76,48,25,-13.359,5.968,0,598.5
308,76,48,25.5,-13.359,5.968,0,599
308,76,48,26,-13.359,5.968,0,599.5
308,76,48,26.5,-13.379,5.9491,0,600
308,76,48,27,-13.369,5.9586,0,600.5
308,76,48,27.5,-13.389,5.9396,0,601
308,76,48,28,-13.389,5.9396,0,601.5
308,76,48,28.5,-13.389,5.9396,0,602
308,76,48,29,-13.389,5.9396,0,602.5
308,76,48,29.5,-13.399,5.9301,0,603
308,76,48,30,-13.385,5.9301,0,603.5
308,76,48,30.5,-13.375,5.9396,0,604
308,76,48,31,-13.372,5.9301,0,604.5
308,76,48,31.5,-13.372,5.9301,0,605
308,76,48,32,-13.372,5.9301,0,605.5
308,76,48,32.5,-13.382,5.9206,0,606
308,76,48,33,-13.378,5.9112,0,606.5
308,76,48,33.5,-13.369,5.9206,0,607
308,76,48,34,-13.355,5.9206,0,607.5
308,76,48,34.5,-13.365,5.9112,0,608
308,76,48,35,-13.378,5.9112,0,608.5
308,76,48,35.5,-13.375,5.9017,0,609
308,76,48,36,-13.375,5.9017,0,609.5
308,76,48,36.5,-13.375,5.9017,0,610
308,76,48,37,-13.365,5.9112,0,610.5
308,76,48,37.5,-13.365,5.9112,0,611
308,76,48,38,-13.385,5.8922,0,611.5
308,76,48,38.5,-13.385,5.8922,0,612
308,76,48,39,-13.391,5.8732,0,612.5
308,76,48,39.5,-13.372,5.8922,0,613
308,76,48,40,-13.405,5.8732,0,613.5
308,76,48,40.5,-13.395,5.8827,0,614
308,76,48,41,-13.379,5.8723,0,614.5
308,76,48,41.5,-13.369,5.8818,0,615
308,76,48,42,-13.376,5.8629,0,615.5
308,76,48,42.5,-13.372,5.8534,0,616
308,76,48,43,-13.386,5.8534,0,616.5
308,76,48,43.5,-13.376,5.8629,0,617
308,76,48,44,-13.362,5.8629,0,617.5
308,76,48,44.5,-13.386,5.8534,0,618
308,76,48,45,-13.372,5.8534,0,618.5
308,76,48,45.5,-13.382,5.8439,0,619
308,76,48,46,-13.382,5.8439,0,619.5
308,76,48,46.5,-13.382,5.8439,0,620
308,76,48,47,-13.392,5.8344,0,620.5
308,76,48,47.5,-13.369,5.8439,0,621
308,76,48,48,-13.392,5.8344,0,621.5
308,76,48,48.5,-13.375,5.825,0,622
308,76,48,49,-13.389,5.825,0,622.5
308,76,48,49.5,-13.385,5.8155,0,623
308,76,48,50,-13.385,5.8155,0,623.5
308,76,48,50.5,-13.395,5.806,0,624
308,76,48,51,-13.385,5.8155,0,624.5
308,76,48,51.5,-13.395,5.806,0,625
308,76,48,52,-13.405,5.7965,0,625.5
308,76,48,52.5,-13.395,5.806,0,626
308,76,48,53,-13.395,5.806,0,626.5
308,76,48,53.5,-13.402,5.7871,0,627
308,76,48,54,-13.411,5.7776,0,627.5
308,76,48,54.5,-13.415,5.7871,0,628
308,76,48,55,-13.411,5.7776,0,628.5
308,76,48,55.5,-13.408,5.7681,0,629
308,76,48,56,-13.408,5.7681,0,629.5
308,76,48,56.5,-13.411,5.7776,0,630
308,76,48,57,-13.398,5.7776,0,630.5
308,76,48,57.5,-13.415,5.7492,0,631
308,76,48,58,-13.372,5.7776,0,631.5
308,76,48,58.5,-13.408,5.7681,0,632
308,76,48,59,-13.381,5.7681,0,632.5
308,76,48,59.5,-13.405,5.7587,0,633
308,76,49,0,-13.401,5.7492,0,633.5
308,76,49,0.5,-13.401,5.7492,0,634
308,76,49,1,-13.415,5.7492,0,634.5
308,76,49,1.5,-13.401,5.7492,0,635
308,76,49,2,-13.411,5.7397,0,635.5
308,76,49,2.5,-13.421,5.7302,0,636
308,76,49,3,-13.441,5.7113,0,636.5
308,76,49,3.5,-13.421,5.7302,0,637
308,76,49,4,-13.421,5.7302,0,637.5
308,76,49,4.5,-13.431,5.7208,0,638
308,76,49,5,-13.431,5.7208,0,638.5
308,76,49,5.5,-13.431,5.7208,0,639
308,76,49,6,-13.418,5.7208,0,639.5
308,76,49,6.5,-13.404,5.7208,0,640
308,76,49,7,-13.427,5.7113,0,640.5
308,76,49,7.5,-13.411,5.7018,0,641
308,76,49,8,-13.424,5.7018,0,641.5
308,76,49,8.5,-13.424,5.7018,0,642
308,76,49,9,-13.411,5.7018,0,642.5
308,76,49,9.5,-13.411,5.7018,0,643
308,76,49,10,-13.397,5.7018,0,643.5
308,76,49,10.5,-13.417,5.6829,0,644
308,76,49,11,-13.43,5.6829,0,644.5
308,76,49,11.5,-13.417,5.6829,0,645
308,76,49,12,-13.417,5.6829,0,645.5
308,76,49,12.5,-13.407,5.6924,0,646
308,76,49,13,-13.427,5.6734,0,646.5
308,76,49,13.5,-13.417,5.6829,0,647
308,76,49,14,-13.437,5.664,0,647.5
308,76,49,14.5,-13.437,5.664,0,648
308,76,49,15,-13.447,5.6545,0,648.5
308,76,49,15.5,-13.437,5.664,0,649
308,76,49,16,-13.424,5.664,0,649.5
308,76,49,16.5,-13.4,5.6734,0,650
308,76,49,17,-13.42,5.6545,0,650.5
308,76,49,17.5,-13.44,5.6356,0,651
308,76,49,18,-13.42,5.6545,0,651.5
308,76,49,18.5,-13.43,5.645,0,652
308,76,49,19,-13.43,5.645,0,652.5
308,76,49,19.5,-13.43,5.645,0,653
308,76,49,20,-13.43,5.645,0,653.5
308,76,49,20.5,-13.44,5.6356,0,654
308,76,49,21,-13.44,5.6356,0,654.5
308,76,49,21.5,-13.44,5.6356,0,655
308,76,49,22,-13.427,5.6356,0,655.5
308,76,49,22.5,-13.45,5.6261,0,656
308,76,49,23,-13.413,5.6356,0,656.5
308,76,49,23.5,-13.436,5.6261,0,657
308,76,49,24,-13.436,5.6261,0,657.5
308,76,49,24.5,-13.423,5.6261,0,658
308,76,49,25,-13.423,5.6261,0,658.5
308,76,49,25.5,-13.433,5.6166,0,659
308,76,49,26,-13.41,5.6261,0,659.5
308,76,49,26.5,-13.43,5.6072,0,660
308,76,49,27,-13.43,5.6072,0,660.5
308,76,49,27.5,-13.416,5.6072,0,661
308,76,49,28,-13.416,5.6072,0,661.5
308,76,49,28.5,-13.439,5.5977,0,662
308,76,49,29,-13.426,5.5977,0,662.5
308,76,49,29.5,-13.416,5.6072,0,663
308,76,49,30,-13.426,5.5977,0,663.5
308,76,49,30.5,-13.426,5.5977,0,664
308,76,49,31,-13.436,5.5882,0,664.5
308,76,49,31.5,-13.436,5.5882,0,665
308,76,49,32,-13.446,5.5788,0,665.5
308,76,49,32.5,-13.446,5.5788,0,666
308,76,49,33,-13.433,5.5788,0,666.5
308,76,49,33.5,-13.456,5.5693,0,667
308,76,49,34,-13.419,5.5788,0,667.5
308,76,49,34.5,-13.416,5.5693,0,668
308,76,49,35,-13.403,5.5693,0,668.5
308,76,49,35.5,-13.426,5.5598,0,669
308,76,49,36,-13.412,5.5598,0,669.5
308,76,49,36.5,-13.436,5.5504,0,670
308,76,49,37,-13.422,5.5504,0,670.5
308,76,49,37.5,-13.422,5.5504,0,671
308,76,49,38,-13.422,5.5504,0,671.5
308,76,49,38.5,-13.432,5.5409,0,672
308,76,49,39,-13.422,5.5504,0,672.5
308,76,49,39.5,-13.422,5.5504,0,673
308,76,49,40,-13.442,5.5315,0,673.5
308,76,49,40.5,-13.442,5.5315,0,674
308,76,49,41,-13.432,5.5409,0,674.5
308,76,49,41.5,-13.432,5.5409,0,675
308,76,49,42,-13.439,5.522,0,675.5
308,76,49,42.5,-13.452,5.522,0,676
308,76,49,43,-13.439,5.522,0,676.5
308,76,49,43.5,-13.415,5.5315,0,677
308,76,49,44,-13.435,5.5125,0,677.5
308,76,49,44.5,-13.422,5.5125,0,678
308,76,49,45,-13.425,5.522,0,678.5
308,76,49,45.5,-13.425,5.522,0,679
308,76,49,46,-13.408,5.5125,0,679.5
308,76,49,46.5,-13.412,5.522,0,680
308,76,49,47,-13.399,5.522,0,680.5
308,76,49,47.5,-13.418,5.5031,0,681
308,76,49,48,-13.418,5.5031,0,681.5
308,76,49,48.5,-13.408,5.5125,0,682
308,76,49,49,-13.408,5.5125,0,682.5
308,76,49,49.5,-13.418,5.5031,0,683
308,76,49,50,-13.418,5.5031,0,683.5
308,76,49,50.5,-13.418,5.5031,0,684
308,76,49,51,-13.408,5.5125,0,684.5
308,76,49,51.5,-13.402,5.4936,0,685
308,76,49,52,-13.425,5.4841,0,685.5
308,76,49,52.5,-13.428,5.4936,0,686
308,76,49,53,-13.421,5.4747,0,686.5
308,76,49,53.5,-13.438,5.4841,0,687
308,76,49,54,-13.421,5.4747,0,687.5
308,76,49,54.5,-13.421,5.4747,0,688
308,76,49,55,-13.421,5.4747,0,688.5
308,76,49,55.5,-13.421,5.4747,0,689
308,76,49,56,-13.441,5.4558,0,689.5
308,76,49,56.5,-13.431,5.4652,0,690
308,76,49,57,-13.428,5.4558,0,690.5
308,76,49,57.5,-13.431,5.4652,0,691
308,76,49,58,-13.428,5.4558,0,691.5
308,76,49,58.5,-13.414,5.4558,0,692
308,76,49,59,-13.414,5.4558,0,692.5
308,76,49,59.5,-13.414,5.4558,0,693
308,76,50,0,-13.424,5.4463,0,693.5
308,76,50,0.5,-13.414,5.4558,0,694
308,76,50,1,-13.424,5.4463,0,694.5
308,76,50,1.5,-13.434,5.4368,0,695
308,76,50,2,-13.444,5.4274,0,695.5
308,76,50,2.5,-13.444,5.4274,0,696
308,76,50,3,-13.434,5.4368,0,696.5
308,76,50,3.5,-13.434,5.4368,0,697
308,76,50,4,-13.421,5.4368,0,697.5
308,76,50,4.5,-13.431,5.4274,0,698
308,76,50,5,-13.441,5.4179,0,698.5
308,76,50,5.5,-13.444,5.4274,0,699
308,76,50,6,-13.441,5.4179,0,699.5
308,76,50,6.5,-13.427,5.4179,0,700
308,76,50,7,-13.427,5.4179,0,700.5
308,76,50,7.5,-13.411,5.4085,0,701
308,76,50,8,-13.411,5.4085,0,701.5
308,76,50,8.5,-13.42,5.399,0,702
308,76,50,9,-13.444,5.3896,0,702.5
308,76,50,9.5,-13.411,5.4085,0,703
308,76,50,10,-13.42,5.399,0,703.5
308,76,50,10.5,-13.42,5.399,0,704
308,76,50,11,-13.42,5.399,0,704.5
308,76,50,11.5,-13.42,5.399,0,705
308,76,50,12,-13.42,5.399,0,705.5
308,76,50,12.5,-13.42,5.399,0,706
308,76,50,13,-13.42,5.399,0,706.5
308,76,50,13.5,-13.407,5.399,0,707
308,76,50,14,-13.44,5.3801,0,707.5
308,76,50,14.5,-13.44,5.3801,0,708
308,76,50,15,-13.417,5.3896,0,708.5
308,76,50,15.5,-13.417,5.3896,0,709
308,76,50,16,-13.4,5.3801,0,709.5
308,76,50,16.5,-13.413,5.3801,0,710
308,76,50,17,-13.377,5.3896,0,710.5
308,76,50,17.5,-13.387,5.3801,0,711
308,76,50,18,-13.387,5.3801,0,711.5
308,76,50,18.5,-13.387,5.3801,0,712
308,76,50,19,-13.377,5.3896,0,712.5
308,76,50,19.5,-13.387,5.3801,0,713
308,76,50,20,-13.377,5.3896,0,713.5
308,76,50,20.5,-13.397,5.3706,0,714
308,76,50,21,-13.397,5.3706,0,714.5
308,76,50,21.5,-13.397,5.3706,0,715
308,76,50,22,-13.397,5.3706,0,715.5
308,76,50,22.5,-13.397,5.3706,0,716
308,76,50,23,-13.397,5.3706,0,716.5
308,76,50,23.5,-13.397,5.3706,0,717
308,76,50,24,-13.407,5.3612,0,717.5
308,76,50,24.5,-13.393,5.3612,0,718
308,76,50,25,-13.37,5.3706,0,718.5
308,76,50,25.5,-13.403,5.3517,0,719
308,76,50,26,-13.393,5.3612,0,719.5
308,76,50,26.5,-13.39,5.3517,0,720
308,76,50,27,-13.377,5.3517,0,720.5
308,76,50,27.5,-13.367,5.3612,0,721
308,76,50,28,-13.373,5.3423,0,721.5
308,76,50,28.5,-13.4,5.3423,0,722
308,76,50,29,-13.396,5.3328,0,722.5
308,76,50,29.5,-13.383,5.3328,0,723
308,76,50,30,-13.373,5.3423,0,723.5
308,76,50,30.5,-13.396,5.3328,0,724
308,76,50,31,-13.393,5.3234,0,724.5
308,76,50,31.5,-13.403,5.3139,0,725
308,76,50,32,-13.399,5.3045,0,725.5
308,76,50,32.5,-13.379,5.3234,0,726
308,76,50,33,-13.403,5.3139,0,726.5
308,76,50,33.5,-13.393,5.3234,0,727
308,76,50,34,-13.389,5.3139,0,727.5
308,76,50,34.5,-13.412,5.3045,0,728
308,76,50,35,-13.399,5.3045,0,728.5
308,76,50,35.5,-13.409,5.295,0,729
308,76,50,36,-13.396,5.295,0,729.5
308,76,50,36.5,-13.406,5.2856,0,730
308,76,50,37,-13.406,5.2856,0,730.5
308,76,50,37.5,-13.415,5.2761,0,731
308,76,50,38,-13.415,5.2761,0,731.5
308,76,50,38.5,-13.415,5.2761,0,732
308,76,50,39,-13.406,5.2856,0,732.5
308,76,50,39.5,-13.415,5.2761,0,733
308,76,50,40,-13.412,5.2667,0,733.5
308,76,50,40.5,-13.399,5.2667,0,734
308,76,50,41,-13.412,5.2667,0,734.5
308,76,50,41.5,-13.422,5.2572,0,735
308,76,50,42,-13.432,5.2477,0,735.5
308,76,50,42.5,-13.399,5.2667,0,736
308,76,50,43,-13.418,5.2477,0,736.5
308,76,50,43.5,-13.418,5.2477,0,737
308,76,50,44,-13.409,5.2572,0,737.5
308,76,50,44.5,-13.418,5.2477,0,738
308,76,50,45,-13.409,5.2572,0,738.5
308,76,50,45.5,-13.418,5.2477,0,739
308,76,50,46,-13.405,5.2477,0,739.5
308,76,50,46.5,-13.418,5.2477,0,740
308,76,50,47,-13.418,5.2477,0,740.5
308,76,50,47.5,-13.405,5.2477,0,741
308,76,50,48,-13.428,5.2383,0,741.5
308,76,50,48.5,-13.415,5.2383,0,742
308,76,50,49,-13.392,5.2477,0,742.5
308,76,50,49.5,-13.415,5.2383,0,743
308,76,50,50,-13.378,5.2477,0,743.5
308,76,50,50.5,-13.402,5.2383,0,744
308,76,50,51,-13.375,5.2383,0,744.5
308,76,50,51.5,-13.431,5.2099,0,745
308,76,50,52,-13.421,5.2194,0,745.5
308,76,50,52.5,-13.405,5.2099,0,746
308,76,50,53,-13.408,5.2194,0,746.5
308,76,50,53.5,-13.421,5.2194,0,747
308,76,50,54,-13.408,5.2194,0,747.5
308,76,50,54.5,-13.414,5.2005,0,748
308,76,50,55,-13.395,5.2194,0,748.5
308,76,50,55.5,-13.414,5.2005,0,749
308,76,50,56,-13.424,5.191,0,749.5
308,76,50,56.5,-13.414,5.2005,0,750
308,76,50,57,-13.424,5.191,0,750.5
308,76,50,57.5,-13.414,5.2005,0,751
308,76,50,58,-13.424,5.191,0,751.5
308,76,50,58.5,-13.434,5.1816,0,752
308,76,50,59,-13.411,5.191,0,752.5
308,76,50,59.5,-13.421,5.1816,0,753
308,76,51,0,-13.434,5.1816,0,753.5
308,76,51,0.5,-13.394,5.1816,0,754
308,76,51,1,-13.404,5.1721,0,754.5
308,76,51,1.5,-13.404,5.1721,0,755
308,76,51,2,-13.401,5.1627,0,755.5
308,76,51,2.5,-13.391,5.1721,0,756
308,76,51,3,-13.391,5.1721,0,756.5
308,76,51,3.5,-13.401,5.1627,0,757
308,76,51,4,-13.41,5.1533,0,757.5
308,76,51,4.5,-13.401,5.1627,0,758
308,76,51,5,-13.401,5.1627,0,758.5
308,76,51,5.5,-13.41,5.1533,0,759
308,76,51,6,-13.42,5.1438,0,759.5
308,76,51,6.5,-13.41,5.1533,0,760
308,76,51,7,-13.42,5.1438,0,760.5
308,76,51,7.5,-13.43,5.1343,0,761
308,76,51,8,-13.42,5.1438,0,761.5
308,76,51,8.5,-13.42,5.1438,0,762
308,76,51,9,-13.407,5.1438,0,762.5
308,76,51,9.5,-13.427,5.1249,0,763
308,76,51,10,-13.394,5.1438,0,763.5
308,76,51,10.5,-13.403,5.1343,0,764
308,76,51,11,-13.403,5.1343,0,764.5
308,76,51,11.5,-13.403,5.1343,0,765
308,76,51,12,-13.413,5.1249,0,765.5
308,76,51,12.5,-13.413,5.1249,0,766
308,76,51,13,-13.397,5.1155,0,766.5
308,76,51,13.5,-13.413,5.1249,0,767
308,76,51,14,-13.42,5.106,0,767.5
308,76,51,14.5,-13.397,5.1155,0,768
308,76,51,15,-13.416,5.0966,0,768.5
308,76,51,15.5,-13.42,5.106,0,769
308,76,51,16,-13.416,5.0966,0,769.5
308,76,51,16.5,-13.406,5.106,0,770
308,76,51,17,-13.416,5.0966,0,770.5
308,76,51,17.5,-13.426,5.0871,0,771
308,76,51,18,-13.436,5.0777,0,771.5
308,76,51,18.5,-13.416,5.0966,0,772
308,76,51,19,-13.426,5.0871,0,772.5
308,76,51,19.5,-13.426,5.0871,0,773
308,76,51,20,-13.436,5.0777,0,773.5
308,76,51,20.5,-13.436,5.0777,0,774
308,76,51,21,-13.413,5.0871,0,774.5
308,76,51,21.5,-13.423,5.0777,0,775
308,76,51,22,-13.423,5.0777,0,775.5
308,76,51,22.5,-13.432,5.0682,0,776
308,76,51,23,-13.409,5.0777,0,776.5
308,76,51,23.5,-13.429,5.0588,0,777
308,76,51,24,-13.429,5.0588,0,777.5
308,76,51,24.5,-13.419,5.0682,0,778
308,76,51,25,-13.396,5.0777,0,778.5
308,76,51,25.5,-13.416,5.0588,0,779
308,76,51,26,-13.425,5.0493,0,779.5
308,76,51,26.5,-13.422,5.0399,0,780
308,76,51,27,-13.412,5.0493,0,780.5
308,76,51,27.5,-13.422,5.0399,0,781
308,76,51,28,-13.455,5.021,0,781.5
308,76,51,28.5,-13.442,5.021,0,782
308,76,51,29,-13.465,5.0116,0,782.5
308,76,51,29.5,-13.442,5.021,0,783
308,76,51,30,-13.442,5.021,0,783.5
308,76,51,30.5,-13.452,5.0116,0,784
308,76,51,31,-13.428,5.021,0,784.5
308,76,51,31.5,-13.442,5.021,0,785
308,76,51,32,-13.461,5.0021,0,785.5
308,76,51,32.5,-13.435,5.0021,0,786
308,76,51,33,-13.425,5.0116,0,786.5
308,76,51,33.5,-13.435,5.0021,0,787
308,76,51,34,-13.435,5.0021,0,787.5
308,76,51,34.5,-13.435,5.0021,0,788
308,76,51,35,-13.468,4.9832,0,788.5
308,76,51,35.5,-13.441,4.9832,0,789
308,76,51,36,-13.441,4.9832,0,789.5
308,76,51,36.5,-13.451,4.9738,0,790
308,76,51,37,-13.439,4.9732,0,790.5
308,76,51,37.5,-13.439,4.9732,0,791
308,76,51,38,-13.439,4.9732,0,791.5
308,76,51,38.5,-13.459,4.9544,0,792
308,76,51,39,-13.449,4.9638,0,792.5
308,76,51,39.5,-13.432,4.9544,0,793
308,76,51,40,-13.442,4.9449,0,793.5
308,76,51,40.5,-13.455,4.9449,0,794
308,76,51,41,-13.432,4.9544,0,794.5
308,76,51,41.5,-13.452,4.9355,0,795
308,76,51,42,-13.442,4.9449,0,795.5
308,76,51,42.5,-13.452,4.9355,0,796
308,76,51,43,-13.462,4.926,0,796.5
308,76,51,43.5,-13.442,4.9449,0,797
308,76,51,44,-13.448,4.926,0,797.5
308,76,51,44.5,-13.452,4.9355,0,798
308,76,51,45,-13.462,4.926,0,798.5
308,76,51,45.5,-13.462,4.926,0,799
308,76,51,46,-13.435,4.926,0,799.5
308,76,51,46.5,-13.458,4.9166,0,800
308,76,51,47,-13.445,4.9166,0,800.5
308,76,51,47.5,-13.455,4.9072,0,801
308,76,51,48,-13.464,4.8977,0,801.5
308,76,51,48.5,-13.464,4.8977,0,802
308,76,51,49,-13.455,4.9072,0,802.5
308,76,51,49.5,-13.464,4.8977,0,803
308,76,51,50,-13.464,4.8977,0,803.5
308,76,51,50.5,-13.448,4.8883,0,804
308,76,51,51,-13.484,4.8788,0,804.5
308,76,51,51.5,-13.461,4.8883,0,805
308,76,51,52,-13.471,4.8788,0,805.5
308,76,51,52.5,-13.467,4.8694,0,806
308,76,51,53,-13.467,4.8694,0,806.5
308,76,51,53.5,-13.481,4.8694,0,807
308,76,51,54,-13.481,4.8694,0,807.5
308,76,51,54.5,-13.467,4.8694,0,808
308,76,51,55,-13.464,4.86,0,808.5
308,76,51,55.5,-13.464,4.86,0,809
308,76,51,56,-13.46,4.8505,0,809.5
308,76,51,56.5,-13.497,4.8411,0,810
308,76,51,57,-13.46,4.8505,0,810.5
308,76,51,57.5,-13.46,4.8505,0,811
308,76,51,58,-13.47,4.8411,0,811.5
308,76,51,58.5,-13.46,4.8505,0,812
308,76,51,59,-13.46,4.8505,0,812.5
308,76,51,59.5,-13.48,4.8316,0,813
308,76,52,0,-13.48,4.8316,0,813.5
308,76,52,0.5,-13.49,4.8222,0,814
308,76,52,1,-13.48,4.8316,0,814.5
308,76,52,1.5,-13.49,4.8222,0,815
308,76,52,2,-13.51,4.8033,0,815.5
308,76,52,2.5,-13.5,4.8128,0,816
308,76,52,3,-13.473,4.8128,0,816.5
308,76,52,3.5,-13.486,4.8128,0,817
308,76,52,4,-13.496,4.8033,0,817.5
308,76,52,4.5,-13.483,4.8033,0,818
308,76,52,5,-13.493,4.7939,0,818.5
308,76,52,5.5,-13.493,4.7939,0,819
308,76,52,6,-13.493,4.7939,0,819.5
308,76,52,6.5,-13.503,4.7845,0,820
308,76,52,7,-13.503,4.7845,0,820.5
308,76,52,7.5,-13.489,4.7845,0,821
308,76,52,8,-13.503,4.7845,0,821.5
308,76,52,8.5,-13.512,4.775,0,822
308,76,52,9,-13.496,4.7656,0,822.5
308,76,52,9.5,-13.496,4.7656,0,823
308,76,52,10,-13.486,4.775,0,823.5
308,76,52,10.5,-13.505,4.7562,0,824
308,76,52,11,-13.496,4.7656,0,824.5
308,76,52,11.5,-13.515,4.7467,0,825
308,76,52,12,-13.505,4.7562,0,825.5
308,76,52,12.5,-13.515,4.7467,0,826
308,76,52,13,-13.505,4.7562,0,826.5
308,76,52,13.5,-13.525,4.7373,0,827
308,76,52,14,-13.512,4.7373,0,827.5
308,76,52,14.5,-13.535,4.7279,0,828
308,76,52,15,-13.522,4.7279,0,828.5
308,76,52,15.5,-13.531,4.7184,0,829
308,76,52,16,-13.518,4.7184,0,829.5
308,76,52,16.5,-13.518,4.7184,0,830
308,76,52,17,-13.528,4.709,0,830.5
308,76,52,17.5,-13.515,4.709,0,831
308,76,52,18,-13.528,4.709,0,831.5
308,76,52,18.5,-13.538,4.6996,0,832
308,76,52,19,-13.528,4.709,0,832.5
308,76,52,19.5,-13.524,4.6996,0,833
308,76,52,20,-13.548,4.6901,0,833.5
308,76,52,20.5,-13.521,4.6901,0,834
308,76,52,21,-13.521,4.6901,0,834.5
308,76,52,21.5,-13.521,4.6901,0,835
308,76,52,22,-13.521,4.6901,0,835.5
308,76,52,22.5,-13.531,4.6807,0,836
308,76,52,23,-13.517,4.6807,0,836.5
308,76,52,23.5,-13.541,4.6712,0,837
308,76,52,24,-13.517,4.6807,0,837.5
308,76,52,24.5,-13.514,4.6712,0,838
308,76,52,25,-13.527,4.6712,0,838.5
308,76,52,25.5,-13.527,4.6712,0,839
308,76,52,26,-13.524,4.6618,0,839.5
308,76,52,26.5,-13.547,4.6524,0,840
308,76,52,27,-13.511,4.6618,0,840.5
308,76,52,27.5,-13.52,4.6524,0,841
308,76,52,28,-13.52,4.6524,0,841.5
308,76,52,28.5,-13.52,4.6524,0,842
308,76,52,29,-13.511,4.6618,0,842.5
308,76,52,29.5,-13.54,4.6335,0,843
308,76,52,30,-13.517,4.643,0,843.5
308,76,52,30.5,-13.53,4.643,0,844
308,76,52,31,-13.527,4.6335,0,844.5
308,76,52,31.5,-13.504,4.643,0,845
308,76,52,32,-13.546,4.6147,0,845.5
308,76,52,32.5,-13.536,4.6241,0,846
308,76,52,33,-13.546,4.6147,0,846.5
308,76,52,33.5,-13.51,4.6241,0,847
308,76,52,34,-13.52,4.6147,0,847.5
308,76,52,34.5,-13.51,4.6241,0,848
308,76,52,35,-13.52,4.6147,0,848.5
308,76,52,35.5,-13.539,4.5958,0,849
308,76,52,36,-13.529,4.6052,0,849.5
308,76,52,36.5,-13.529,4.6052,0,850
308,76,52,37,-13.539,4.5958,0,850.5
308,76,52,37.5,-13.549,4.5864,0,851
308,76,52,38,-13.536,4.5864,0,851.5
308,76,52,38.5,-13.546,4.577,0,852
308,76,52,39,-13.516,4.6052,0,852.5
308,76,52,39.5,-13.546,4.577,0,853
308,76,52,40,-13.542,4.5675,0,853.5
308,76,52,40.5,-13.546,4.577,0,854
308,76,52,41,-13.532,4.577,0,854.5
308,76,52,41.5,-13.532,4.577,0,855
308,76,52,42,-13.532,4.577,0,855.5
308,76,52,42.5,-13.532,4.577,0,856
308,76,52,43,-13.509,4.5864,0,856.5
308,76,52,43.5,-13.525,4.5581,0,857
308,76,52,44,-13.516,4.5675,0,857.5
308,76,52,44.5,-13.516,4.5675,0,858
308,76,52,45,-13.516,4.5675,0,858.5
308,76,52,45.5,-13.516,4.5675,0,859
308,76,52,46,-13.516,4.5675,0,859.5
308,76,52,46.5,-13.535,4.5487,0,860
308,76,52,47,-13.535,4.5487,0,860.5
308,76,52,47.5,-13.535,4.5487,0,861
308,76,52,48,-13.555,4.5298,0,861.5
308,76,52,48.5,-13.535,4.5487,0,862
308,76,52,49,-13.555,4.5298,0,862.5
308,76,52,49.5,-13.545,4.5393,0,863
308,76,52,50,-13.535,4.5487,0,863.5
308,76,52,50.5,-13.541,4.5298,0,864
308,76,52,51,-13.545,4.5393,0,864.5
308,76,52,51.5,-13.538,4.5204,0,865
308,76,52,52,-13.538,4.5204,0,865.5
308,76,52,52.5,-13.548,4.511,0,866
308,76,52,53,-13.548,4.511,0,866.5
308,76,52,53.5,-13.548,4.511,0,867
308,76,52,54,-13.548,4.511,0,867.5
308,76,52,54.5,-13.567,4.4921,0,868
308,76,52,55,-13.567,4.4921,0,868.5
308,76,52,55.5,-13.548,4.511,0,869
308,76,52,56,-13.558,4.5015,0,869.5
308,76,52,56.5,-13.564,4.4827,0,870
308,76,52,57,-13.551,4.4827,0,870.5
308,76,52,57.5,-13.564,4.4827,0,871
308,76,52,58,-13.541,4.4921,0,871.5
308,76,52,58.5,-13.56,4.4733,0,872
308,76,52,59,-13.551,4.4827,0,872.5
308,76,52,59.5,-13.537,4.4827,0,873
308,76,53,0,-13.551,4.4827,0,873.5
308,76,53,0.5,-13.56,4.4733,0,874
308,76,53,1,-13.534,4.4733,0,874.5
308,76,53,1.5,-13.544,4.4638,0,875
308,76,53,2,-13.544,4.4638,0,875.5
308,76,53,2.5,-13.53,4.4638,0,876
308,76,53,3,-13.53,4.4638,0,876.5
308,76,53,3.5,-13.544,4.4638,0,877
308,76,53,4,-13.553,4.4544,0,877.5
308,76,53,4.5,-13.54,4.4544,0,878
308,76,53,5,-13.517,4.4638,0,878.5
308,76,53,5.5,-13.527,4.4544,0,879
308,76,53,6,-13.546,4.4356,0,879.5
308,76,53,6.5,-13.537,4.445,0,880
308,76,53,7,-13.546,4.4356,0,880.5
308,76,53,7.5,-13.546,4.4356,0,881
308,76,53,8,-13.566,4.4167,0,881.5
308,76,53,8.5,-13.556,4.4261,0,882
308,76,53,9,-13.556,4.4261,0,882.5
308,76,53,9.5,-13.546,4.4356,0,883
308,76,53,10,-13.566,4.4167,0,883.5
308,76,53,10.5,-13.566,4.4167,0,884
308,76,53,11,-13.543,4.4261,0,884.5
308,76,53,11.5,-13.553,4.4167,0,885
308,76,53,12,-13.556,4.4261,0,885.5
308,76,53,12.5,-13.53,4.4261,0,886
308,76,53,13,-13.543,4.4261,0,886.5
308,76,53,13.5,-13.503,4.4261,0,887
308,76,53,14,-13.516,4.4261,0,887.5
308,76,53,14.5,-13.513,4.4167,0,888
308,76,53,15,-13.523,4.4073,0,888.5
308,76,53,15.5,-13.523,4.4073,0,889
308,76,53,16,-13.513,4.4167,0,889.5
308,76,53,16.5,-13.523,4.4073,0,890
308,76,53,17,-13.523,4.4073,0,890.5
308,76,53,17.5,-13.523,4.4073,0,891
308,76,53,18,-13.523,4.4073,0,891.5
308,76,53,18.5,-13.523,4.4073,0,892
308,76,53,19,-13.532,4.3979,0,892.5
308,76,53,19.5,-13.532,4.3979,0,893
308,76,53,20,-13.532,4.3979,0,893.5
308,76,53,20.5,-13.532,4.3979,0,894
308,76,53,21,-13.542,4.3884,0,894.5
308,76,53,21.5,-13.542,4.3884,0,895
308,76,53,22,-13.542,4.3884,0,895.5
308,76,53,22.5,-13.542,4.3884,0,896
308,76,53,23,-13.532,4.3979,0,896.5
308,76,53,23.5,-13.552,4.379,0,897
308,76,53,24,-13.542,4.3884,0,897.5
308,76,53,24.5,-13.542,4.3884,0,898
308,76,53,25,-13.552,4.379,0,898.5
308,76,53,25.5,-13.525,4.379,0,899
308,76,53,26,-13.525,4.379,0,899.5
308,76,53,26.5,-13.545,4.3602,0,900
